<?xml version="1.0" encoding="UTF-8"?>
<gpx creator="Garmin Connect" version="1.1"
  xsi:schemaLocation="http://www.topografix.com/GPX/1/1 http://www.topografix.com/GPX/11.xsd"
  xmlns:ns3="http://www.garmin.com/xmlschemas/TrackPointExtension/v1"
  xmlns="http://www.topografix.com/GPX/1/1"
  xmlns:xsi="http://www.w3.org/2001/XMLSchema-instance" xmlns:ns2="http://www.garmin.com/xmlschemas/GpxExtensions/v3">
  <metadata>
    <link href="connect.garmin.com">
      <text>Garmin Connect</text>
    </link>
    <time>2026-05-13T23:20:32.000Z</time>
  </metadata>
  <trk>
    <name>Tabanan Surfing</name>
    <type>surfing_v2</type>
    <trkseg>
      <trkpt lat="-8.5871637426316738128662109375" lon="115.0640981085598468780517578125">
        <time>2026-05-13T23:20:33.000Z</time>
        <extensions>
          <ns3:TrackPointExtension>
            <ns3:hr>86</ns3:hr>
          </ns3:TrackPointExtension>
        </extensions>
      </trkpt>
      <trkpt lat="-8.587162904441356658935546875" lon="115.06410062313079833984375">
        <time>2026-05-13T23:20:34.000Z</time>
        <extensions>
          <ns3:TrackPointExtension>
            <ns3:hr>85</ns3:hr>
          </ns3:TrackPointExtension>
        </extensions>
      </trkpt>
      <trkpt lat="-8.5871617309749126434326171875" lon="115.06409836001694202423095703125">
        <time>2026-05-13T23:20:35.000Z</time>
        <extensions>
          <ns3:TrackPointExtension>
            <ns3:hr>86</ns3:hr>
          </ns3:TrackPointExtension>
        </extensions>
      </trkpt>
      <trkpt lat="-8.58716164715588092803955078125" lon="115.0640994496643543243408203125">
        <time>2026-05-13T23:20:36.000Z</time>
        <extensions>
          <ns3:TrackPointExtension>
            <ns3:hr>86</ns3:hr>
          </ns3:TrackPointExtension>
        </extensions>
      </trkpt>
      <trkpt lat="-8.58716256916522979736328125" lon="115.06409802474081516265869140625">
        <time>2026-05-13T23:20:37.000Z</time>
        <extensions>
          <ns3:TrackPointExtension>
            <ns3:hr>86</ns3:hr>
          </ns3:TrackPointExtension>
        </extensions>
      </trkpt>
      <trkpt lat="-8.5871624015271663665771484375" lon="115.06409366615116596221923828125">
        <time>2026-05-13T23:20:38.000Z</time>
        <extensions>
          <ns3:TrackPointExtension>
            <ns3:hr>86</ns3:hr>
          </ns3:TrackPointExtension>
        </extensions>
      </trkpt>
      <trkpt lat="-8.5871630720794200897216796875" lon="115.06409148685634136199951171875">
        <time>2026-05-13T23:20:39.000Z</time>
        <extensions>
          <ns3:TrackPointExtension>
            <ns3:hr>86</ns3:hr>
          </ns3:TrackPointExtension>
        </extensions>
      </trkpt>
      <trkpt lat="-8.5871660895645618438720703125" lon="115.06408746354281902313232421875">
        <time>2026-05-13T23:20:40.000Z</time>
        <extensions>
          <ns3:TrackPointExtension>
            <ns3:hr>86</ns3:hr>
          </ns3:TrackPointExtension>
        </extensions>
      </trkpt>
      <trkpt lat="-8.58717086724936962127685546875" lon="115.06408377550542354583740234375">
        <time>2026-05-13T23:20:41.000Z</time>
        <extensions>
          <ns3:TrackPointExtension>
            <ns3:hr>85</ns3:hr>
          </ns3:TrackPointExtension>
        </extensions>
      </trkpt>
      <trkpt lat="-8.58717338182032108306884765625" lon="115.06407891400158405303955078125">
        <time>2026-05-13T23:20:42.000Z</time>
        <extensions>
          <ns3:TrackPointExtension>
            <ns3:hr>85</ns3:hr>
          </ns3:TrackPointExtension>
        </extensions>
      </trkpt>
      <trkpt lat="-8.58717455528676509857177734375" lon="115.06407304666936397552490234375">
        <time>2026-05-13T23:20:43.000Z</time>
        <extensions>
          <ns3:TrackPointExtension>
            <ns3:hr>84</ns3:hr>
          </ns3:TrackPointExtension>
        </extensions>
      </trkpt>
      <trkpt lat="-8.58717556111514568328857421875" lon="115.0640722922980785369873046875">
        <time>2026-05-13T23:20:44.000Z</time>
        <extensions>
          <ns3:TrackPointExtension>
            <ns3:hr>84</ns3:hr>
          </ns3:TrackPointExtension>
        </extensions>
      </trkpt>
      <trkpt lat="-8.58717338182032108306884765625" lon="115.06407271139323711395263671875">
        <time>2026-05-13T23:20:45.000Z</time>
        <extensions>
          <ns3:TrackPointExtension>
            <ns3:hr>84</ns3:hr>
          </ns3:TrackPointExtension>
        </extensions>
      </trkpt>
      <trkpt lat="-8.58717866241931915283203125" lon="115.0640709511935710906982421875">
        <time>2026-05-13T23:20:46.000Z</time>
        <extensions>
          <ns3:TrackPointExtension>
            <ns3:hr>84</ns3:hr>
          </ns3:TrackPointExtension>
        </extensions>
      </trkpt>
      <trkpt lat="-8.58718394301831722259521484375" lon="115.064071118831634521484375">
        <time>2026-05-13T23:20:47.000Z</time>
        <extensions>
          <ns3:TrackPointExtension>
            <ns3:hr>82</ns3:hr>
          </ns3:TrackPointExtension>
        </extensions>
      </trkpt>
      <trkpt lat="-8.58718779869377613067626953125" lon="115.0640629045665264129638671875">
        <time>2026-05-13T23:20:48.000Z</time>
        <extensions>
          <ns3:TrackPointExtension>
            <ns3:hr>83</ns3:hr>
          </ns3:TrackPointExtension>
        </extensions>
      </trkpt>
      <trkpt lat="-8.58719266019761562347412109375" lon="115.064056701958179473876953125">
        <time>2026-05-13T23:20:49.000Z</time>
        <extensions>
          <ns3:TrackPointExtension>
            <ns3:hr>83</ns3:hr>
          </ns3:TrackPointExtension>
        </extensions>
      </trkpt>
      <trkpt lat="-8.5871955938637256622314453125" lon="115.06405360065400600433349609375">
        <time>2026-05-13T23:20:50.000Z</time>
        <extensions>
          <ns3:TrackPointExtension>
            <ns3:hr>83</ns3:hr>
          </ns3:TrackPointExtension>
        </extensions>
      </trkpt>
      <trkpt lat="-8.58719936572015285491943359375" lon="115.06404723040759563446044921875">
        <time>2026-05-13T23:20:51.000Z</time>
        <extensions>
          <ns3:TrackPointExtension>
            <ns3:hr>81</ns3:hr>
          </ns3:TrackPointExtension>
        </extensions>
      </trkpt>
      <trkpt lat="-8.587200455367565155029296875" lon="115.06404002197086811065673828125">
        <time>2026-05-13T23:20:52.000Z</time>
        <extensions>
          <ns3:TrackPointExtension>
            <ns3:hr>82</ns3:hr>
          </ns3:TrackPointExtension>
        </extensions>
      </trkpt>
      <trkpt lat="-8.58720146119594573974609375" lon="115.06403398700058460235595703125">
        <time>2026-05-13T23:20:53.000Z</time>
        <extensions>
          <ns3:TrackPointExtension>
            <ns3:hr>85</ns3:hr>
          </ns3:TrackPointExtension>
        </extensions>
      </trkpt>
      <trkpt lat="-8.5872012935578823089599609375" lon="115.06402610801160335540771484375">
        <time>2026-05-13T23:20:54.000Z</time>
        <extensions>
          <ns3:TrackPointExtension>
            <ns3:hr>84</ns3:hr>
          </ns3:TrackPointExtension>
        </extensions>
      </trkpt>
      <trkpt lat="-8.58720154501497745513916015625" lon="115.06402778439223766326904296875">
        <time>2026-05-13T23:20:55.000Z</time>
        <extensions>
          <ns3:TrackPointExtension>
            <ns3:hr>81</ns3:hr>
          </ns3:TrackPointExtension>
        </extensions>
      </trkpt>
      <trkpt lat="-8.58720221556723117828369140625" lon="115.0640323944389820098876953125">
        <time>2026-05-13T23:20:56.000Z</time>
        <extensions>
          <ns3:TrackPointExtension>
            <ns3:hr>83</ns3:hr>
          </ns3:TrackPointExtension>
        </extensions>
      </trkpt>
      <trkpt lat="-8.58720590360462665557861328125" lon="115.06403415463864803314208984375">
        <time>2026-05-13T23:20:57.000Z</time>
        <extensions>
          <ns3:TrackPointExtension>
            <ns3:hr>84</ns3:hr>
          </ns3:TrackPointExtension>
        </extensions>
      </trkpt>
      <trkpt lat="-8.58720573596656322479248046875" lon="115.06403415463864803314208984375">
        <time>2026-05-13T23:20:58.000Z</time>
        <extensions>
          <ns3:TrackPointExtension>
            <ns3:hr>86</ns3:hr>
          </ns3:TrackPointExtension>
        </extensions>
      </trkpt>
      <trkpt lat="-8.58721948228776454925537109375" lon="115.06402627564966678619384765625">
        <time>2026-05-13T23:20:59.000Z</time>
        <extensions>
          <ns3:TrackPointExtension>
            <ns3:hr>87</ns3:hr>
          </ns3:TrackPointExtension>
        </extensions>
      </trkpt>
      <trkpt lat="-8.58723121695220470428466796875" lon="115.06401546299457550048828125">
        <time>2026-05-13T23:21:00.000Z</time>
        <extensions>
          <ns3:TrackPointExtension>
            <ns3:hr>86</ns3:hr>
          </ns3:TrackPointExtension>
        </extensions>
      </trkpt>
      <trkpt lat="-8.58724110759794712066650390625" lon="115.06401554681360721588134765625">
        <time>2026-05-13T23:21:01.000Z</time>
        <extensions>
          <ns3:TrackPointExtension>
            <ns3:hr>84</ns3:hr>
          </ns3:TrackPointExtension>
        </extensions>
      </trkpt>
      <trkpt lat="-8.5872485674917697906494140625" lon="115.0640183128416538238525390625">
        <time>2026-05-13T23:21:02.000Z</time>
        <extensions>
          <ns3:TrackPointExtension>
            <ns3:hr>85</ns3:hr>
          </ns3:TrackPointExtension>
        </extensions>
      </trkpt>
      <trkpt lat="-8.58725066296756267547607421875" lon="115.0640169717371463775634765625">
        <time>2026-05-13T23:21:03.000Z</time>
        <extensions>
          <ns3:TrackPointExtension>
            <ns3:hr>87</ns3:hr>
          </ns3:TrackPointExtension>
        </extensions>
      </trkpt>
      <trkpt lat="-8.587249405682086944580078125" lon="115.06402074359357357025146484375">
        <time>2026-05-13T23:21:04.000Z</time>
        <extensions>
          <ns3:TrackPointExtension>
            <ns3:hr>89</ns3:hr>
          </ns3:TrackPointExtension>
        </extensions>
      </trkpt>
      <trkpt lat="-8.587252758443355560302734375" lon="115.06402225233614444732666015625">
        <time>2026-05-13T23:21:05.000Z</time>
        <extensions>
          <ns3:TrackPointExtension>
            <ns3:hr>89</ns3:hr>
          </ns3:TrackPointExtension>
        </extensions>
      </trkpt>
      <trkpt lat="-8.58725636266171932220458984375" lon="115.0640240125358104705810546875">
        <time>2026-05-13T23:21:06.000Z</time>
        <extensions>
          <ns3:TrackPointExtension>
            <ns3:hr>91</ns3:hr>
          </ns3:TrackPointExtension>
        </extensions>
      </trkpt>
      <trkpt lat="-8.587258793413639068603515625" lon="115.06402828730642795562744140625">
        <time>2026-05-13T23:21:07.000Z</time>
        <extensions>
          <ns3:TrackPointExtension>
            <ns3:hr>90</ns3:hr>
          </ns3:TrackPointExtension>
        </extensions>
      </trkpt>
      <trkpt lat="-8.5872639901936054229736328125" lon="115.06402979604899883270263671875">
        <time>2026-05-13T23:21:08.000Z</time>
        <extensions>
          <ns3:TrackPointExtension>
            <ns3:hr>89</ns3:hr>
          </ns3:TrackPointExtension>
        </extensions>
      </trkpt>
      <trkpt lat="-8.58726826496422290802001953125" lon="115.0640241801738739013671875">
        <time>2026-05-13T23:21:09.000Z</time>
        <extensions>
          <ns3:TrackPointExtension>
            <ns3:hr>88</ns3:hr>
          </ns3:TrackPointExtension>
        </extensions>
      </trkpt>
      <trkpt lat="-8.58727111481130123138427734375" lon="115.06402761675417423248291015625">
        <time>2026-05-13T23:21:10.000Z</time>
        <extensions>
          <ns3:TrackPointExtension>
            <ns3:hr>91</ns3:hr>
          </ns3:TrackPointExtension>
        </extensions>
      </trkpt>
      <trkpt lat="-8.5872730426490306854248046875" lon="115.0640303827822208404541015625">
        <time>2026-05-13T23:21:11.000Z</time>
        <extensions>
          <ns3:TrackPointExtension>
            <ns3:hr>91</ns3:hr>
          </ns3:TrackPointExtension>
        </extensions>
      </trkpt>
      <trkpt lat="-8.58727580867707729339599609375" lon="115.0640320591628551483154296875">
        <time>2026-05-13T23:21:12.000Z</time>
        <extensions>
          <ns3:TrackPointExtension>
            <ns3:hr>93</ns3:hr>
          </ns3:TrackPointExtension>
        </extensions>
      </trkpt>
      <trkpt lat="-8.5872794128954410552978515625" lon="115.06403264589607715606689453125">
        <time>2026-05-13T23:21:13.000Z</time>
        <extensions>
          <ns3:TrackPointExtension>
            <ns3:hr>94</ns3:hr>
          </ns3:TrackPointExtension>
        </extensions>
      </trkpt>
      <trkpt lat="-8.58727966435253620147705078125" lon="115.06403264589607715606689453125">
        <time>2026-05-13T23:21:14.000Z</time>
        <extensions>
          <ns3:TrackPointExtension>
            <ns3:hr>94</ns3:hr>
          </ns3:TrackPointExtension>
        </extensions>
      </trkpt>
      <trkpt lat="-8.5872831009328365325927734375" lon="115.0640340708196163177490234375">
        <time>2026-05-13T23:21:15.000Z</time>
        <extensions>
          <ns3:TrackPointExtension>
            <ns3:hr>93</ns3:hr>
          </ns3:TrackPointExtension>
        </extensions>
      </trkpt>
      <trkpt lat="-8.58728335238993167877197265625" lon="115.0640357472002506256103515625">
        <time>2026-05-13T23:21:16.000Z</time>
        <extensions>
          <ns3:TrackPointExtension>
            <ns3:hr>92</ns3:hr>
          </ns3:TrackPointExtension>
        </extensions>
      </trkpt>
      <trkpt lat="-8.58728502877056598663330078125" lon="115.0640344060957431793212890625">
        <time>2026-05-13T23:21:17.000Z</time>
        <extensions>
          <ns3:TrackPointExtension>
            <ns3:hr>91</ns3:hr>
          </ns3:TrackPointExtension>
        </extensions>
      </trkpt>
      <trkpt lat="-8.58727991580963134765625" lon="115.064034573733806610107421875">
        <time>2026-05-13T23:21:18.000Z</time>
        <extensions>
          <ns3:TrackPointExtension>
            <ns3:hr>91</ns3:hr>
          </ns3:TrackPointExtension>
        </extensions>
      </trkpt>
      <trkpt lat="-8.58727849088609218597412109375" lon="115.06403331644833087921142578125">
        <time>2026-05-13T23:21:19.000Z</time>
        <extensions>
          <ns3:TrackPointExtension>
            <ns3:hr>89</ns3:hr>
          </ns3:TrackPointExtension>
        </extensions>
      </trkpt>
      <trkpt lat="-8.58727513812482357025146484375" lon="115.06403432227671146392822265625">
        <time>2026-05-13T23:21:20.000Z</time>
        <extensions>
          <ns3:TrackPointExtension>
            <ns3:hr>91</ns3:hr>
          </ns3:TrackPointExtension>
        </extensions>
      </trkpt>
      <trkpt lat="-8.58727580867707729339599609375" lon="115.06403717212378978729248046875">
        <time>2026-05-13T23:21:21.000Z</time>
        <extensions>
          <ns3:TrackPointExtension>
            <ns3:hr>91</ns3:hr>
          </ns3:TrackPointExtension>
        </extensions>
      </trkpt>
      <trkpt lat="-8.5872727073729038238525390625" lon="115.0640451349318027496337890625">
        <time>2026-05-13T23:21:22.000Z</time>
        <extensions>
          <ns3:TrackPointExtension>
            <ns3:hr>92</ns3:hr>
          </ns3:TrackPointExtension>
        </extensions>
      </trkpt>
      <trkpt lat="-8.58727077953517436981201171875" lon="115.06404630839824676513671875">
        <time>2026-05-13T23:21:23.000Z</time>
        <extensions>
          <ns3:TrackPointExtension>
            <ns3:hr>92</ns3:hr>
          </ns3:TrackPointExtension>
        </extensions>
      </trkpt>
      <trkpt lat="-8.58726742677390575408935546875" lon="115.0640541873872280120849609375">
        <time>2026-05-13T23:21:24.000Z</time>
        <extensions>
          <ns3:TrackPointExtension>
            <ns3:hr>92</ns3:hr>
          </ns3:TrackPointExtension>
        </extensions>
      </trkpt>
      <trkpt lat="-8.58726256527006626129150390625" lon="115.06405946798622608184814453125">
        <time>2026-05-13T23:21:25.000Z</time>
        <extensions>
          <ns3:TrackPointExtension>
            <ns3:hr>92</ns3:hr>
          </ns3:TrackPointExtension>
        </extensions>
      </trkpt>
      <trkpt lat="-8.58725502155721187591552734375" lon="115.06406349129974842071533203125">
        <time>2026-05-13T23:21:26.000Z</time>
        <extensions>
          <ns3:TrackPointExtension>
            <ns3:hr>92</ns3:hr>
          </ns3:TrackPointExtension>
        </extensions>
      </trkpt>
      <trkpt lat="-8.5872552730143070220947265625" lon="115.064066089689731597900390625">
        <time>2026-05-13T23:21:27.000Z</time>
        <extensions>
          <ns3:TrackPointExtension>
            <ns3:hr>92</ns3:hr>
          </ns3:TrackPointExtension>
        </extensions>
      </trkpt>
      <trkpt lat="-8.58725669793784618377685546875" lon="115.0640679337084293365478515625">
        <time>2026-05-13T23:21:28.000Z</time>
        <extensions>
          <ns3:TrackPointExtension>
            <ns3:hr>92</ns3:hr>
          </ns3:TrackPointExtension>
        </extensions>
      </trkpt>
      <trkpt lat="-8.5872646607458591461181640625" lon="115.06406500004231929779052734375">
        <time>2026-05-13T23:21:29.000Z</time>
        <extensions>
          <ns3:TrackPointExtension>
            <ns3:hr>91</ns3:hr>
          </ns3:TrackPointExtension>
        </extensions>
      </trkpt>
      <trkpt lat="-8.587268851697444915771484375" lon="115.06406449712812900543212890625">
        <time>2026-05-13T23:21:30.000Z</time>
        <extensions>
          <ns3:TrackPointExtension>
            <ns3:hr>91</ns3:hr>
          </ns3:TrackPointExtension>
        </extensions>
      </trkpt>
      <trkpt lat="-8.58727178536355495452880859375" lon="115.0640615634620189666748046875">
        <time>2026-05-13T23:21:31.000Z</time>
        <extensions>
          <ns3:TrackPointExtension>
            <ns3:hr>92</ns3:hr>
          </ns3:TrackPointExtension>
        </extensions>
      </trkpt>
      <trkpt lat="-8.58726809732615947723388671875" lon="115.064058043062686920166015625">
        <time>2026-05-13T23:21:32.000Z</time>
        <extensions>
          <ns3:TrackPointExtension>
            <ns3:hr>93</ns3:hr>
          </ns3:TrackPointExtension>
        </extensions>
      </trkpt>
      <trkpt lat="-8.58726608566939830780029296875" lon="115.06405259482562541961669921875">
        <time>2026-05-13T23:21:33.000Z</time>
        <extensions>
          <ns3:TrackPointExtension>
            <ns3:hr>93</ns3:hr>
          </ns3:TrackPointExtension>
        </extensions>
      </trkpt>
      <trkpt lat="-8.58726306818425655364990234375" lon="115.06404899060726165771484375">
        <time>2026-05-13T23:21:34.000Z</time>
        <extensions>
          <ns3:TrackPointExtension>
            <ns3:hr>93</ns3:hr>
          </ns3:TrackPointExtension>
        </extensions>
      </trkpt>
      <trkpt lat="-8.58726440928876399993896484375" lon="115.0640481524169445037841796875">
        <time>2026-05-13T23:21:35.000Z</time>
        <extensions>
          <ns3:TrackPointExtension>
            <ns3:hr>94</ns3:hr>
          </ns3:TrackPointExtension>
        </extensions>
      </trkpt>
      <trkpt lat="-8.58726340346038341522216796875" lon="115.06405041553080081939697265625">
        <time>2026-05-13T23:21:36.000Z</time>
        <extensions>
          <ns3:TrackPointExtension>
            <ns3:hr>94</ns3:hr>
          </ns3:TrackPointExtension>
        </extensions>
      </trkpt>
      <trkpt lat="-8.58726608566939830780029296875" lon="115.0640538521111011505126953125">
        <time>2026-05-13T23:21:37.000Z</time>
        <extensions>
          <ns3:TrackPointExtension>
            <ns3:hr>94</ns3:hr>
          </ns3:TrackPointExtension>
        </extensions>
      </trkpt>
      <trkpt lat="-8.58726474456489086151123046875" lon="115.064049325883388519287109375">
        <time>2026-05-13T23:21:38.000Z</time>
        <extensions>
          <ns3:TrackPointExtension>
            <ns3:hr>94</ns3:hr>
          </ns3:TrackPointExtension>
        </extensions>
      </trkpt>
      <trkpt lat="-8.5872592963278293609619140625" lon="115.06404337473213672637939453125">
        <time>2026-05-13T23:21:39.000Z</time>
        <extensions>
          <ns3:TrackPointExtension>
            <ns3:hr>94</ns3:hr>
          </ns3:TrackPointExtension>
        </extensions>
      </trkpt>
      <trkpt lat="-8.58725720085203647613525390625" lon="115.0640390999615192413330078125">
        <time>2026-05-13T23:21:40.000Z</time>
        <extensions>
          <ns3:TrackPointExtension>
            <ns3:hr>94</ns3:hr>
          </ns3:TrackPointExtension>
        </extensions>
      </trkpt>
      <trkpt lat="-8.58725602738559246063232421875" lon="115.06403650157153606414794921875">
        <time>2026-05-13T23:21:41.000Z</time>
        <extensions>
          <ns3:TrackPointExtension>
            <ns3:hr>95</ns3:hr>
          </ns3:TrackPointExtension>
        </extensions>
      </trkpt>
      <trkpt lat="-8.58725485391914844512939453125" lon="115.06403465755283832550048828125">
        <time>2026-05-13T23:21:42.000Z</time>
        <extensions>
          <ns3:TrackPointExtension>
            <ns3:hr>95</ns3:hr>
          </ns3:TrackPointExtension>
        </extensions>
      </trkpt>
      <trkpt lat="-8.58725376427173614501953125" lon="115.06402979604899883270263671875">
        <time>2026-05-13T23:21:43.000Z</time>
        <extensions>
          <ns3:TrackPointExtension>
            <ns3:hr>96</ns3:hr>
          </ns3:TrackPointExtension>
        </extensions>
      </trkpt>
      <trkpt lat="-8.58725418336689472198486328125" lon="115.0640283711254596710205078125">
        <time>2026-05-13T23:21:44.000Z</time>
        <extensions>
          <ns3:TrackPointExtension>
            <ns3:hr>97</ns3:hr>
          </ns3:TrackPointExtension>
        </extensions>
      </trkpt>
      <trkpt lat="-8.58725435100495815277099609375" lon="115.0640250183641910552978515625">
        <time>2026-05-13T23:21:45.000Z</time>
        <extensions>
          <ns3:TrackPointExtension>
            <ns3:hr>98</ns3:hr>
          </ns3:TrackPointExtension>
        </extensions>
      </trkpt>
      <trkpt lat="-8.58725334517657756805419921875" lon="115.06402459926903247833251953125">
        <time>2026-05-13T23:21:46.000Z</time>
        <extensions>
          <ns3:TrackPointExtension>
            <ns3:hr>99</ns3:hr>
          </ns3:TrackPointExtension>
        </extensions>
      </trkpt>
      <trkpt lat="-8.5872525908052921295166015625" lon="115.06402309052646160125732421875">
        <time>2026-05-13T23:21:47.000Z</time>
        <extensions>
          <ns3:TrackPointExtension>
            <ns3:hr>100</ns3:hr>
          </ns3:TrackPointExtension>
        </extensions>
      </trkpt>
      <trkpt lat="-8.58725242316722869873046875" lon="115.06402526982128620147705078125">
        <time>2026-05-13T23:21:48.000Z</time>
        <extensions>
          <ns3:TrackPointExtension>
            <ns3:hr>101</ns3:hr>
          </ns3:TrackPointExtension>
        </extensions>
      </trkpt>
      <trkpt lat="-8.58725619502365589141845703125" lon="115.06402577273547649383544921875">
        <time>2026-05-13T23:21:49.000Z</time>
        <extensions>
          <ns3:TrackPointExtension>
            <ns3:hr>102</ns3:hr>
          </ns3:TrackPointExtension>
        </extensions>
      </trkpt>
      <trkpt lat="-8.5872582904994487762451171875" lon="115.06402342580258846282958984375">
        <time>2026-05-13T23:21:50.000Z</time>
        <extensions>
          <ns3:TrackPointExtension>
            <ns3:hr>101</ns3:hr>
          </ns3:TrackPointExtension>
        </extensions>
      </trkpt>
      <trkpt lat="-8.5872566141188144683837890625" lon="115.0640240125358104705810546875">
        <time>2026-05-13T23:21:51.000Z</time>
        <extensions>
          <ns3:TrackPointExtension>
            <ns3:hr>101</ns3:hr>
          </ns3:TrackPointExtension>
        </extensions>
      </trkpt>
      <trkpt lat="-8.58725468628108501434326171875" lon="115.064024515450000762939453125">
        <time>2026-05-13T23:21:52.000Z</time>
        <extensions>
          <ns3:TrackPointExtension>
            <ns3:hr>102</ns3:hr>
          </ns3:TrackPointExtension>
        </extensions>
      </trkpt>
      <trkpt lat="-8.58725317753851413726806640625" lon="115.0640223361551761627197265625">
        <time>2026-05-13T23:21:53.000Z</time>
        <extensions>
          <ns3:TrackPointExtension>
            <ns3:hr>103</ns3:hr>
          </ns3:TrackPointExtension>
        </extensions>
      </trkpt>
      <trkpt lat="-8.5872522555291652679443359375" lon="115.06401906721293926239013671875">
        <time>2026-05-13T23:21:54.000Z</time>
        <extensions>
          <ns3:TrackPointExtension>
            <ns3:hr>104</ns3:hr>
          </ns3:TrackPointExtension>
        </extensions>
      </trkpt>
      <trkpt lat="-8.58725376427173614501953125" lon="115.0640134513378143310546875">
        <time>2026-05-13T23:21:55.000Z</time>
        <extensions>
          <ns3:TrackPointExtension>
            <ns3:hr>106</ns3:hr>
          </ns3:TrackPointExtension>
        </extensions>
      </trkpt>
      <trkpt lat="-8.58725217171013355255126953125" lon="115.06400766782462596893310546875">
        <time>2026-05-13T23:21:56.000Z</time>
        <extensions>
          <ns3:TrackPointExtension>
            <ns3:hr>107</ns3:hr>
          </ns3:TrackPointExtension>
        </extensions>
      </trkpt>
      <trkpt lat="-8.58725334517657756805419921875" lon="115.06400548852980136871337890625">
        <time>2026-05-13T23:21:57.000Z</time>
        <extensions>
          <ns3:TrackPointExtension>
            <ns3:hr>107</ns3:hr>
          </ns3:TrackPointExtension>
        </extensions>
      </trkpt>
      <trkpt lat="-8.5872542671859264373779296875" lon="115.06400716491043567657470703125">
        <time>2026-05-13T23:21:58.000Z</time>
        <extensions>
          <ns3:TrackPointExtension>
            <ns3:hr>107</ns3:hr>
          </ns3:TrackPointExtension>
        </extensions>
      </trkpt>
      <trkpt lat="-8.58725049532949924468994140625" lon="115.0640107691287994384765625">
        <time>2026-05-13T23:21:59.000Z</time>
        <extensions>
          <ns3:TrackPointExtension>
            <ns3:hr>107</ns3:hr>
          </ns3:TrackPointExtension>
        </extensions>
      </trkpt>
      <trkpt lat="-8.5872455500066280364990234375" lon="115.06401621736586093902587890625">
        <time>2026-05-13T23:22:00.000Z</time>
        <extensions>
          <ns3:TrackPointExtension>
            <ns3:hr>108</ns3:hr>
          </ns3:TrackPointExtension>
        </extensions>
      </trkpt>
      <trkpt lat="-8.58724898658692836761474609375" lon="115.064017139375209808349609375">
        <time>2026-05-13T23:22:01.000Z</time>
        <extensions>
          <ns3:TrackPointExtension>
            <ns3:hr>108</ns3:hr>
          </ns3:TrackPointExtension>
        </extensions>
      </trkpt>
      <trkpt lat="-8.5872572846710681915283203125" lon="115.06402040831744670867919921875">
        <time>2026-05-13T23:22:02.000Z</time>
        <extensions>
          <ns3:TrackPointExtension>
            <ns3:hr>107</ns3:hr>
          </ns3:TrackPointExtension>
        </extensions>
      </trkpt>
      <trkpt lat="-8.587260134518146514892578125" lon="115.0640173070132732391357421875">
        <time>2026-05-13T23:22:03.000Z</time>
        <extensions>
          <ns3:TrackPointExtension>
            <ns3:hr>106</ns3:hr>
          </ns3:TrackPointExtension>
        </extensions>
      </trkpt>
      <trkpt lat="-8.5872638225555419921875" lon="115.06401420570909976959228515625">
        <time>2026-05-13T23:22:04.000Z</time>
        <extensions>
          <ns3:TrackPointExtension>
            <ns3:hr>105</ns3:hr>
          </ns3:TrackPointExtension>
        </extensions>
      </trkpt>
      <trkpt lat="-8.5872638225555419921875" lon="115.06401420570909976959228515625">
        <time>2026-05-13T23:22:05.000Z</time>
        <extensions>
          <ns3:TrackPointExtension>
            <ns3:hr>105</ns3:hr>
          </ns3:TrackPointExtension>
        </extensions>
      </trkpt>
      <trkpt lat="-8.5872636549174785614013671875" lon="115.06401487626135349273681640625">
        <time>2026-05-13T23:22:06.000Z</time>
        <extensions>
          <ns3:TrackPointExtension>
            <ns3:hr>105</ns3:hr>
          </ns3:TrackPointExtension>
        </extensions>
      </trkpt>
      <trkpt lat="-8.58726373873651027679443359375" lon="115.06401889957487583160400390625">
        <time>2026-05-13T23:22:07.000Z</time>
        <extensions>
          <ns3:TrackPointExtension>
            <ns3:hr>106</ns3:hr>
          </ns3:TrackPointExtension>
        </extensions>
      </trkpt>
      <trkpt lat="-8.5872643254697322845458984375" lon="115.06402174942195415496826171875">
        <time>2026-05-13T23:22:08.000Z</time>
        <extensions>
          <ns3:TrackPointExtension>
            <ns3:hr>106</ns3:hr>
          </ns3:TrackPointExtension>
        </extensions>
      </trkpt>
      <trkpt lat="-8.58726273290812969207763671875" lon="115.06402426399290561676025390625">
        <time>2026-05-13T23:22:09.000Z</time>
        <extensions>
          <ns3:TrackPointExtension>
            <ns3:hr>106</ns3:hr>
          </ns3:TrackPointExtension>
        </extensions>
      </trkpt>
      <trkpt lat="-8.58726239763200283050537109375" lon="115.0640246830880641937255859375">
        <time>2026-05-13T23:22:10.000Z</time>
        <extensions>
          <ns3:TrackPointExtension>
            <ns3:hr>107</ns3:hr>
          </ns3:TrackPointExtension>
        </extensions>
      </trkpt>
      <trkpt lat="-8.5872626490890979766845703125" lon="115.06402426399290561676025390625">
        <time>2026-05-13T23:22:11.000Z</time>
        <extensions>
          <ns3:TrackPointExtension>
            <ns3:hr>107</ns3:hr>
          </ns3:TrackPointExtension>
        </extensions>
      </trkpt>
      <trkpt lat="-8.5872624814510345458984375" lon="115.0640263594686985015869140625">
        <time>2026-05-13T23:22:12.000Z</time>
        <extensions>
          <ns3:TrackPointExtension>
            <ns3:hr>107</ns3:hr>
          </ns3:TrackPointExtension>
        </extensions>
      </trkpt>
      <trkpt lat="-8.58726357109844684600830078125" lon="115.06402845494449138641357421875">
        <time>2026-05-13T23:22:13.000Z</time>
        <extensions>
          <ns3:TrackPointExtension>
            <ns3:hr>107</ns3:hr>
          </ns3:TrackPointExtension>
        </extensions>
      </trkpt>
      <trkpt lat="-8.58726357109844684600830078125" lon="115.06402845494449138641357421875">
        <time>2026-05-13T23:22:14.000Z</time>
        <extensions>
          <ns3:TrackPointExtension>
            <ns3:hr>106</ns3:hr>
          </ns3:TrackPointExtension>
        </extensions>
      </trkpt>
      <trkpt lat="-8.58726357109844684600830078125" lon="115.06402845494449138641357421875">
        <time>2026-05-13T23:22:15.000Z</time>
        <extensions>
          <ns3:TrackPointExtension>
            <ns3:hr>106</ns3:hr>
          </ns3:TrackPointExtension>
        </extensions>
      </trkpt>
      <trkpt lat="-8.58726357109844684600830078125" lon="115.06402845494449138641357421875">
        <time>2026-05-13T23:22:16.000Z</time>
        <extensions>
          <ns3:TrackPointExtension>
            <ns3:hr>106</ns3:hr>
          </ns3:TrackPointExtension>
        </extensions>
      </trkpt>
      <trkpt lat="-8.58726357109844684600830078125" lon="115.06402845494449138641357421875">
        <time>2026-05-13T23:22:17.000Z</time>
        <extensions>
          <ns3:TrackPointExtension>
            <ns3:hr>106</ns3:hr>
          </ns3:TrackPointExtension>
        </extensions>
      </trkpt>
      <trkpt lat="-8.58726357109844684600830078125" lon="115.06402845494449138641357421875">
        <time>2026-05-13T23:22:18.000Z</time>
        <extensions>
          <ns3:TrackPointExtension>
            <ns3:hr>106</ns3:hr>
          </ns3:TrackPointExtension>
        </extensions>
      </trkpt>
      <trkpt lat="-8.5872653312981128692626953125" lon="115.06403046660125255584716796875">
        <time>2026-05-13T23:22:19.000Z</time>
        <extensions>
          <ns3:TrackPointExtension>
            <ns3:hr>107</ns3:hr>
          </ns3:TrackPointExtension>
        </extensions>
      </trkpt>
      <trkpt lat="-8.58726692385971546173095703125" lon="115.0640330649912357330322265625">
        <time>2026-05-13T23:22:20.000Z</time>
        <extensions>
          <ns3:TrackPointExtension>
            <ns3:hr>107</ns3:hr>
          </ns3:TrackPointExtension>
        </extensions>
      </trkpt>
      <trkpt lat="-8.5872649960219860076904296875" lon="115.06403583101928234100341796875">
        <time>2026-05-13T23:22:21.000Z</time>
        <extensions>
          <ns3:TrackPointExtension>
            <ns3:hr>107</ns3:hr>
          </ns3:TrackPointExtension>
        </extensions>
      </trkpt>
      <trkpt lat="-8.58726583421230316162109375" lon="115.06403901614248752593994140625">
        <time>2026-05-13T23:22:22.000Z</time>
        <extensions>
          <ns3:TrackPointExtension>
            <ns3:hr>108</ns3:hr>
          </ns3:TrackPointExtension>
        </extensions>
      </trkpt>
      <trkpt lat="-8.58726583421230316162109375" lon="115.0640421174466609954833984375">
        <time>2026-05-13T23:22:23.000Z</time>
        <extensions>
          <ns3:TrackPointExtension>
            <ns3:hr>108</ns3:hr>
          </ns3:TrackPointExtension>
        </extensions>
      </trkpt>
      <trkpt lat="-8.58726843260228633880615234375" lon="115.06404387764632701873779296875">
        <time>2026-05-13T23:22:24.000Z</time>
        <extensions>
          <ns3:TrackPointExtension>
            <ns3:hr>108</ns3:hr>
          </ns3:TrackPointExtension>
        </extensions>
      </trkpt>
      <trkpt lat="-8.5872717015445232391357421875" lon="115.06404697895050048828125">
        <time>2026-05-13T23:22:25.000Z</time>
        <extensions>
          <ns3:TrackPointExtension>
            <ns3:hr>108</ns3:hr>
          </ns3:TrackPointExtension>
        </extensions>
      </trkpt>
      <trkpt lat="-8.587270192801952362060546875" lon="115.0640528462827205657958984375">
        <time>2026-05-13T23:22:26.000Z</time>
        <extensions>
          <ns3:TrackPointExtension>
            <ns3:hr>108</ns3:hr>
          </ns3:TrackPointExtension>
        </extensions>
      </trkpt>
      <trkpt lat="-8.5872649960219860076904296875" lon="115.0640515051782131195068359375">
        <time>2026-05-13T23:22:27.000Z</time>
        <extensions>
          <ns3:TrackPointExtension>
            <ns3:hr>107</ns3:hr>
          </ns3:TrackPointExtension>
        </extensions>
      </trkpt>
      <trkpt lat="-8.58726315200328826904296875" lon="115.0640474818646907806396484375">
        <time>2026-05-13T23:22:28.000Z</time>
        <extensions>
          <ns3:TrackPointExtension>
            <ns3:hr>106</ns3:hr>
          </ns3:TrackPointExtension>
        </extensions>
      </trkpt>
      <trkpt lat="-8.58726407401263713836669921875" lon="115.06404052488505840301513671875">
        <time>2026-05-13T23:22:29.000Z</time>
        <extensions>
          <ns3:TrackPointExtension>
            <ns3:hr>105</ns3:hr>
          </ns3:TrackPointExtension>
        </extensions>
      </trkpt>
      <trkpt lat="-8.58726809732615947723388671875" lon="115.06403080187737941741943359375">
        <time>2026-05-13T23:22:30.000Z</time>
        <extensions>
          <ns3:TrackPointExtension>
            <ns3:hr>106</ns3:hr>
          </ns3:TrackPointExtension>
        </extensions>
      </trkpt>
      <trkpt lat="-8.587273545563220977783203125" lon="115.06402912549674510955810546875">
        <time>2026-05-13T23:22:31.000Z</time>
        <extensions>
          <ns3:TrackPointExtension>
            <ns3:hr>106</ns3:hr>
          </ns3:TrackPointExtension>
        </extensions>
      </trkpt>
      <trkpt lat="-8.5872777365148067474365234375" lon="115.06402753293514251708984375">
        <time>2026-05-13T23:22:32.000Z</time>
        <extensions>
          <ns3:TrackPointExtension>
            <ns3:hr>106</ns3:hr>
          </ns3:TrackPointExtension>
        </extensions>
      </trkpt>
      <trkpt lat="-8.58727513812482357025146484375" lon="115.06402728147804737091064453125">
        <time>2026-05-13T23:22:33.000Z</time>
        <extensions>
          <ns3:TrackPointExtension>
            <ns3:hr>106</ns3:hr>
          </ns3:TrackPointExtension>
        </extensions>
      </trkpt>
      <trkpt lat="-8.587277568876743316650390625" lon="115.06402325816452503204345703125">
        <time>2026-05-13T23:22:34.000Z</time>
        <extensions>
          <ns3:TrackPointExtension>
            <ns3:hr>106</ns3:hr>
          </ns3:TrackPointExtension>
        </extensions>
      </trkpt>
      <trkpt lat="-8.58728704042732715606689453125" lon="115.06401722319424152374267578125">
        <time>2026-05-13T23:22:35.000Z</time>
        <extensions>
          <ns3:TrackPointExtension>
            <ns3:hr>106</ns3:hr>
          </ns3:TrackPointExtension>
        </extensions>
      </trkpt>
      <trkpt lat="-8.58727916143834590911865234375" lon="115.06401571445167064666748046875">
        <time>2026-05-13T23:22:36.000Z</time>
        <extensions>
          <ns3:TrackPointExtension>
            <ns3:hr>108</ns3:hr>
          </ns3:TrackPointExtension>
        </extensions>
      </trkpt>
      <trkpt lat="-8.58726524747908115386962890625" lon="115.06402191706001758575439453125">
        <time>2026-05-13T23:22:37.000Z</time>
        <extensions>
          <ns3:TrackPointExtension>
            <ns3:hr>108</ns3:hr>
          </ns3:TrackPointExtension>
        </extensions>
      </trkpt>
      <trkpt lat="-8.5872525908052921295166015625" lon="115.06402879022061824798583984375">
        <time>2026-05-13T23:22:38.000Z</time>
        <extensions>
          <ns3:TrackPointExtension>
            <ns3:hr>109</ns3:hr>
          </ns3:TrackPointExtension>
        </extensions>
      </trkpt>
      <trkpt lat="-8.5872425325214862823486328125" lon="115.0640340708196163177490234375">
        <time>2026-05-13T23:22:39.000Z</time>
        <extensions>
          <ns3:TrackPointExtension>
            <ns3:hr>109</ns3:hr>
          </ns3:TrackPointExtension>
        </extensions>
      </trkpt>
      <trkpt lat="-8.5872375033795833587646484375" lon="115.06403616629540920257568359375">
        <time>2026-05-13T23:22:40.000Z</time>
        <extensions>
          <ns3:TrackPointExtension>
            <ns3:hr>110</ns3:hr>
          </ns3:TrackPointExtension>
        </extensions>
      </trkpt>
      <trkpt lat="-8.58723607845604419708251953125" lon="115.06403951905667781829833984375">
        <time>2026-05-13T23:22:41.000Z</time>
        <extensions>
          <ns3:TrackPointExtension>
            <ns3:hr>110</ns3:hr>
          </ns3:TrackPointExtension>
        </extensions>
      </trkpt>
      <trkpt lat="-8.58723456971347332000732421875" lon="115.0640424527227878570556640625">
        <time>2026-05-13T23:22:42.000Z</time>
        <extensions>
          <ns3:TrackPointExtension>
            <ns3:hr>110</ns3:hr>
          </ns3:TrackPointExtension>
        </extensions>
      </trkpt>
      <trkpt lat="-8.5872351564466953277587890625" lon="115.06404220126569271087646484375">
        <time>2026-05-13T23:22:43.000Z</time>
        <extensions>
          <ns3:TrackPointExtension>
            <ns3:hr>110</ns3:hr>
          </ns3:TrackPointExtension>
        </extensions>
      </trkpt>
      <trkpt lat="-8.58723876066505908966064453125" lon="115.064039938151836395263671875">
        <time>2026-05-13T23:22:44.000Z</time>
        <extensions>
          <ns3:TrackPointExtension>
            <ns3:hr>110</ns3:hr>
          </ns3:TrackPointExtension>
        </extensions>
      </trkpt>
      <trkpt lat="-8.5872437059879302978515625" lon="115.0640380941331386566162109375">
        <time>2026-05-13T23:22:45.000Z</time>
        <extensions>
          <ns3:TrackPointExtension>
            <ns3:hr>110</ns3:hr>
          </ns3:TrackPointExtension>
        </extensions>
      </trkpt>
      <trkpt lat="-8.5872465558350086212158203125" lon="115.06403633393347263336181640625">
        <time>2026-05-13T23:22:46.000Z</time>
        <extensions>
          <ns3:TrackPointExtension>
            <ns3:hr>111</ns3:hr>
          </ns3:TrackPointExtension>
        </extensions>
      </trkpt>
      <trkpt lat="-8.58724974095821380615234375" lon="115.06403516046702861785888671875">
        <time>2026-05-13T23:22:47.000Z</time>
        <extensions>
          <ns3:TrackPointExtension>
            <ns3:hr>111</ns3:hr>
          </ns3:TrackPointExtension>
        </extensions>
      </trkpt>
      <trkpt lat="-8.5872569493949413299560546875" lon="115.06403214298188686370849609375">
        <time>2026-05-13T23:22:48.000Z</time>
        <extensions>
          <ns3:TrackPointExtension>
            <ns3:hr>111</ns3:hr>
          </ns3:TrackPointExtension>
        </extensions>
      </trkpt>
      <trkpt lat="-8.58726717531681060791015625" lon="115.064024515450000762939453125">
        <time>2026-05-13T23:22:49.000Z</time>
        <extensions>
          <ns3:TrackPointExtension>
            <ns3:hr>111</ns3:hr>
          </ns3:TrackPointExtension>
        </extensions>
      </trkpt>
      <trkpt lat="-8.58728335238993167877197265625" lon="115.064019821584224700927734375">
        <time>2026-05-13T23:22:50.000Z</time>
        <extensions>
          <ns3:TrackPointExtension>
            <ns3:hr>110</ns3:hr>
          </ns3:TrackPointExtension>
        </extensions>
      </trkpt>
      <trkpt lat="-8.58730078674852848052978515625" lon="115.06401303224265575408935546875">
        <time>2026-05-13T23:22:51.000Z</time>
        <extensions>
          <ns3:TrackPointExtension>
            <ns3:hr>111</ns3:hr>
          </ns3:TrackPointExtension>
        </extensions>
      </trkpt>
      <trkpt lat="-8.58731922693550586700439453125" lon="115.06400766782462596893310546875">
        <time>2026-05-13T23:22:52.000Z</time>
        <extensions>
          <ns3:TrackPointExtension>
            <ns3:hr>111</ns3:hr>
          </ns3:TrackPointExtension>
        </extensions>
      </trkpt>
      <trkpt lat="-8.58732894994318485260009765625" lon="115.0640052370727062225341796875">
        <time>2026-05-13T23:22:53.000Z</time>
        <extensions>
          <ns3:TrackPointExtension>
            <ns3:hr>111</ns3:hr>
          </ns3:TrackPointExtension>
        </extensions>
      </trkpt>
      <trkpt lat="-8.58733423054218292236328125" lon="115.0639973580837249755859375">
        <time>2026-05-13T23:22:54.000Z</time>
        <extensions>
          <ns3:TrackPointExtension>
            <ns3:hr>111</ns3:hr>
          </ns3:TrackPointExtension>
        </extensions>
      </trkpt>
      <trkpt lat="-8.5873390920460224151611328125" lon="115.063984282314777374267578125">
        <time>2026-05-13T23:22:55.000Z</time>
        <extensions>
          <ns3:TrackPointExtension>
            <ns3:hr>111</ns3:hr>
          </ns3:TrackPointExtension>
        </extensions>
      </trkpt>
      <trkpt lat="-8.58734336681663990020751953125" lon="115.06397849880158901214599609375">
        <time>2026-05-13T23:22:56.000Z</time>
        <extensions>
          <ns3:TrackPointExtension>
            <ns3:hr>111</ns3:hr>
          </ns3:TrackPointExtension>
        </extensions>
      </trkpt>
      <trkpt lat="-8.58735124580562114715576171875" lon="115.06396726705133914947509765625">
        <time>2026-05-13T23:22:57.000Z</time>
        <extensions>
          <ns3:TrackPointExtension>
            <ns3:hr>111</ns3:hr>
          </ns3:TrackPointExtension>
        </extensions>
      </trkpt>
      <trkpt lat="-8.587362058460712432861328125" lon="115.06395838223397731781005859375">
        <time>2026-05-13T23:22:58.000Z</time>
        <extensions>
          <ns3:TrackPointExtension>
            <ns3:hr>111</ns3:hr>
          </ns3:TrackPointExtension>
        </extensions>
      </trkpt>
      <trkpt lat="-8.587392903864383697509765625" lon="115.063930638134479522705078125">
        <time>2026-05-13T23:22:59.000Z</time>
        <extensions>
          <ns3:TrackPointExtension>
            <ns3:hr>110</ns3:hr>
          </ns3:TrackPointExtension>
        </extensions>
      </trkpt>
      <trkpt lat="-8.58740941621363162994384765625" lon="115.063916556537151336669921875">
        <time>2026-05-13T23:23:00.000Z</time>
        <extensions>
          <ns3:TrackPointExtension>
            <ns3:hr>110</ns3:hr>
          </ns3:TrackPointExtension>
        </extensions>
      </trkpt>
      <trkpt lat="-8.587424755096435546875" lon="115.063904486596584320068359375">
        <time>2026-05-13T23:23:01.000Z</time>
        <extensions>
          <ns3:TrackPointExtension>
            <ns3:hr>110</ns3:hr>
          </ns3:TrackPointExtension>
        </extensions>
      </trkpt>
      <trkpt lat="-8.58743523247539997100830078125" lon="115.063889063894748687744140625">
        <time>2026-05-13T23:23:02.000Z</time>
        <extensions>
          <ns3:TrackPointExtension>
            <ns3:hr>110</ns3:hr>
          </ns3:TrackPointExtension>
        </extensions>
      </trkpt>
      <trkpt lat="-8.58743707649409770965576171875" lon="115.06388260982930660247802734375">
        <time>2026-05-13T23:23:03.000Z</time>
        <extensions>
          <ns3:TrackPointExtension>
            <ns3:hr>111</ns3:hr>
          </ns3:TrackPointExtension>
        </extensions>
      </trkpt>
      <trkpt lat="-8.58744495548307895660400390625" lon="115.063871629536151885986328125">
        <time>2026-05-13T23:23:04.000Z</time>
        <extensions>
          <ns3:TrackPointExtension>
            <ns3:hr>111</ns3:hr>
          </ns3:TrackPointExtension>
        </extensions>
      </trkpt>
      <trkpt lat="-8.5874614678323268890380859375" lon="115.06385930813848972320556640625">
        <time>2026-05-13T23:23:05.000Z</time>
        <extensions>
          <ns3:TrackPointExtension>
            <ns3:hr>113</ns3:hr>
          </ns3:TrackPointExtension>
        </extensions>
      </trkpt>
      <trkpt lat="-8.58746708370745182037353515625" lon="115.06386165507137775421142578125">
        <time>2026-05-13T23:23:06.000Z</time>
        <extensions>
          <ns3:TrackPointExtension>
            <ns3:hr>113</ns3:hr>
          </ns3:TrackPointExtension>
        </extensions>
      </trkpt>
      <trkpt lat="-8.58747881837189197540283203125" lon="115.06385997869074344635009765625">
        <time>2026-05-13T23:23:07.000Z</time>
        <extensions>
          <ns3:TrackPointExtension>
            <ns3:hr>115</ns3:hr>
          </ns3:TrackPointExtension>
        </extensions>
      </trkpt>
      <trkpt lat="-8.5874792374670505523681640625" lon="115.06386660039424896240234375">
        <time>2026-05-13T23:23:08.000Z</time>
        <extensions>
          <ns3:TrackPointExtension>
            <ns3:hr>116</ns3:hr>
          </ns3:TrackPointExtension>
        </extensions>
      </trkpt>
      <trkpt lat="-8.58749122358858585357666015625" lon="115.0638570450246334075927734375">
        <time>2026-05-13T23:23:09.000Z</time>
        <extensions>
          <ns3:TrackPointExtension>
            <ns3:hr>117</ns3:hr>
          </ns3:TrackPointExtension>
        </extensions>
      </trkpt>
      <trkpt lat="-8.587490804493427276611328125" lon="115.0638583861291408538818359375">
        <time>2026-05-13T23:23:10.000Z</time>
        <extensions>
          <ns3:TrackPointExtension>
            <ns3:hr>118</ns3:hr>
          </ns3:TrackPointExtension>
        </extensions>
      </trkpt>
      <trkpt lat="-8.58749382197856903076171875" lon="115.0638610683381557464599609375">
        <time>2026-05-13T23:23:11.000Z</time>
        <extensions>
          <ns3:TrackPointExtension>
            <ns3:hr>119</ns3:hr>
          </ns3:TrackPointExtension>
        </extensions>
      </trkpt>
      <trkpt lat="-8.58749306760728359222412109375" lon="115.06386634893715381622314453125">
        <time>2026-05-13T23:23:12.000Z</time>
        <extensions>
          <ns3:TrackPointExtension>
            <ns3:hr>119</ns3:hr>
          </ns3:TrackPointExtension>
        </extensions>
      </trkpt>
      <trkpt lat="-8.58748686499893665313720703125" lon="115.06387758068740367889404296875">
        <time>2026-05-13T23:23:13.000Z</time>
        <extensions>
          <ns3:TrackPointExtension>
            <ns3:hr>117</ns3:hr>
          </ns3:TrackPointExtension>
        </extensions>
      </trkpt>
      <trkpt lat="-8.587492145597934722900390625" lon="115.06388378329575061798095703125">
        <time>2026-05-13T23:23:14.000Z</time>
        <extensions>
          <ns3:TrackPointExtension>
            <ns3:hr>119</ns3:hr>
          </ns3:TrackPointExtension>
        </extensions>
      </trkpt>
      <trkpt lat="-8.58749323524534702301025390625" lon="115.0638909079134464263916015625">
        <time>2026-05-13T23:23:15.000Z</time>
        <extensions>
          <ns3:TrackPointExtension>
            <ns3:hr>120</ns3:hr>
          </ns3:TrackPointExtension>
        </extensions>
      </trkpt>
      <trkpt lat="-8.58749113976955413818359375" lon="115.0638956017792224884033203125">
        <time>2026-05-13T23:23:16.000Z</time>
        <extensions>
          <ns3:TrackPointExtension>
            <ns3:hr>121</ns3:hr>
          </ns3:TrackPointExtension>
        </extensions>
      </trkpt>
      <trkpt lat="-8.58749005012214183807373046875" lon="115.06389501504600048065185546875">
        <time>2026-05-13T23:23:17.000Z</time>
        <extensions>
          <ns3:TrackPointExtension>
            <ns3:hr>122</ns3:hr>
          </ns3:TrackPointExtension>
        </extensions>
      </trkpt>
      <trkpt lat="-8.5874849371612071990966796875" lon="115.06388680078089237213134765625">
        <time>2026-05-13T23:23:18.000Z</time>
        <extensions>
          <ns3:TrackPointExtension>
            <ns3:hr>123</ns3:hr>
          </ns3:TrackPointExtension>
        </extensions>
      </trkpt>
      <trkpt lat="-8.58748367987573146820068359375" lon="115.0638808496296405792236328125">
        <time>2026-05-13T23:23:19.000Z</time>
        <extensions>
          <ns3:TrackPointExtension>
            <ns3:hr>124</ns3:hr>
          </ns3:TrackPointExtension>
        </extensions>
      </trkpt>
      <trkpt lat="-8.5874789021909236907958984375" lon="115.06387439556419849395751953125">
        <time>2026-05-13T23:23:20.000Z</time>
        <extensions>
          <ns3:TrackPointExtension>
            <ns3:hr>125</ns3:hr>
          </ns3:TrackPointExtension>
        </extensions>
      </trkpt>
      <trkpt lat="-8.58748166821897029876708984375" lon="115.06385310553014278411865234375">
        <time>2026-05-13T23:23:21.000Z</time>
        <extensions>
          <ns3:TrackPointExtension>
            <ns3:hr>126</ns3:hr>
          </ns3:TrackPointExtension>
        </extensions>
      </trkpt>
      <trkpt lat="-8.58748267404735088348388671875" lon="115.06383617408573627471923828125">
        <time>2026-05-13T23:23:22.000Z</time>
        <extensions>
          <ns3:TrackPointExtension>
            <ns3:hr>127</ns3:hr>
          </ns3:TrackPointExtension>
        </extensions>
      </trkpt>
      <trkpt lat="-8.58748133294284343719482421875" lon="115.06382443942129611968994140625">
        <time>2026-05-13T23:23:23.000Z</time>
        <extensions>
          <ns3:TrackPointExtension>
            <ns3:hr>128</ns3:hr>
          </ns3:TrackPointExtension>
        </extensions>
      </trkpt>
      <trkpt lat="-8.58748401515185832977294921875" lon="115.06380222737789154052734375">
        <time>2026-05-13T23:23:24.000Z</time>
        <extensions>
          <ns3:TrackPointExtension>
            <ns3:hr>129</ns3:hr>
          </ns3:TrackPointExtension>
        </extensions>
      </trkpt>
      <trkpt lat="-8.587490133941173553466796875" lon="115.06377138197422027587890625">
        <time>2026-05-13T23:23:25.000Z</time>
        <extensions>
          <ns3:TrackPointExtension>
            <ns3:hr>130</ns3:hr>
          </ns3:TrackPointExtension>
        </extensions>
      </trkpt>
      <trkpt lat="-8.5874929837882518768310546875" lon="115.06375235505402088165283203125">
        <time>2026-05-13T23:23:26.000Z</time>
        <extensions>
          <ns3:TrackPointExtension>
            <ns3:hr>129</ns3:hr>
          </ns3:TrackPointExtension>
        </extensions>
      </trkpt>
      <trkpt lat="-8.5875033773481845855712890625" lon="115.06372083909809589385986328125">
        <time>2026-05-13T23:23:27.000Z</time>
        <extensions>
          <ns3:TrackPointExtension>
            <ns3:hr>128</ns3:hr>
          </ns3:TrackPointExtension>
        </extensions>
      </trkpt>
      <trkpt lat="-8.58750882558524608612060546875" lon="115.06370675750076770782470703125">
        <time>2026-05-13T23:23:28.000Z</time>
        <extensions>
          <ns3:TrackPointExtension>
            <ns3:hr>128</ns3:hr>
          </ns3:TrackPointExtension>
        </extensions>
      </trkpt>
      <trkpt lat="-8.58751662075519561767578125" lon="115.06368513219058513641357421875">
        <time>2026-05-13T23:23:29.000Z</time>
        <extensions>
          <ns3:TrackPointExtension>
            <ns3:hr>127</ns3:hr>
          </ns3:TrackPointExtension>
        </extensions>
      </trkpt>
      <trkpt lat="-8.58752408064901828765869140625" lon="115.06367146968841552734375">
        <time>2026-05-13T23:23:30.000Z</time>
        <extensions>
          <ns3:TrackPointExtension>
            <ns3:hr>126</ns3:hr>
          </ns3:TrackPointExtension>
        </extensions>
      </trkpt>
      <trkpt lat="-8.5875312052667140960693359375" lon="115.06366417743265628814697265625">
        <time>2026-05-13T23:23:31.000Z</time>
        <extensions>
          <ns3:TrackPointExtension>
            <ns3:hr>126</ns3:hr>
          </ns3:TrackPointExtension>
        </extensions>
      </trkpt>
      <trkpt lat="-8.58754084445536136627197265625" lon="115.06366199813783168792724609375">
        <time>2026-05-13T23:23:32.000Z</time>
        <extensions>
          <ns3:TrackPointExtension>
            <ns3:hr>127</ns3:hr>
          </ns3:TrackPointExtension>
        </extensions>
      </trkpt>
      <trkpt lat="-8.5875452868640422821044921875" lon="115.06366367451846599578857421875">
        <time>2026-05-13T23:23:33.000Z</time>
        <extensions>
          <ns3:TrackPointExtension>
            <ns3:hr>126</ns3:hr>
          </ns3:TrackPointExtension>
        </extensions>
      </trkpt>
      <trkpt lat="-8.5875566862523555755615234375" lon="115.06365495733916759490966796875">
        <time>2026-05-13T23:23:34.000Z</time>
        <extensions>
          <ns3:TrackPointExtension>
            <ns3:hr>126</ns3:hr>
          </ns3:TrackPointExtension>
        </extensions>
      </trkpt>
      <trkpt lat="-8.58756087720394134521484375" lon="115.06365604698657989501953125">
        <time>2026-05-13T23:23:35.000Z</time>
        <extensions>
          <ns3:TrackPointExtension>
            <ns3:hr>126</ns3:hr>
          </ns3:TrackPointExtension>
        </extensions>
      </trkpt>
      <trkpt lat="-8.5875694267451763153076171875" lon="115.063644312322139739990234375">
        <time>2026-05-13T23:23:36.000Z</time>
        <extensions>
          <ns3:TrackPointExtension>
            <ns3:hr>126</ns3:hr>
          </ns3:TrackPointExtension>
        </extensions>
      </trkpt>
      <trkpt lat="-8.5875808261334896087646484375" lon="115.0636191666126251220703125">
        <time>2026-05-13T23:23:37.000Z</time>
        <extensions>
          <ns3:TrackPointExtension>
            <ns3:hr>127</ns3:hr>
          </ns3:TrackPointExtension>
        </extensions>
      </trkpt>
      <trkpt lat="-8.587586022913455963134765625" lon="115.0635998882353305816650390625">
        <time>2026-05-13T23:23:38.000Z</time>
        <extensions>
          <ns3:TrackPointExtension>
            <ns3:hr>128</ns3:hr>
          </ns3:TrackPointExtension>
        </extensions>
      </trkpt>
      <trkpt lat="-8.58759532682597637176513671875" lon="115.06357532925903797149658203125">
        <time>2026-05-13T23:23:39.000Z</time>
        <extensions>
          <ns3:TrackPointExtension>
            <ns3:hr>129</ns3:hr>
          </ns3:TrackPointExtension>
        </extensions>
      </trkpt>
      <trkpt lat="-8.5875962488353252410888671875" lon="115.0635660253465175628662109375">
        <time>2026-05-13T23:23:40.000Z</time>
        <extensions>
          <ns3:TrackPointExtension>
            <ns3:hr>130</ns3:hr>
          </ns3:TrackPointExtension>
        </extensions>
      </trkpt>
      <trkpt lat="-8.587605468928813934326171875" lon="115.06354448385536670684814453125">
        <time>2026-05-13T23:23:41.000Z</time>
        <extensions>
          <ns3:TrackPointExtension>
            <ns3:hr>131</ns3:hr>
          </ns3:TrackPointExtension>
        </extensions>
      </trkpt>
      <trkpt lat="-8.58760622330009937286376953125" lon="115.0635425560176372528076171875">
        <time>2026-05-13T23:23:42.000Z</time>
        <extensions>
          <ns3:TrackPointExtension>
            <ns3:hr>132</ns3:hr>
          </ns3:TrackPointExtension>
        </extensions>
      </trkpt>
      <trkpt lat="-8.58761158771812915802001953125" lon="115.06352604366838932037353515625">
        <time>2026-05-13T23:23:43.000Z</time>
        <extensions>
          <ns3:TrackPointExtension>
            <ns3:hr>133</ns3:hr>
          </ns3:TrackPointExtension>
        </extensions>
      </trkpt>
      <trkpt lat="-8.58761250972747802734375" lon="115.063522271811962127685546875">
        <time>2026-05-13T23:23:44.000Z</time>
        <extensions>
          <ns3:TrackPointExtension>
            <ns3:hr>134</ns3:hr>
          </ns3:TrackPointExtension>
        </extensions>
      </trkpt>
      <trkpt lat="-8.5876140184700489044189453125" lon="115.06351263262331485748291015625">
        <time>2026-05-13T23:23:45.000Z</time>
        <extensions>
          <ns3:TrackPointExtension>
            <ns3:hr>135</ns3:hr>
          </ns3:TrackPointExtension>
        </extensions>
      </trkpt>
      <trkpt lat="-8.5876163654029369354248046875" lon="115.06349503062665462493896484375">
        <time>2026-05-13T23:23:46.000Z</time>
        <extensions>
          <ns3:TrackPointExtension>
            <ns3:hr>135</ns3:hr>
          </ns3:TrackPointExtension>
        </extensions>
      </trkpt>
      <trkpt lat="-8.5876130126416683197021484375" lon="115.06349083967506885528564453125">
        <time>2026-05-13T23:23:47.000Z</time>
        <extensions>
          <ns3:TrackPointExtension>
            <ns3:hr>136</ns3:hr>
          </ns3:TrackPointExtension>
        </extensions>
      </trkpt>
      <trkpt lat="-8.58761644922196865081787109375" lon="115.06347105838358402252197265625">
        <time>2026-05-13T23:23:48.000Z</time>
        <extensions>
          <ns3:TrackPointExtension>
            <ns3:hr>136</ns3:hr>
          </ns3:TrackPointExtension>
        </extensions>
      </trkpt>
      <trkpt lat="-8.587614186108112335205078125" lon="115.06346669979393482208251953125">
        <time>2026-05-13T23:23:49.000Z</time>
        <extensions>
          <ns3:TrackPointExtension>
            <ns3:hr>137</ns3:hr>
          </ns3:TrackPointExtension>
        </extensions>
      </trkpt>
      <trkpt lat="-8.5876136831939220428466796875" lon="115.06345630623400211334228515625">
        <time>2026-05-13T23:23:50.000Z</time>
        <extensions>
          <ns3:TrackPointExtension>
            <ns3:hr>138</ns3:hr>
          </ns3:TrackPointExtension>
        </extensions>
      </trkpt>
      <trkpt lat="-8.58761452138423919677734375" lon="115.06345219910144805908203125">
        <time>2026-05-13T23:23:51.000Z</time>
        <extensions>
          <ns3:TrackPointExtension>
            <ns3:hr>138</ns3:hr>
          </ns3:TrackPointExtension>
        </extensions>
      </trkpt>
      <trkpt lat="-8.58761209063231945037841796875" lon="115.063457898795604705810546875">
        <time>2026-05-13T23:23:52.000Z</time>
        <extensions>
          <ns3:TrackPointExtension>
            <ns3:hr>139</ns3:hr>
          </ns3:TrackPointExtension>
        </extensions>
      </trkpt>
      <trkpt lat="-8.58760907314717769622802734375" lon="115.06344121880829334259033203125">
        <time>2026-05-13T23:23:53.000Z</time>
        <extensions>
          <ns3:TrackPointExtension>
            <ns3:hr>138</ns3:hr>
          </ns3:TrackPointExtension>
        </extensions>
      </trkpt>
      <trkpt lat="-8.58760370872914791107177734375" lon="115.0634389556944370269775390625">
        <time>2026-05-13T23:23:54.000Z</time>
        <extensions>
          <ns3:TrackPointExtension>
            <ns3:hr>139</ns3:hr>
          </ns3:TrackPointExtension>
        </extensions>
      </trkpt>
      <trkpt lat="-8.58760018832981586456298828125" lon="115.0634181685745716094970703125">
        <time>2026-05-13T23:23:55.000Z</time>
        <extensions>
          <ns3:TrackPointExtension>
            <ns3:hr>139</ns3:hr>
          </ns3:TrackPointExtension>
        </extensions>
      </trkpt>
      <trkpt lat="-8.58759767375886440277099609375" lon="115.063410289585590362548828125">
        <time>2026-05-13T23:23:56.000Z</time>
        <extensions>
          <ns3:TrackPointExtension>
            <ns3:hr>139</ns3:hr>
          </ns3:TrackPointExtension>
        </extensions>
      </trkpt>
      <trkpt lat="-8.5875898785889148712158203125" lon="115.06337986327707767486572265625">
        <time>2026-05-13T23:23:57.000Z</time>
        <extensions>
          <ns3:TrackPointExtension>
            <ns3:hr>139</ns3:hr>
          </ns3:TrackPointExtension>
        </extensions>
      </trkpt>
      <trkpt lat="-8.58758929185569286346435546875" lon="115.06337047554552555084228515625">
        <time>2026-05-13T23:23:58.000Z</time>
        <extensions>
          <ns3:TrackPointExtension>
            <ns3:hr>139</ns3:hr>
          </ns3:TrackPointExtension>
        </extensions>
      </trkpt>
      <trkpt lat="-8.587589375674724578857421875" lon="115.063357986509799957275390625">
        <time>2026-05-13T23:23:59.000Z</time>
        <extensions>
          <ns3:TrackPointExtension>
            <ns3:hr>140</ns3:hr>
          </ns3:TrackPointExtension>
        </extensions>
      </trkpt>
      <trkpt lat="-8.58761142008006572723388671875" lon="115.063252039253711700439453125">
        <time>2026-05-13T23:24:03.000Z</time>
        <extensions>
          <ns3:TrackPointExtension>
            <ns3:hr>139</ns3:hr>
          </ns3:TrackPointExtension>
        </extensions>
      </trkpt>
      <trkpt lat="-8.587590046226978302001953125" lon="115.06324566900730133056640625">
        <time>2026-05-13T23:24:04.000Z</time>
        <extensions>
          <ns3:TrackPointExtension>
            <ns3:hr>137</ns3:hr>
          </ns3:TrackPointExtension>
        </extensions>
      </trkpt>
      <trkpt lat="-8.5875949077308177947998046875" lon="115.063237957656383514404296875">
        <time>2026-05-13T23:24:05.000Z</time>
        <extensions>
          <ns3:TrackPointExtension>
            <ns3:hr>138</ns3:hr>
          </ns3:TrackPointExtension>
        </extensions>
      </trkpt>
      <trkpt lat="-8.58760379254817962646484375" lon="115.0632213614881038665771484375">
        <time>2026-05-13T23:24:06.000Z</time>
        <extensions>
          <ns3:TrackPointExtension>
            <ns3:hr>138</ns3:hr>
          </ns3:TrackPointExtension>
        </extensions>
      </trkpt>
      <trkpt lat="-8.58760513365268707275390625" lon="115.06321675144135951995849609375">
        <time>2026-05-13T23:24:07.000Z</time>
        <extensions>
          <ns3:TrackPointExtension>
            <ns3:hr>138</ns3:hr>
          </ns3:TrackPointExtension>
        </extensions>
      </trkpt>
      <trkpt lat="-8.58760605566203594207763671875" lon="115.063209794461727142333984375">
        <time>2026-05-13T23:24:08.000Z</time>
        <extensions>
          <ns3:TrackPointExtension>
            <ns3:hr>137</ns3:hr>
          </ns3:TrackPointExtension>
        </extensions>
      </trkpt>
      <trkpt lat="-8.58760085888206958770751953125" lon="115.0632025860249996185302734375">
        <time>2026-05-13T23:24:09.000Z</time>
        <extensions>
          <ns3:TrackPointExtension>
            <ns3:hr>136</ns3:hr>
          </ns3:TrackPointExtension>
        </extensions>
      </trkpt>
      <trkpt lat="-8.587613515555858612060546875" lon="115.0631710700690746307373046875">
        <time>2026-05-13T23:24:13.000Z</time>
        <extensions>
          <ns3:TrackPointExtension>
            <ns3:hr>133</ns3:hr>
          </ns3:TrackPointExtension>
        </extensions>
      </trkpt>
      <trkpt lat="-8.587609492242336273193359375" lon="115.063180960714817047119140625">
        <time>2026-05-13T23:24:14.000Z</time>
        <extensions>
          <ns3:TrackPointExtension>
            <ns3:hr>132</ns3:hr>
          </ns3:TrackPointExtension>
        </extensions>
      </trkpt>
      <trkpt lat="-8.58760555274784564971923828125" lon="115.0631687231361865997314453125">
        <time>2026-05-13T23:24:15.000Z</time>
        <extensions>
          <ns3:TrackPointExtension>
            <ns3:hr>133</ns3:hr>
          </ns3:TrackPointExtension>
        </extensions>
      </trkpt>
      <trkpt lat="-8.58759918250143527984619140625" lon="115.06313947029411792755126953125">
        <time>2026-05-13T23:24:16.000Z</time>
        <extensions>
          <ns3:TrackPointExtension>
            <ns3:hr>131</ns3:hr>
          </ns3:TrackPointExtension>
        </extensions>
      </trkpt>
      <trkpt lat="-8.5875784792006015777587890625" lon="115.0631283223628997802734375">
        <time>2026-05-13T23:24:17.000Z</time>
        <extensions>
          <ns3:TrackPointExtension>
            <ns3:hr>131</ns3:hr>
          </ns3:TrackPointExtension>
        </extensions>
      </trkpt>
      <trkpt lat="-8.58756297267973423004150390625" lon="115.06312170065939426422119140625">
        <time>2026-05-13T23:24:18.000Z</time>
        <extensions>
          <ns3:TrackPointExtension>
            <ns3:hr>132</ns3:hr>
          </ns3:TrackPointExtension>
        </extensions>
      </trkpt>
      <trkpt lat="-8.5875602066516876220703125" lon="115.063112564384937286376953125">
        <time>2026-05-13T23:24:19.000Z</time>
        <extensions>
          <ns3:TrackPointExtension>
            <ns3:hr>131</ns3:hr>
          </ns3:TrackPointExtension>
        </extensions>
      </trkpt>
      <trkpt lat="-8.58754285611212253570556640625" lon="115.06310309283435344696044921875">
        <time>2026-05-13T23:24:20.000Z</time>
        <extensions>
          <ns3:TrackPointExtension>
            <ns3:hr>131</ns3:hr>
          </ns3:TrackPointExtension>
        </extensions>
      </trkpt>
      <trkpt lat="-8.5875278525054454803466796875" lon="115.06310007534921169281005859375">
        <time>2026-05-13T23:24:21.000Z</time>
        <extensions>
          <ns3:TrackPointExtension>
            <ns3:hr>129</ns3:hr>
          </ns3:TrackPointExtension>
        </extensions>
      </trkpt>
      <trkpt lat="-8.5875154472887516021728515625" lon="115.0631122291088104248046875">
        <time>2026-05-13T23:24:22.000Z</time>
        <extensions>
          <ns3:TrackPointExtension>
            <ns3:hr>129</ns3:hr>
          </ns3:TrackPointExtension>
        </extensions>
      </trkpt>
      <trkpt lat="-8.58750212006270885467529296875" lon="115.06311516277492046356201171875">
        <time>2026-05-13T23:24:23.000Z</time>
        <extensions>
          <ns3:TrackPointExtension>
            <ns3:hr>130</ns3:hr>
          </ns3:TrackPointExtension>
        </extensions>
      </trkpt>
      <trkpt lat="-8.5874939896166324615478515625" lon="115.0631127320230007171630859375">
        <time>2026-05-13T23:24:24.000Z</time>
        <extensions>
          <ns3:TrackPointExtension>
            <ns3:hr>131</ns3:hr>
          </ns3:TrackPointExtension>
        </extensions>
      </trkpt>
      <trkpt lat="-8.5874919779598712921142578125" lon="115.06311616860330104827880859375">
        <time>2026-05-13T23:24:25.000Z</time>
        <extensions>
          <ns3:TrackPointExtension>
            <ns3:hr>129</ns3:hr>
          </ns3:TrackPointExtension>
        </extensions>
      </trkpt>
      <trkpt lat="-8.58748845756053924560546875" lon="115.063100494444370269775390625">
        <time>2026-05-13T23:24:26.000Z</time>
        <extensions>
          <ns3:TrackPointExtension>
            <ns3:hr>131</ns3:hr>
          </ns3:TrackPointExtension>
        </extensions>
      </trkpt>
      <trkpt lat="-8.58748820610344409942626953125" lon="115.06309621967375278472900390625">
        <time>2026-05-13T23:24:27.000Z</time>
        <extensions>
          <ns3:TrackPointExtension>
            <ns3:hr>131</ns3:hr>
          </ns3:TrackPointExtension>
        </extensions>
      </trkpt>
      <trkpt lat="-8.5874877870082855224609375" lon="115.0630832277238368988037109375">
        <time>2026-05-13T23:24:28.000Z</time>
        <extensions>
          <ns3:TrackPointExtension>
            <ns3:hr>135</ns3:hr>
          </ns3:TrackPointExtension>
        </extensions>
      </trkpt>
      <trkpt lat="-8.58748937956988811492919921875" lon="115.06307275034487247467041015625">
        <time>2026-05-13T23:24:29.000Z</time>
        <extensions>
          <ns3:TrackPointExtension>
            <ns3:hr>135</ns3:hr>
          </ns3:TrackPointExtension>
        </extensions>
      </trkpt>
      <trkpt lat="-8.58749122358858585357666015625" lon="115.0630694814026355743408203125">
        <time>2026-05-13T23:24:30.000Z</time>
        <extensions>
          <ns3:TrackPointExtension>
            <ns3:hr>134</ns3:hr>
          </ns3:TrackPointExtension>
        </extensions>
      </trkpt>
      <trkpt lat="-8.58748887665569782257080078125" lon="115.0630637817084789276123046875">
        <time>2026-05-13T23:24:31.000Z</time>
        <extensions>
          <ns3:TrackPointExtension>
            <ns3:hr>132</ns3:hr>
          </ns3:TrackPointExtension>
        </extensions>
      </trkpt>
      <trkpt lat="-8.5874879546463489532470703125" lon="115.06302715279161930084228515625">
        <time>2026-05-13T23:24:36.000Z</time>
        <extensions>
          <ns3:TrackPointExtension>
            <ns3:hr>135</ns3:hr>
          </ns3:TrackPointExtension>
        </extensions>
      </trkpt>
      <trkpt lat="-8.587497510015964508056640625" lon="115.0630366243422031402587890625">
        <time>2026-05-13T23:24:37.000Z</time>
        <extensions>
          <ns3:TrackPointExtension>
            <ns3:hr>136</ns3:hr>
          </ns3:TrackPointExtension>
        </extensions>
      </trkpt>
      <trkpt lat="-8.5875006951391696929931640625" lon="115.06302329711616039276123046875">
        <time>2026-05-13T23:24:38.000Z</time>
        <extensions>
          <ns3:TrackPointExtension>
            <ns3:hr>135</ns3:hr>
          </ns3:TrackPointExtension>
        </extensions>
      </trkpt>
      <trkpt lat="-8.5872646607458591461181640625" lon="115.063506849110126495361328125">
        <time>2026-05-13T23:25:38.000Z</time>
        <extensions>
          <ns3:TrackPointExtension>
            <ns3:hr>109</ns3:hr>
          </ns3:TrackPointExtension>
        </extensions>
      </trkpt>
      <trkpt lat="-8.5873048938810825347900390625" lon="115.063254721462726593017578125">
        <time>2026-05-13T23:25:40.000Z</time>
        <extensions>
          <ns3:TrackPointExtension>
            <ns3:hr>108</ns3:hr>
          </ns3:TrackPointExtension>
        </extensions>
      </trkpt>
      <trkpt lat="-8.587397597730159759521484375" lon="115.06320409476757049560546875">
        <time>2026-05-13T23:25:41.000Z</time>
        <extensions>
          <ns3:TrackPointExtension>
            <ns3:hr>108</ns3:hr>
          </ns3:TrackPointExtension>
        </extensions>
      </trkpt>
      <trkpt lat="-8.5873910598456859588623046875" lon="115.0632106326520442962646484375">
        <time>2026-05-13T23:25:42.000Z</time>
        <extensions>
          <ns3:TrackPointExtension>
            <ns3:hr>108</ns3:hr>
          </ns3:TrackPointExtension>
        </extensions>
      </trkpt>
      <trkpt lat="-8.58739483170211315155029296875" lon="115.06316612474620342254638671875">
        <time>2026-05-13T23:25:43.000Z</time>
        <extensions>
          <ns3:TrackPointExtension>
            <ns3:hr>108</ns3:hr>
          </ns3:TrackPointExtension>
        </extensions>
      </trkpt>
      <trkpt lat="-8.58739198185503482818603515625" lon="115.06313729099929332733154296875">
        <time>2026-05-13T23:25:44.000Z</time>
        <extensions>
          <ns3:TrackPointExtension>
            <ns3:hr>108</ns3:hr>
          </ns3:TrackPointExtension>
        </extensions>
      </trkpt>
      <trkpt lat="-8.58738762326538562774658203125" lon="115.06311533041298389434814453125">
        <time>2026-05-13T23:25:45.000Z</time>
        <extensions>
          <ns3:TrackPointExtension>
            <ns3:hr>108</ns3:hr>
          </ns3:TrackPointExtension>
        </extensions>
      </trkpt>
      <trkpt lat="-8.58737957663834095001220703125" lon="115.06310124881565570831298828125">
        <time>2026-05-13T23:25:46.000Z</time>
        <extensions>
          <ns3:TrackPointExtension>
            <ns3:hr>108</ns3:hr>
          </ns3:TrackPointExtension>
        </extensions>
      </trkpt>
      <trkpt lat="-8.58737002126872539520263671875" lon="115.0630693137645721435546875">
        <time>2026-05-13T23:25:47.000Z</time>
        <extensions>
          <ns3:TrackPointExtension>
            <ns3:hr>108</ns3:hr>
          </ns3:TrackPointExtension>
        </extensions>
      </trkpt>
      <trkpt lat="-8.58735778369009494781494140625" lon="115.0630359537899494171142578125">
        <time>2026-05-13T23:25:48.000Z</time>
        <extensions>
          <ns3:TrackPointExtension>
            <ns3:hr>109</ns3:hr>
          </ns3:TrackPointExtension>
        </extensions>
      </trkpt>
      <trkpt lat="-8.5873491503298282623291015625" lon="115.0630067847669124603271484375">
        <time>2026-05-13T23:25:49.000Z</time>
        <extensions>
          <ns3:TrackPointExtension>
            <ns3:hr>110</ns3:hr>
          </ns3:TrackPointExtension>
        </extensions>
      </trkpt>
      <trkpt lat="-8.5873411037027835845947265625" lon="115.0629863329231739044189453125">
        <time>2026-05-13T23:25:50.000Z</time>
        <extensions>
          <ns3:TrackPointExtension>
            <ns3:hr>111</ns3:hr>
          </ns3:TrackPointExtension>
        </extensions>
      </trkpt>
      <trkpt lat="-8.58732660301029682159423828125" lon="115.06297468207776546478271484375">
        <time>2026-05-13T23:25:51.000Z</time>
        <extensions>
          <ns3:TrackPointExtension>
            <ns3:hr>111</ns3:hr>
          </ns3:TrackPointExtension>
        </extensions>
      </trkpt>
      <trkpt lat="-8.587318472564220428466796875" lon="115.0629700720310211181640625">
        <time>2026-05-13T23:25:52.000Z</time>
        <extensions>
          <ns3:TrackPointExtension>
            <ns3:hr>110</ns3:hr>
          </ns3:TrackPointExtension>
        </extensions>
      </trkpt>
      <trkpt lat="-8.58731143176555633544921875" lon="115.06301768124103546142578125">
        <time>2026-05-13T23:25:53.000Z</time>
        <extensions>
          <ns3:TrackPointExtension>
            <ns3:hr>110</ns3:hr>
          </ns3:TrackPointExtension>
        </extensions>
      </trkpt>
      <trkpt lat="-8.5872995294630527496337890625" lon="115.063067637383937835693359375">
        <time>2026-05-13T23:25:54.000Z</time>
        <extensions>
          <ns3:TrackPointExtension>
            <ns3:hr>110</ns3:hr>
          </ns3:TrackPointExtension>
        </extensions>
      </trkpt>
      <trkpt lat="-8.58727899380028247833251953125" lon="115.06313838064670562744140625">
        <time>2026-05-13T23:25:55.000Z</time>
        <extensions>
          <ns3:TrackPointExtension>
            <ns3:hr>109</ns3:hr>
          </ns3:TrackPointExtension>
        </extensions>
      </trkpt>
      <trkpt lat="-8.58726709149777889251708984375" lon="115.06314600817859172821044921875">
        <time>2026-05-13T23:25:56.000Z</time>
        <extensions>
          <ns3:TrackPointExtension>
            <ns3:hr>109</ns3:hr>
          </ns3:TrackPointExtension>
        </extensions>
      </trkpt>
      <trkpt lat="-8.58726315200328826904296875" lon="115.0631915219128131866455078125">
        <time>2026-05-13T23:25:57.000Z</time>
        <extensions>
          <ns3:TrackPointExtension>
            <ns3:hr>108</ns3:hr>
          </ns3:TrackPointExtension>
        </extensions>
      </trkpt>
      <trkpt lat="-8.5872448794543743133544921875" lon="115.0631710700690746307373046875">
        <time>2026-05-13T23:25:58.000Z</time>
        <extensions>
          <ns3:TrackPointExtension>
            <ns3:hr>108</ns3:hr>
          </ns3:TrackPointExtension>
        </extensions>
      </trkpt>
      <trkpt lat="-8.58723490498960018157958984375" lon="115.063168220221996307373046875">
        <time>2026-05-13T23:25:59.000Z</time>
        <extensions>
          <ns3:TrackPointExtension>
            <ns3:hr>106</ns3:hr>
          </ns3:TrackPointExtension>
        </extensions>
      </trkpt>
      <trkpt lat="-8.58723591081798076629638671875" lon="115.0631658732891082763671875">
        <time>2026-05-13T23:26:00.000Z</time>
        <extensions>
          <ns3:TrackPointExtension>
            <ns3:hr>109</ns3:hr>
          </ns3:TrackPointExtension>
        </extensions>
      </trkpt>
      <trkpt lat="-8.58723490498960018157958984375" lon="115.06318037398159503936767578125">
        <time>2026-05-13T23:26:01.000Z</time>
        <extensions>
          <ns3:TrackPointExtension>
            <ns3:hr>109</ns3:hr>
          </ns3:TrackPointExtension>
        </extensions>
      </trkpt>
      <trkpt lat="-8.5872341506183147430419921875" lon="115.0632119737565517425537109375">
        <time>2026-05-13T23:26:02.000Z</time>
        <extensions>
          <ns3:TrackPointExtension>
            <ns3:hr>108</ns3:hr>
          </ns3:TrackPointExtension>
        </extensions>
      </trkpt>
      <trkpt lat="-8.58723339624702930450439453125" lon="115.0632377900183200836181640625">
        <time>2026-05-13T23:26:03.000Z</time>
        <extensions>
          <ns3:TrackPointExtension>
            <ns3:hr>109</ns3:hr>
          </ns3:TrackPointExtension>
        </extensions>
      </trkpt>
      <trkpt lat="-8.58722836710512638092041015625" lon="115.06324809975922107696533203125">
        <time>2026-05-13T23:26:04.000Z</time>
        <extensions>
          <ns3:TrackPointExtension>
            <ns3:hr>110</ns3:hr>
          </ns3:TrackPointExtension>
        </extensions>
      </trkpt>
      <trkpt lat="-8.58723222278058528900146484375" lon="115.06325128488242626190185546875">
        <time>2026-05-13T23:26:05.000Z</time>
        <extensions>
          <ns3:TrackPointExtension>
            <ns3:hr>109</ns3:hr>
          </ns3:TrackPointExtension>
        </extensions>
      </trkpt>
      <trkpt lat="-8.58722015284001827239990234375" lon="115.06325765512883663177490234375">
        <time>2026-05-13T23:26:06.000Z</time>
        <extensions>
          <ns3:TrackPointExtension>
            <ns3:hr>109</ns3:hr>
          </ns3:TrackPointExtension>
        </extensions>
      </trkpt>
      <trkpt lat="-8.587218225002288818359375" lon="115.063256062567234039306640625">
        <time>2026-05-13T23:26:07.000Z</time>
        <extensions>
          <ns3:TrackPointExtension>
            <ns3:hr>110</ns3:hr>
          </ns3:TrackPointExtension>
        </extensions>
      </trkpt>
      <trkpt lat="-8.58720355667173862457275390625" lon="115.0632599182426929473876953125">
        <time>2026-05-13T23:26:08.000Z</time>
        <extensions>
          <ns3:TrackPointExtension>
            <ns3:hr>112</ns3:hr>
          </ns3:TrackPointExtension>
        </extensions>
      </trkpt>
      <trkpt lat="-8.5871996171772480010986328125" lon="115.063266120851039886474609375">
        <time>2026-05-13T23:26:09.000Z</time>
        <extensions>
          <ns3:TrackPointExtension>
            <ns3:hr>114</ns3:hr>
          </ns3:TrackPointExtension>
        </extensions>
      </trkpt>
      <trkpt lat="-8.587205149233341217041015625" lon="115.06325916387140750885009765625">
        <time>2026-05-13T23:26:10.000Z</time>
        <extensions>
          <ns3:TrackPointExtension>
            <ns3:hr>116</ns3:hr>
          </ns3:TrackPointExtension>
        </extensions>
      </trkpt>
      <trkpt lat="-8.58722350560128688812255859375" lon="115.06325061433017253875732421875">
        <time>2026-05-13T23:26:11.000Z</time>
        <extensions>
          <ns3:TrackPointExtension>
            <ns3:hr>117</ns3:hr>
          </ns3:TrackPointExtension>
        </extensions>
      </trkpt>
      <trkpt lat="-8.587245047092437744140625" lon="115.06323787383735179901123046875">
        <time>2026-05-13T23:26:12.000Z</time>
        <extensions>
          <ns3:TrackPointExtension>
            <ns3:hr>119</ns3:hr>
          </ns3:TrackPointExtension>
        </extensions>
      </trkpt>
      <trkpt lat="-8.5872468911111354827880859375" lon="115.06324139423668384552001953125">
        <time>2026-05-13T23:26:13.000Z</time>
        <extensions>
          <ns3:TrackPointExtension>
            <ns3:hr>121</ns3:hr>
          </ns3:TrackPointExtension>
        </extensions>
      </trkpt>
      <trkpt lat="-8.58726088888943195343017578125" lon="115.0632287375628948211669921875">
        <time>2026-05-13T23:26:14.000Z</time>
        <extensions>
          <ns3:TrackPointExtension>
            <ns3:hr>121</ns3:hr>
          </ns3:TrackPointExtension>
        </extensions>
      </trkpt>
      <trkpt lat="-8.5872730426490306854248046875" lon="115.06321742199361324310302734375">
        <time>2026-05-13T23:26:15.000Z</time>
        <extensions>
          <ns3:TrackPointExtension>
            <ns3:hr>120</ns3:hr>
          </ns3:TrackPointExtension>
        </extensions>
      </trkpt>
      <trkpt lat="-8.587287627160549163818359375" lon="115.06319797597825527191162109375">
        <time>2026-05-13T23:26:16.000Z</time>
        <extensions>
          <ns3:TrackPointExtension>
            <ns3:hr>119</ns3:hr>
          </ns3:TrackPointExtension>
        </extensions>
      </trkpt>
      <trkpt lat="-8.58729525469243526458740234375" lon="115.06318531930446624755859375">
        <time>2026-05-13T23:26:17.000Z</time>
        <extensions>
          <ns3:TrackPointExtension>
            <ns3:hr>119</ns3:hr>
          </ns3:TrackPointExtension>
        </extensions>
      </trkpt>
      <trkpt lat="-8.5873069055378437042236328125" lon="115.0631841458380222320556640625">
        <time>2026-05-13T23:26:18.000Z</time>
        <extensions>
          <ns3:TrackPointExtension>
            <ns3:hr>120</ns3:hr>
          </ns3:TrackPointExtension>
        </extensions>
      </trkpt>
      <trkpt lat="-8.58730145730078220367431640625" lon="115.06319093517959117889404296875">
        <time>2026-05-13T23:26:19.000Z</time>
        <extensions>
          <ns3:TrackPointExtension>
            <ns3:hr>121</ns3:hr>
          </ns3:TrackPointExtension>
        </extensions>
      </trkpt>
      <trkpt lat="-8.587299026548862457275390625" lon="115.0631871633231639862060546875">
        <time>2026-05-13T23:26:20.000Z</time>
        <extensions>
          <ns3:TrackPointExtension>
            <ns3:hr>121</ns3:hr>
          </ns3:TrackPointExtension>
        </extensions>
      </trkpt>
      <trkpt lat="-8.58730338513851165771484375" lon="115.06316310726106166839599609375">
        <time>2026-05-13T23:26:21.000Z</time>
        <extensions>
          <ns3:TrackPointExtension>
            <ns3:hr>121</ns3:hr>
          </ns3:TrackPointExtension>
        </extensions>
      </trkpt>
      <trkpt lat="-8.5873069055378437042236328125" lon="115.063148774206638336181640625">
        <time>2026-05-13T23:26:22.000Z</time>
        <extensions>
          <ns3:TrackPointExtension>
            <ns3:hr>121</ns3:hr>
          </ns3:TrackPointExtension>
        </extensions>
      </trkpt>
      <trkpt lat="-8.58730874955654144287109375" lon="115.06313645280897617340087890625">
        <time>2026-05-13T23:26:23.000Z</time>
        <extensions>
          <ns3:TrackPointExtension>
            <ns3:hr>121</ns3:hr>
          </ns3:TrackPointExtension>
        </extensions>
      </trkpt>
      <trkpt lat="-8.58730950392782688140869140625" lon="115.06313125602900981903076171875">
        <time>2026-05-13T23:26:24.000Z</time>
        <extensions>
          <ns3:TrackPointExtension>
            <ns3:hr>121</ns3:hr>
          </ns3:TrackPointExtension>
        </extensions>
      </trkpt>
      <trkpt lat="-8.58731302432715892791748046875" lon="115.06312689743936061859130859375">
        <time>2026-05-13T23:26:25.000Z</time>
        <extensions>
          <ns3:TrackPointExtension>
            <ns3:hr>119</ns3:hr>
          </ns3:TrackPointExtension>
        </extensions>
      </trkpt>
      <trkpt lat="-8.58731755055487155914306640625" lon="115.063121952116489410400390625">
        <time>2026-05-13T23:26:26.000Z</time>
        <extensions>
          <ns3:TrackPointExtension>
            <ns3:hr>120</ns3:hr>
          </ns3:TrackPointExtension>
        </extensions>
      </trkpt>
      <trkpt lat="-8.58732216060161590576171875" lon="115.0631149113178253173828125">
        <time>2026-05-13T23:26:27.000Z</time>
        <extensions>
          <ns3:TrackPointExtension>
            <ns3:hr>118</ns3:hr>
          </ns3:TrackPointExtension>
        </extensions>
      </trkpt>
      <trkpt lat="-8.5873360745608806610107421875" lon="115.06311164237558841705322265625">
        <time>2026-05-13T23:26:28.000Z</time>
        <extensions>
          <ns3:TrackPointExtension>
            <ns3:hr>119</ns3:hr>
          </ns3:TrackPointExtension>
        </extensions>
      </trkpt>
      <trkpt lat="-8.5873360745608806610107421875" lon="115.06311164237558841705322265625">
        <time>2026-05-13T23:26:29.000Z</time>
        <extensions>
          <ns3:TrackPointExtension>
            <ns3:hr>119</ns3:hr>
          </ns3:TrackPointExtension>
        </extensions>
      </trkpt>
      <trkpt lat="-8.58734655193984508514404296875" lon="115.06310963071882724761962890625">
        <time>2026-05-13T23:26:30.000Z</time>
        <extensions>
          <ns3:TrackPointExtension>
            <ns3:hr>120</ns3:hr>
          </ns3:TrackPointExtension>
        </extensions>
      </trkpt>
      <trkpt lat="-8.5873536765575408935546875" lon="115.0631082057952880859375">
        <time>2026-05-13T23:26:31.000Z</time>
        <extensions>
          <ns3:TrackPointExtension>
            <ns3:hr>121</ns3:hr>
          </ns3:TrackPointExtension>
        </extensions>
      </trkpt>
      <trkpt lat="-8.58736080117523670196533203125" lon="115.0631066970527172088623046875">
        <time>2026-05-13T23:26:32.000Z</time>
        <extensions>
          <ns3:TrackPointExtension>
            <ns3:hr>121</ns3:hr>
          </ns3:TrackPointExtension>
        </extensions>
      </trkpt>
      <trkpt lat="-8.58736298047006130218505859375" lon="115.06310409866273403167724609375">
        <time>2026-05-13T23:26:33.000Z</time>
        <extensions>
          <ns3:TrackPointExtension>
            <ns3:hr>122</ns3:hr>
          </ns3:TrackPointExtension>
        </extensions>
      </trkpt>
      <trkpt lat="-8.58736909925937652587890625" lon="115.06309303455054759979248046875">
        <time>2026-05-13T23:26:34.000Z</time>
        <extensions>
          <ns3:TrackPointExtension>
            <ns3:hr>123</ns3:hr>
          </ns3:TrackPointExtension>
        </extensions>
      </trkpt>
      <trkpt lat="-8.58737153001129627227783203125" lon="115.06308733485639095306396484375">
        <time>2026-05-13T23:26:35.000Z</time>
        <extensions>
          <ns3:TrackPointExtension>
            <ns3:hr>123</ns3:hr>
          </ns3:TrackPointExtension>
        </extensions>
      </trkpt>
      <trkpt lat="-8.58737312257289886474609375" lon="115.06307392381131649017333984375">
        <time>2026-05-13T23:26:36.000Z</time>
        <extensions>
          <ns3:TrackPointExtension>
            <ns3:hr>124</ns3:hr>
          </ns3:TrackPointExtension>
        </extensions>
      </trkpt>
      <trkpt lat="-8.58735971152782440185546875" lon="115.063056908547878265380859375">
        <time>2026-05-13T23:26:37.000Z</time>
        <extensions>
          <ns3:TrackPointExtension>
            <ns3:hr>124</ns3:hr>
          </ns3:TrackPointExtension>
        </extensions>
      </trkpt>
      <trkpt lat="-8.58734990470111370086669921875" lon="115.06304584443569183349609375">
        <time>2026-05-13T23:26:38.000Z</time>
        <extensions>
          <ns3:TrackPointExtension>
            <ns3:hr>125</ns3:hr>
          </ns3:TrackPointExtension>
        </extensions>
      </trkpt>
      <trkpt lat="-8.58733733184635639190673828125" lon="115.0630317628383636474609375">
        <time>2026-05-13T23:26:39.000Z</time>
        <extensions>
          <ns3:TrackPointExtension>
            <ns3:hr>126</ns3:hr>
          </ns3:TrackPointExtension>
        </extensions>
      </trkpt>
      <trkpt lat="-8.58732894994318485260009765625" lon="115.06302530877292156219482421875">
        <time>2026-05-13T23:26:40.000Z</time>
        <extensions>
          <ns3:TrackPointExtension>
            <ns3:hr>127</ns3:hr>
          </ns3:TrackPointExtension>
        </extensions>
      </trkpt>
      <trkpt lat="-8.58732794411480426788330078125" lon="115.06301860325038433074951171875">
        <time>2026-05-13T23:26:41.000Z</time>
        <extensions>
          <ns3:TrackPointExtension>
            <ns3:hr>127</ns3:hr>
          </ns3:TrackPointExtension>
        </extensions>
      </trkpt>
      <trkpt lat="-8.58728352002799510955810546875" lon="115.06300502456724643707275390625">
        <time>2026-05-13T23:26:52.000Z</time>
        <extensions>
          <ns3:TrackPointExtension>
            <ns3:hr>128</ns3:hr>
          </ns3:TrackPointExtension>
        </extensions>
      </trkpt>
      <trkpt lat="-8.587312437593936920166015625" lon="115.06304408423602581024169921875">
        <time>2026-05-13T23:26:53.000Z</time>
        <extensions>
          <ns3:TrackPointExtension>
            <ns3:hr>128</ns3:hr>
          </ns3:TrackPointExtension>
        </extensions>
      </trkpt>
      <trkpt lat="-8.58732509426772594451904296875" lon="115.06305397488176822662353515625">
        <time>2026-05-13T23:26:54.000Z</time>
        <extensions>
          <ns3:TrackPointExtension>
            <ns3:hr>129</ns3:hr>
          </ns3:TrackPointExtension>
        </extensions>
      </trkpt>
      <trkpt lat="-8.5873166285455226898193359375" lon="115.0630339421331882476806640625">
        <time>2026-05-13T23:26:55.000Z</time>
        <extensions>
          <ns3:TrackPointExtension>
            <ns3:hr>130</ns3:hr>
          </ns3:TrackPointExtension>
        </extensions>
      </trkpt>
      <trkpt lat="-8.587317131459712982177734375" lon="115.0630108080804347991943359375">
        <time>2026-05-13T23:26:56.000Z</time>
        <extensions>
          <ns3:TrackPointExtension>
            <ns3:hr>131</ns3:hr>
          </ns3:TrackPointExtension>
        </extensions>
      </trkpt>
      <trkpt lat="-8.58732559718191623687744140625" lon="115.0630131550133228302001953125">
        <time>2026-05-13T23:26:57.000Z</time>
        <extensions>
          <ns3:TrackPointExtension>
            <ns3:hr>132</ns3:hr>
          </ns3:TrackPointExtension>
        </extensions>
      </trkpt>
      <trkpt lat="-8.5873300395905971527099609375" lon="115.0630121491849422454833984375">
        <time>2026-05-13T23:26:58.000Z</time>
        <extensions>
          <ns3:TrackPointExtension>
            <ns3:hr>132</ns3:hr>
          </ns3:TrackPointExtension>
        </extensions>
      </trkpt>
      <trkpt lat="-8.58733012340962886810302734375" lon="115.06301122717559337615966796875">
        <time>2026-05-13T23:26:59.000Z</time>
        <extensions>
          <ns3:TrackPointExtension>
            <ns3:hr>134</ns3:hr>
          </ns3:TrackPointExtension>
        </extensions>
      </trkpt>
      <trkpt lat="-8.58734252862632274627685546875" lon="115.06299848668277263641357421875">
        <time>2026-05-13T23:27:00.000Z</time>
        <extensions>
          <ns3:TrackPointExtension>
            <ns3:hr>135</ns3:hr>
          </ns3:TrackPointExtension>
        </extensions>
      </trkpt>
      <trkpt lat="-8.587357364594936370849609375" lon="115.062985830008983612060546875">
        <time>2026-05-13T23:27:01.000Z</time>
        <extensions>
          <ns3:TrackPointExtension>
            <ns3:hr>138</ns3:hr>
          </ns3:TrackPointExtension>
        </extensions>
      </trkpt>
      <trkpt lat="-8.587369434535503387451171875" lon="115.0629749335348606109619140625">
        <time>2026-05-13T23:27:02.000Z</time>
        <extensions>
          <ns3:TrackPointExtension>
            <ns3:hr>136</ns3:hr>
          </ns3:TrackPointExtension>
        </extensions>
      </trkpt>
      <trkpt lat="-8.5873763076961040496826171875" lon="115.06296797655522823333740234375">
        <time>2026-05-13T23:27:03.000Z</time>
        <extensions>
          <ns3:TrackPointExtension>
            <ns3:hr>138</ns3:hr>
          </ns3:TrackPointExtension>
        </extensions>
      </trkpt>
      <trkpt lat="-8.587380833923816680908203125" lon="115.06295741535723209381103515625">
        <time>2026-05-13T23:27:04.000Z</time>
        <extensions>
          <ns3:TrackPointExtension>
            <ns3:hr>137</ns3:hr>
          </ns3:TrackPointExtension>
        </extensions>
      </trkpt>
      <trkpt lat="-8.5873806662857532501220703125" lon="115.06295456551015377044677734375">
        <time>2026-05-13T23:27:05.000Z</time>
        <extensions>
          <ns3:TrackPointExtension>
            <ns3:hr>137</ns3:hr>
          </ns3:TrackPointExtension>
        </extensions>
      </trkpt>
      <trkpt lat="-8.5873964242637157440185546875" lon="115.062951631844043731689453125">
        <time>2026-05-13T23:27:06.000Z</time>
        <extensions>
          <ns3:TrackPointExtension>
            <ns3:hr>136</ns3:hr>
          </ns3:TrackPointExtension>
        </extensions>
      </trkpt>
      <trkpt lat="-8.58740539290010929107666015625" lon="115.062948279082775115966796875">
        <time>2026-05-13T23:27:07.000Z</time>
        <extensions>
          <ns3:TrackPointExtension>
            <ns3:hr>136</ns3:hr>
          </ns3:TrackPointExtension>
        </extensions>
      </trkpt>
      <trkpt lat="-8.587412349879741668701171875" lon="115.0629459321498870849609375">
        <time>2026-05-13T23:27:08.000Z</time>
        <extensions>
          <ns3:TrackPointExtension>
            <ns3:hr>139</ns3:hr>
          </ns3:TrackPointExtension>
        </extensions>
      </trkpt>
      <trkpt lat="-8.58767109923064708709716796875" lon="115.06286001764237880706787109375">
        <time>2026-05-13T23:28:37.000Z</time>
        <extensions>
          <ns3:TrackPointExtension>
            <ns3:hr>125</ns3:hr>
          </ns3:TrackPointExtension>
        </extensions>
      </trkpt>
      <trkpt lat="-8.58763304539024829864501953125" lon="115.0628924556076526641845703125">
        <time>2026-05-13T23:28:38.000Z</time>
        <extensions>
          <ns3:TrackPointExtension>
            <ns3:hr>123</ns3:hr>
          </ns3:TrackPointExtension>
        </extensions>
      </trkpt>
      <trkpt lat="-8.58758359216153621673583984375" lon="115.0629102252423763275146484375">
        <time>2026-05-13T23:28:39.000Z</time>
        <extensions>
          <ns3:TrackPointExtension>
            <ns3:hr>122</ns3:hr>
          </ns3:TrackPointExtension>
        </extensions>
      </trkpt>
      <trkpt lat="-8.58758996240794658660888671875" lon="115.06292690522968769073486328125">
        <time>2026-05-13T23:28:40.000Z</time>
        <extensions>
          <ns3:TrackPointExtension>
            <ns3:hr>121</ns3:hr>
          </ns3:TrackPointExtension>
        </extensions>
      </trkpt>
      <trkpt lat="-8.587508909404277801513671875" lon="115.06283587776124477386474609375">
        <time>2026-05-13T23:28:56.000Z</time>
        <extensions>
          <ns3:TrackPointExtension>
            <ns3:hr>120</ns3:hr>
          </ns3:TrackPointExtension>
        </extensions>
      </trkpt>
      <trkpt lat="-8.5877454467117786407470703125" lon="115.06288231350481510162353515625">
        <time>2026-05-13T23:28:57.000Z</time>
        <extensions>
          <ns3:TrackPointExtension>
            <ns3:hr>121</ns3:hr>
          </ns3:TrackPointExtension>
        </extensions>
      </trkpt>
      <trkpt lat="-8.58766724355518817901611328125" lon="115.062838979065418243408203125">
        <time>2026-05-13T23:28:58.000Z</time>
        <extensions>
          <ns3:TrackPointExtension>
            <ns3:hr>121</ns3:hr>
          </ns3:TrackPointExtension>
        </extensions>
      </trkpt>
      <trkpt lat="-8.58761988580226898193359375" lon="115.0628788769245147705078125">
        <time>2026-05-13T23:28:59.000Z</time>
        <extensions>
          <ns3:TrackPointExtension>
            <ns3:hr>121</ns3:hr>
          </ns3:TrackPointExtension>
        </extensions>
      </trkpt>
      <trkpt lat="-8.58760706149041652679443359375" lon="115.062918774783611297607421875">
        <time>2026-05-13T23:29:00.000Z</time>
        <extensions>
          <ns3:TrackPointExtension>
            <ns3:hr>120</ns3:hr>
          </ns3:TrackPointExtension>
        </extensions>
      </trkpt>
      <trkpt lat="-8.5875697620213031768798828125" lon="115.06289270706474781036376953125">
        <time>2026-05-13T23:29:01.000Z</time>
        <extensions>
          <ns3:TrackPointExtension>
            <ns3:hr>121</ns3:hr>
          </ns3:TrackPointExtension>
        </extensions>
      </trkpt>
      <trkpt lat="-8.58754050917923450469970703125" lon="115.06287829019129276275634765625">
        <time>2026-05-13T23:29:02.000Z</time>
        <extensions>
          <ns3:TrackPointExtension>
            <ns3:hr>121</ns3:hr>
          </ns3:TrackPointExtension>
        </extensions>
      </trkpt>
      <trkpt lat="-8.5875590331852436065673828125" lon="115.0628689862787723541259765625">
        <time>2026-05-13T23:29:03.000Z</time>
        <extensions>
          <ns3:TrackPointExtension>
            <ns3:hr>121</ns3:hr>
          </ns3:TrackPointExtension>
        </extensions>
      </trkpt>
      <trkpt lat="-8.587576635181903839111328125" lon="115.06286487914621829986572265625">
        <time>2026-05-13T23:29:04.000Z</time>
        <extensions>
          <ns3:TrackPointExtension>
            <ns3:hr>121</ns3:hr>
          </ns3:TrackPointExtension>
        </extensions>
      </trkpt>
      <trkpt lat="-8.58760370872914791107177734375" lon="115.06285700015723705291748046875">
        <time>2026-05-13T23:29:05.000Z</time>
        <extensions>
          <ns3:TrackPointExtension>
            <ns3:hr>121</ns3:hr>
          </ns3:TrackPointExtension>
        </extensions>
      </trkpt>
      <trkpt lat="-8.58762466348707675933837890625" lon="115.06284107454121112823486328125">
        <time>2026-05-13T23:29:06.000Z</time>
        <extensions>
          <ns3:TrackPointExtension>
            <ns3:hr>120</ns3:hr>
          </ns3:TrackPointExtension>
        </extensions>
      </trkpt>
      <trkpt lat="-8.587612845003604888916015625" lon="115.062889270484447479248046875">
        <time>2026-05-13T23:29:07.000Z</time>
        <extensions>
          <ns3:TrackPointExtension>
            <ns3:hr>120</ns3:hr>
          </ns3:TrackPointExtension>
        </extensions>
      </trkpt>
      <trkpt lat="-8.58760555274784564971923828125" lon="115.06291869096457958221435546875">
        <time>2026-05-13T23:29:08.000Z</time>
        <extensions>
          <ns3:TrackPointExtension>
            <ns3:hr>120</ns3:hr>
          </ns3:TrackPointExtension>
        </extensions>
      </trkpt>
      <trkpt lat="-8.58761024661362171173095703125" lon="115.06289832293987274169921875">
        <time>2026-05-13T23:29:09.000Z</time>
        <extensions>
          <ns3:TrackPointExtension>
            <ns3:hr>119</ns3:hr>
          </ns3:TrackPointExtension>
        </extensions>
      </trkpt>
      <trkpt lat="-8.58761058188974857330322265625" lon="115.0628948025405406951904296875">
        <time>2026-05-13T23:29:10.000Z</time>
        <extensions>
          <ns3:TrackPointExtension>
            <ns3:hr>119</ns3:hr>
          </ns3:TrackPointExtension>
        </extensions>
      </trkpt>
      <trkpt lat="-8.58760907314717769622802734375" lon="115.06289337761700153350830078125">
        <time>2026-05-13T23:29:11.000Z</time>
        <extensions>
          <ns3:TrackPointExtension>
            <ns3:hr>119</ns3:hr>
          </ns3:TrackPointExtension>
        </extensions>
      </trkpt>
      <trkpt lat="-8.58825766481459140777587890625" lon="115.06276555359363555908203125">
        <time>2026-05-13T23:30:17.000Z</time>
        <extensions>
          <ns3:TrackPointExtension>
            <ns3:hr>135</ns3:hr>
          </ns3:TrackPointExtension>
        </extensions>
      </trkpt>
      <trkpt lat="-8.58718478120863437652587890625" lon="115.06243295967578887939453125">
        <time>2026-05-13T23:30:18.000Z</time>
        <extensions>
          <ns3:TrackPointExtension>
            <ns3:hr>135</ns3:hr>
          </ns3:TrackPointExtension>
        </extensions>
      </trkpt>
      <trkpt lat="-8.5879241488873958587646484375" lon="115.06300100125372409820556640625">
        <time>2026-05-13T23:30:19.000Z</time>
        <extensions>
          <ns3:TrackPointExtension>
            <ns3:hr>136</ns3:hr>
          </ns3:TrackPointExtension>
        </extensions>
      </trkpt>
      <trkpt lat="-8.588039316236972808837890625" lon="115.0630191899836063385009765625">
        <time>2026-05-13T23:30:20.000Z</time>
        <extensions>
          <ns3:TrackPointExtension>
            <ns3:hr>137</ns3:hr>
          </ns3:TrackPointExtension>
        </extensions>
      </trkpt>
      <trkpt lat="-8.5877638868987560272216796875" lon="115.06282732822000980377197265625">
        <time>2026-05-13T23:30:21.000Z</time>
        <extensions>
          <ns3:TrackPointExtension>
            <ns3:hr>138</ns3:hr>
          </ns3:TrackPointExtension>
        </extensions>
      </trkpt>
      <trkpt lat="-8.5876975022256374359130859375" lon="115.06281525827944278717041015625">
        <time>2026-05-13T23:30:22.000Z</time>
        <extensions>
          <ns3:TrackPointExtension>
            <ns3:hr>139</ns3:hr>
          </ns3:TrackPointExtension>
        </extensions>
      </trkpt>
      <trkpt lat="-8.58766078948974609375" lon="115.0627898611128330230712890625">
        <time>2026-05-13T23:30:23.000Z</time>
        <extensions>
          <ns3:TrackPointExtension>
            <ns3:hr>139</ns3:hr>
          </ns3:TrackPointExtension>
        </extensions>
      </trkpt>
      <trkpt lat="-8.587652407586574554443359375" lon="115.0627814792096614837646484375">
        <time>2026-05-13T23:30:24.000Z</time>
        <extensions>
          <ns3:TrackPointExtension>
            <ns3:hr>139</ns3:hr>
          </ns3:TrackPointExtension>
        </extensions>
      </trkpt>
      <trkpt lat="-8.587690629065036773681640625" lon="115.0627777911722660064697265625">
        <time>2026-05-13T23:30:25.000Z</time>
        <extensions>
          <ns3:TrackPointExtension>
            <ns3:hr>140</ns3:hr>
          </ns3:TrackPointExtension>
        </extensions>
      </trkpt>
      <trkpt lat="-8.58757956884801387786865234375" lon="115.06270386278629302978515625">
        <time>2026-05-13T23:30:47.000Z</time>
        <extensions>
          <ns3:TrackPointExtension>
            <ns3:hr>135</ns3:hr>
          </ns3:TrackPointExtension>
        </extensions>
      </trkpt>
      <trkpt lat="-8.5875654034316539764404296875" lon="115.06265063770115375518798828125">
        <time>2026-05-13T23:31:11.000Z</time>
        <extensions>
          <ns3:TrackPointExtension>
            <ns3:hr>117</ns3:hr>
          </ns3:TrackPointExtension>
        </extensions>
      </trkpt>
      <trkpt lat="-8.58775399625301361083984375" lon="115.06281693466007709503173828125">
        <time>2026-05-13T23:31:12.000Z</time>
        <extensions>
          <ns3:TrackPointExtension>
            <ns3:hr>117</ns3:hr>
          </ns3:TrackPointExtension>
        </extensions>
      </trkpt>
      <trkpt lat="-8.5877895355224609375" lon="115.06270964629948139190673828125">
        <time>2026-05-13T23:34:01.000Z</time>
        <extensions>
          <ns3:TrackPointExtension>
            <ns3:hr>122</ns3:hr>
          </ns3:TrackPointExtension>
        </extensions>
      </trkpt>
      <trkpt lat="-8.58778123743832111358642578125" lon="115.062703192234039306640625">
        <time>2026-05-13T23:34:02.000Z</time>
        <extensions>
          <ns3:TrackPointExtension>
            <ns3:hr>123</ns3:hr>
          </ns3:TrackPointExtension>
        </extensions>
      </trkpt>
      <trkpt lat="-8.5876767151057720184326171875" lon="115.06262599490582942962646484375">
        <time>2026-05-13T23:34:03.000Z</time>
        <extensions>
          <ns3:TrackPointExtension>
            <ns3:hr>123</ns3:hr>
          </ns3:TrackPointExtension>
        </extensions>
      </trkpt>
      <trkpt lat="-8.58774938620626926422119140625" lon="115.0626168586313724517822265625">
        <time>2026-05-13T23:34:04.000Z</time>
        <extensions>
          <ns3:TrackPointExtension>
            <ns3:hr>126</ns3:hr>
          </ns3:TrackPointExtension>
        </extensions>
      </trkpt>
      <trkpt lat="-8.58775399625301361083984375" lon="115.0625960715115070343017578125">
        <time>2026-05-13T23:34:05.000Z</time>
        <extensions>
          <ns3:TrackPointExtension>
            <ns3:hr>126</ns3:hr>
          </ns3:TrackPointExtension>
        </extensions>
      </trkpt>
      <trkpt lat="-8.5877581872045993804931640625" lon="115.06261643953621387481689453125">
        <time>2026-05-13T23:34:06.000Z</time>
        <extensions>
          <ns3:TrackPointExtension>
            <ns3:hr>127</ns3:hr>
          </ns3:TrackPointExtension>
        </extensions>
      </trkpt>
      <trkpt lat="-8.5877558402717113494873046875" lon="115.062637813389301300048828125">
        <time>2026-05-13T23:34:07.000Z</time>
        <extensions>
          <ns3:TrackPointExtension>
            <ns3:hr>128</ns3:hr>
          </ns3:TrackPointExtension>
        </extensions>
      </trkpt>
      <trkpt lat="-8.58775190077722072601318359375" lon="115.06263722665607929229736328125">
        <time>2026-05-13T23:34:08.000Z</time>
        <extensions>
          <ns3:TrackPointExtension>
            <ns3:hr>129</ns3:hr>
          </ns3:TrackPointExtension>
        </extensions>
      </trkpt>
      <trkpt lat="-8.58774737454950809478759765625" lon="115.062656588852405548095703125">
        <time>2026-05-13T23:34:09.000Z</time>
        <extensions>
          <ns3:TrackPointExtension>
            <ns3:hr>130</ns3:hr>
          </ns3:TrackPointExtension>
        </extensions>
      </trkpt>
      <trkpt lat="-8.58774863183498382568359375" lon="115.06266497075557708740234375">
        <time>2026-05-13T23:34:10.000Z</time>
        <extensions>
          <ns3:TrackPointExtension>
            <ns3:hr>131</ns3:hr>
          </ns3:TrackPointExtension>
        </extensions>
      </trkpt>
      <trkpt lat="-8.58775005675852298736572265625" lon="115.0626790523529052734375">
        <time>2026-05-13T23:34:11.000Z</time>
        <extensions>
          <ns3:TrackPointExtension>
            <ns3:hr>132</ns3:hr>
          </ns3:TrackPointExtension>
        </extensions>
      </trkpt>
      <trkpt lat="-8.5877548344433307647705078125" lon="115.0626669824123382568359375">
        <time>2026-05-13T23:34:12.000Z</time>
        <extensions>
          <ns3:TrackPointExtension>
            <ns3:hr>133</ns3:hr>
          </ns3:TrackPointExtension>
        </extensions>
      </trkpt>
      <trkpt lat="-8.5877578519284725189208984375" lon="115.062647871673107147216796875">
        <time>2026-05-13T23:34:13.000Z</time>
        <extensions>
          <ns3:TrackPointExtension>
            <ns3:hr>134</ns3:hr>
          </ns3:TrackPointExtension>
        </extensions>
      </trkpt>
      <trkpt lat="-8.5877605341374874114990234375" lon="115.062637142837047576904296875">
        <time>2026-05-13T23:34:14.000Z</time>
        <extensions>
          <ns3:TrackPointExtension>
            <ns3:hr>135</ns3:hr>
          </ns3:TrackPointExtension>
        </extensions>
      </trkpt>
      <trkpt lat="-8.58775324188172817230224609375" lon="115.0626409985125064849853515625">
        <time>2026-05-13T23:34:15.000Z</time>
        <extensions>
          <ns3:TrackPointExtension>
            <ns3:hr>136</ns3:hr>
          </ns3:TrackPointExtension>
        </extensions>
      </trkpt>
      <trkpt lat="-8.5877457819879055023193359375" lon="115.0626698322594165802001953125">
        <time>2026-05-13T23:34:16.000Z</time>
        <extensions>
          <ns3:TrackPointExtension>
            <ns3:hr>137</ns3:hr>
          </ns3:TrackPointExtension>
        </extensions>
      </trkpt>
      <trkpt lat="-8.58772189356386661529541015625" lon="115.0627254880964756011962890625">
        <time>2026-05-13T23:34:17.000Z</time>
        <extensions>
          <ns3:TrackPointExtension>
            <ns3:hr>138</ns3:hr>
          </ns3:TrackPointExtension>
        </extensions>
      </trkpt>
      <trkpt lat="-8.58770362101495265960693359375" lon="115.06275775842368602752685546875">
        <time>2026-05-13T23:34:18.000Z</time>
        <extensions>
          <ns3:TrackPointExtension>
            <ns3:hr>138</ns3:hr>
          </ns3:TrackPointExtension>
        </extensions>
      </trkpt>
      <trkpt lat="-8.58767411671578884124755859375" lon="115.06280553527176380157470703125">
        <time>2026-05-13T23:34:19.000Z</time>
        <extensions>
          <ns3:TrackPointExtension>
            <ns3:hr>139</ns3:hr>
          </ns3:TrackPointExtension>
        </extensions>
      </trkpt>
      <trkpt lat="-8.58765584416687488555908203125" lon="115.062831602990627288818359375">
        <time>2026-05-13T23:34:20.000Z</time>
        <extensions>
          <ns3:TrackPointExtension>
            <ns3:hr>140</ns3:hr>
          </ns3:TrackPointExtension>
        </extensions>
      </trkpt>
      <trkpt lat="-8.58763421885669231414794921875" lon="115.06288499571382999420166015625">
        <time>2026-05-13T23:34:21.000Z</time>
        <extensions>
          <ns3:TrackPointExtension>
            <ns3:hr>140</ns3:hr>
          </ns3:TrackPointExtension>
        </extensions>
      </trkpt>
      <trkpt lat="-8.58760940842330455780029296875" lon="115.06294903345406055450439453125">
        <time>2026-05-13T23:34:22.000Z</time>
        <extensions>
          <ns3:TrackPointExtension>
            <ns3:hr>141</ns3:hr>
          </ns3:TrackPointExtension>
        </extensions>
      </trkpt>
      <trkpt lat="-8.5876076482236385345458984375" lon="115.06297300569713115692138671875">
        <time>2026-05-13T23:34:23.000Z</time>
        <extensions>
          <ns3:TrackPointExtension>
            <ns3:hr>141</ns3:hr>
          </ns3:TrackPointExtension>
        </extensions>
      </trkpt>
      <trkpt lat="-8.58760287053883075714111328125" lon="115.0629853270947933197021484375">
        <time>2026-05-13T23:34:24.000Z</time>
        <extensions>
          <ns3:TrackPointExtension>
            <ns3:hr>141</ns3:hr>
          </ns3:TrackPointExtension>
        </extensions>
      </trkpt>
      <trkpt lat="-8.58759566210210323333740234375" lon="115.063004605472087860107421875">
        <time>2026-05-13T23:34:25.000Z</time>
        <extensions>
          <ns3:TrackPointExtension>
            <ns3:hr>142</ns3:hr>
          </ns3:TrackPointExtension>
        </extensions>
      </trkpt>
      <trkpt lat="-8.5876029543578624725341796875" lon="115.0629906915128231048583984375">
        <time>2026-05-13T23:34:26.000Z</time>
        <extensions>
          <ns3:TrackPointExtension>
            <ns3:hr>142</ns3:hr>
          </ns3:TrackPointExtension>
        </extensions>
      </trkpt>
      <trkpt lat="-8.5876039601862430572509765625" lon="115.06300016306340694427490234375">
        <time>2026-05-13T23:34:27.000Z</time>
        <extensions>
          <ns3:TrackPointExtension>
            <ns3:hr>143</ns3:hr>
          </ns3:TrackPointExtension>
        </extensions>
      </trkpt>
      <trkpt lat="-8.5876111686229705810546875" lon="115.06299144588410854339599609375">
        <time>2026-05-13T23:34:28.000Z</time>
        <extensions>
          <ns3:TrackPointExtension>
            <ns3:hr>143</ns3:hr>
          </ns3:TrackPointExtension>
        </extensions>
      </trkpt>
      <trkpt lat="-8.5876099951565265655517578125" lon="115.06298976950347423553466796875">
        <time>2026-05-13T23:34:29.000Z</time>
        <extensions>
          <ns3:TrackPointExtension>
            <ns3:hr>143</ns3:hr>
          </ns3:TrackPointExtension>
        </extensions>
      </trkpt>
      <trkpt lat="-8.58760974369943141937255859375" lon="115.062998570501804351806640625">
        <time>2026-05-13T23:34:30.000Z</time>
        <extensions>
          <ns3:TrackPointExtension>
            <ns3:hr>144</ns3:hr>
          </ns3:TrackPointExtension>
        </extensions>
      </trkpt>
      <trkpt lat="-8.5876116715371608734130859375" lon="115.06299555301666259765625">
        <time>2026-05-13T23:34:31.000Z</time>
        <extensions>
          <ns3:TrackPointExtension>
            <ns3:hr>143</ns3:hr>
          </ns3:TrackPointExtension>
        </extensions>
      </trkpt>
      <trkpt lat="-8.58760052360594272613525390625" lon="115.06301273591816425323486328125">
        <time>2026-05-13T23:34:32.000Z</time>
        <extensions>
          <ns3:TrackPointExtension>
            <ns3:hr>144</ns3:hr>
          </ns3:TrackPointExtension>
        </extensions>
      </trkpt>
      <trkpt lat="-8.58759867958724498748779296875" lon="115.0630175136029720306396484375">
        <time>2026-05-13T23:34:33.000Z</time>
        <extensions>
          <ns3:TrackPointExtension>
            <ns3:hr>144</ns3:hr>
          </ns3:TrackPointExtension>
        </extensions>
      </trkpt>
      <trkpt lat="-8.58758962713181972503662109375" lon="115.0630208663642406463623046875">
        <time>2026-05-13T23:34:34.000Z</time>
        <extensions>
          <ns3:TrackPointExtension>
            <ns3:hr>145</ns3:hr>
          </ns3:TrackPointExtension>
        </extensions>
      </trkpt>
      <trkpt lat="-8.58758375979959964752197265625" lon="115.06303050555288791656494140625">
        <time>2026-05-13T23:34:35.000Z</time>
        <extensions>
          <ns3:TrackPointExtension>
            <ns3:hr>147</ns3:hr>
          </ns3:TrackPointExtension>
        </extensions>
      </trkpt>
      <trkpt lat="-8.58773765154182910919189453125" lon="115.06276555359363555908203125">
        <time>2026-05-13T23:35:45.000Z</time>
        <extensions>
          <ns3:TrackPointExtension>
            <ns3:hr>149</ns3:hr>
          </ns3:TrackPointExtension>
        </extensions>
      </trkpt>
      <trkpt lat="-8.58759851194918155670166015625" lon="115.06270327605307102203369140625">
        <time>2026-05-13T23:35:46.000Z</time>
        <extensions>
          <ns3:TrackPointExtension>
            <ns3:hr>148</ns3:hr>
          </ns3:TrackPointExtension>
        </extensions>
      </trkpt>
      <trkpt lat="-8.5876891203224658966064453125" lon="115.062745772302150726318359375">
        <time>2026-05-13T23:35:47.000Z</time>
        <extensions>
          <ns3:TrackPointExtension>
            <ns3:hr>149</ns3:hr>
          </ns3:TrackPointExtension>
        </extensions>
      </trkpt>
      <trkpt lat="-8.58770865015685558319091796875" lon="115.062775947153568267822265625">
        <time>2026-05-13T23:35:48.000Z</time>
        <extensions>
          <ns3:TrackPointExtension>
            <ns3:hr>149</ns3:hr>
          </ns3:TrackPointExtension>
        </extensions>
      </trkpt>
      <trkpt lat="-8.58771619386970996856689453125" lon="115.06265365518629550933837890625">
        <time>2026-05-13T23:35:49.000Z</time>
        <extensions>
          <ns3:TrackPointExtension>
            <ns3:hr>149</ns3:hr>
          </ns3:TrackPointExtension>
        </extensions>
      </trkpt>
      <trkpt lat="-8.5876918025314807891845703125" lon="115.0626664794981479644775390625">
        <time>2026-05-13T23:35:50.000Z</time>
        <extensions>
          <ns3:TrackPointExtension>
            <ns3:hr>149</ns3:hr>
          </ns3:TrackPointExtension>
        </extensions>
      </trkpt>
      <trkpt lat="-8.58768031932413578033447265625" lon="115.06266840733587741851806640625">
        <time>2026-05-13T23:35:51.000Z</time>
        <extensions>
          <ns3:TrackPointExtension>
            <ns3:hr>149</ns3:hr>
          </ns3:TrackPointExtension>
        </extensions>
      </trkpt>
      <trkpt lat="-8.587656430900096893310546875" lon="115.06267176009714603424072265625">
        <time>2026-05-13T23:35:52.000Z</time>
        <extensions>
          <ns3:TrackPointExtension>
            <ns3:hr>149</ns3:hr>
          </ns3:TrackPointExtension>
        </extensions>
      </trkpt>
      <trkpt lat="-8.58765282668173313140869140625" lon="115.06267460994422435760498046875">
        <time>2026-05-13T23:35:53.000Z</time>
        <extensions>
          <ns3:TrackPointExtension>
            <ns3:hr>149</ns3:hr>
          </ns3:TrackPointExtension>
        </extensions>
      </trkpt>
      <trkpt lat="-8.5876244120299816131591796875" lon="115.06268466822803020477294921875">
        <time>2026-05-13T23:35:55.000Z</time>
        <extensions>
          <ns3:TrackPointExtension>
            <ns3:hr>149</ns3:hr>
          </ns3:TrackPointExtension>
        </extensions>
      </trkpt>
      <trkpt lat="-8.58761988580226898193359375" lon="115.0626919604837894439697265625">
        <time>2026-05-13T23:35:56.000Z</time>
        <extensions>
          <ns3:TrackPointExtension>
            <ns3:hr>149</ns3:hr>
          </ns3:TrackPointExtension>
        </extensions>
      </trkpt>
      <trkpt lat="-8.5876234062016010284423828125" lon="115.06270964629948139190673828125">
        <time>2026-05-13T23:35:57.000Z</time>
        <extensions>
          <ns3:TrackPointExtension>
            <ns3:hr>149</ns3:hr>
          </ns3:TrackPointExtension>
        </extensions>
      </trkpt>
      <trkpt lat="-8.58762332238256931304931640625" lon="115.06271333433687686920166015625">
        <time>2026-05-13T23:35:58.000Z</time>
        <extensions>
          <ns3:TrackPointExtension>
            <ns3:hr>149</ns3:hr>
          </ns3:TrackPointExtension>
        </extensions>
      </trkpt>
      <trkpt lat="-8.58763589523732662200927734375" lon="115.06273613311350345611572265625">
        <time>2026-05-13T23:35:59.000Z</time>
        <extensions>
          <ns3:TrackPointExtension>
            <ns3:hr>149</ns3:hr>
          </ns3:TrackPointExtension>
        </extensions>
      </trkpt>
      <trkpt lat="-8.58764444477856159210205078125" lon="115.06276479922235012054443359375">
        <time>2026-05-13T23:36:01.000Z</time>
        <extensions>
          <ns3:TrackPointExtension>
            <ns3:hr>149</ns3:hr>
          </ns3:TrackPointExtension>
        </extensions>
      </trkpt>
      <trkpt lat="-8.587676547467708587646484375" lon="115.0627955608069896697998046875">
        <time>2026-05-13T23:36:20.000Z</time>
        <extensions>
          <ns3:TrackPointExtension>
            <ns3:hr>139</ns3:hr>
          </ns3:TrackPointExtension>
        </extensions>
      </trkpt>
      <trkpt lat="-8.58756490051746368408203125" lon="115.06275004707276821136474609375">
        <time>2026-05-13T23:36:21.000Z</time>
        <extensions>
          <ns3:TrackPointExtension>
            <ns3:hr>138</ns3:hr>
          </ns3:TrackPointExtension>
        </extensions>
      </trkpt>
      <trkpt lat="-8.58752542175352573394775390625" lon="115.06276932545006275177001953125">
        <time>2026-05-13T23:36:22.000Z</time>
        <extensions>
          <ns3:TrackPointExtension>
            <ns3:hr>136</ns3:hr>
          </ns3:TrackPointExtension>
        </extensions>
      </trkpt>
      <trkpt lat="-8.5875855199992656707763671875" lon="115.06280587054789066314697265625">
        <time>2026-05-13T23:36:23.000Z</time>
        <extensions>
          <ns3:TrackPointExtension>
            <ns3:hr>134</ns3:hr>
          </ns3:TrackPointExtension>
        </extensions>
      </trkpt>
      <trkpt lat="-8.5877028666436672210693359375" lon="115.0628193654119968414306640625">
        <time>2026-05-13T23:36:24.000Z</time>
        <extensions>
          <ns3:TrackPointExtension>
            <ns3:hr>133</ns3:hr>
          </ns3:TrackPointExtension>
        </extensions>
      </trkpt>
      <trkpt lat="-8.58772843144834041595458984375" lon="115.06259716115891933441162109375">
        <time>2026-05-13T23:37:11.000Z</time>
        <extensions>
          <ns3:TrackPointExtension>
            <ns3:hr>140</ns3:hr>
          </ns3:TrackPointExtension>
        </extensions>
      </trkpt>
      <trkpt lat="-8.58769289217889308929443359375" lon="115.06298339925706386566162109375">
        <time>2026-05-13T23:37:13.000Z</time>
        <extensions>
          <ns3:TrackPointExtension>
            <ns3:hr>142</ns3:hr>
          </ns3:TrackPointExtension>
        </extensions>
      </trkpt>
      <trkpt lat="-8.58775374479591846466064453125" lon="115.062946937978267669677734375">
        <time>2026-05-13T23:37:48.000Z</time>
        <extensions>
          <ns3:TrackPointExtension>
            <ns3:hr>145</ns3:hr>
          </ns3:TrackPointExtension>
        </extensions>
      </trkpt>
      <trkpt lat="-8.58792792074382305145263671875" lon="115.06269690580666065216064453125">
        <time>2026-05-13T23:37:49.000Z</time>
        <extensions>
          <ns3:TrackPointExtension>
            <ns3:hr>145</ns3:hr>
          </ns3:TrackPointExtension>
        </extensions>
      </trkpt>
      <trkpt lat="-8.5879358835518360137939453125" lon="115.06270528770983219146728515625">
        <time>2026-05-13T23:37:50.000Z</time>
        <extensions>
          <ns3:TrackPointExtension>
            <ns3:hr>145</ns3:hr>
          </ns3:TrackPointExtension>
        </extensions>
      </trkpt>
      <trkpt lat="-8.58785332180559635162353515625" lon="115.0627821497619152069091796875">
        <time>2026-05-13T23:37:51.000Z</time>
        <extensions>
          <ns3:TrackPointExtension>
            <ns3:hr>145</ns3:hr>
          </ns3:TrackPointExtension>
        </extensions>
      </trkpt>
      <trkpt lat="-8.58786505647003650665283203125" lon="115.06274770013988018035888671875">
        <time>2026-05-13T23:37:52.000Z</time>
        <extensions>
          <ns3:TrackPointExtension>
            <ns3:hr>148</ns3:hr>
          </ns3:TrackPointExtension>
        </extensions>
      </trkpt>
      <trkpt lat="-8.587861955165863037109375" lon="115.062766559422016143798828125">
        <time>2026-05-13T23:37:53.000Z</time>
        <extensions>
          <ns3:TrackPointExtension>
            <ns3:hr>147</ns3:hr>
          </ns3:TrackPointExtension>
        </extensions>
      </trkpt>
      <trkpt lat="-8.58789036981761455535888671875" lon="115.06276245228946208953857421875">
        <time>2026-05-13T23:37:54.000Z</time>
        <extensions>
          <ns3:TrackPointExtension>
            <ns3:hr>146</ns3:hr>
          </ns3:TrackPointExtension>
        </extensions>
      </trkpt>
      <trkpt lat="-8.5879114083945751190185546875" lon="115.0627613626420497894287109375">
        <time>2026-05-13T23:37:55.000Z</time>
        <extensions>
          <ns3:TrackPointExtension>
            <ns3:hr>146</ns3:hr>
          </ns3:TrackPointExtension>
        </extensions>
      </trkpt>
      <trkpt lat="-8.587940074503421783447265625" lon="115.0627543218433856964111328125">
        <time>2026-05-13T23:37:56.000Z</time>
        <extensions>
          <ns3:TrackPointExtension>
            <ns3:hr>146</ns3:hr>
          </ns3:TrackPointExtension>
        </extensions>
      </trkpt>
      <trkpt lat="-8.587964884936809539794921875" lon="115.06275775842368602752685546875">
        <time>2026-05-13T23:37:58.000Z</time>
        <extensions>
          <ns3:TrackPointExtension>
            <ns3:hr>147</ns3:hr>
          </ns3:TrackPointExtension>
        </extensions>
      </trkpt>
      <trkpt lat="-8.58800453133881092071533203125" lon="115.06275591440498828887939453125">
        <time>2026-05-13T23:37:59.000Z</time>
        <extensions>
          <ns3:TrackPointExtension>
            <ns3:hr>147</ns3:hr>
          </ns3:TrackPointExtension>
        </extensions>
      </trkpt>
      <trkpt lat="-8.588011823594570159912109375" lon="115.062754489481449127197265625">
        <time>2026-05-13T23:38:00.000Z</time>
        <extensions>
          <ns3:TrackPointExtension>
            <ns3:hr>147</ns3:hr>
          </ns3:TrackPointExtension>
        </extensions>
      </trkpt>
      <trkpt lat="-8.58803671784698963165283203125" lon="115.06276597268879413604736328125">
        <time>2026-05-13T23:38:01.000Z</time>
        <extensions>
          <ns3:TrackPointExtension>
            <ns3:hr>147</ns3:hr>
          </ns3:TrackPointExtension>
        </extensions>
      </trkpt>
      <trkpt lat="-8.58804794959723949432373046875" lon="115.06276689469814300537109375">
        <time>2026-05-13T23:38:02.000Z</time>
        <extensions>
          <ns3:TrackPointExtension>
            <ns3:hr>147</ns3:hr>
          </ns3:TrackPointExtension>
        </extensions>
      </trkpt>
      <trkpt lat="-8.58804342336952686309814453125" lon="115.06277016364037990570068359375">
        <time>2026-05-13T23:38:03.000Z</time>
        <extensions>
          <ns3:TrackPointExtension>
            <ns3:hr>147</ns3:hr>
          </ns3:TrackPointExtension>
        </extensions>
      </trkpt>
      <trkpt lat="-8.58804090879857540130615234375" lon="115.06277083419263362884521484375">
        <time>2026-05-13T23:38:04.000Z</time>
        <extensions>
          <ns3:TrackPointExtension>
            <ns3:hr>147</ns3:hr>
          </ns3:TrackPointExtension>
        </extensions>
      </trkpt>
      <trkpt lat="-8.58800947666168212890625" lon="115.06279505789279937744140625">
        <time>2026-05-13T23:38:05.000Z</time>
        <extensions>
          <ns3:TrackPointExtension>
            <ns3:hr>148</ns3:hr>
          </ns3:TrackPointExtension>
        </extensions>
      </trkpt>
      <trkpt lat="-8.5879653878509998321533203125" lon="115.06282079033553600311279296875">
        <time>2026-05-13T23:38:06.000Z</time>
        <extensions>
          <ns3:TrackPointExtension>
            <ns3:hr>147</ns3:hr>
          </ns3:TrackPointExtension>
        </extensions>
      </trkpt>
      <trkpt lat="-8.58792163431644439697265625" lon="115.0628507137298583984375">
        <time>2026-05-13T23:38:07.000Z</time>
        <extensions>
          <ns3:TrackPointExtension>
            <ns3:hr>148</ns3:hr>
          </ns3:TrackPointExtension>
        </extensions>
      </trkpt>
      <trkpt lat="-8.5879100672900676727294921875" lon="115.0628466904163360595703125">
        <time>2026-05-13T23:38:09.000Z</time>
        <extensions>
          <ns3:TrackPointExtension>
            <ns3:hr>148</ns3:hr>
          </ns3:TrackPointExtension>
        </extensions>
      </trkpt>
      <trkpt lat="-8.58791266568005084991455078125" lon="115.06283084861934185028076171875">
        <time>2026-05-13T23:38:10.000Z</time>
        <extensions>
          <ns3:TrackPointExtension>
            <ns3:hr>148</ns3:hr>
          </ns3:TrackPointExtension>
        </extensions>
      </trkpt>
      <trkpt lat="-8.58791417442262172698974609375" lon="115.062815509736537933349609375">
        <time>2026-05-13T23:38:11.000Z</time>
        <extensions>
          <ns3:TrackPointExtension>
            <ns3:hr>148</ns3:hr>
          </ns3:TrackPointExtension>
        </extensions>
      </trkpt>
      <trkpt lat="-8.587934710085391998291015625" lon="115.0628077983856201171875">
        <time>2026-05-13T23:38:12.000Z</time>
        <extensions>
          <ns3:TrackPointExtension>
            <ns3:hr>148</ns3:hr>
          </ns3:TrackPointExtension>
        </extensions>
      </trkpt>
      <trkpt lat="-8.58794577419757843017578125" lon="115.06280771456658840179443359375">
        <time>2026-05-13T23:38:13.000Z</time>
        <extensions>
          <ns3:TrackPointExtension>
            <ns3:hr>148</ns3:hr>
          </ns3:TrackPointExtension>
        </extensions>
      </trkpt>
      <trkpt lat="-8.58795256353914737701416015625" lon="115.06280352361500263214111328125">
        <time>2026-05-13T23:38:14.000Z</time>
        <extensions>
          <ns3:TrackPointExtension>
            <ns3:hr>150</ns3:hr>
          </ns3:TrackPointExtension>
        </extensions>
      </trkpt>
      <trkpt lat="-8.58795139007270336151123046875" lon="115.062814168632030487060546875">
        <time>2026-05-13T23:38:15.000Z</time>
        <extensions>
          <ns3:TrackPointExtension>
            <ns3:hr>147</ns3:hr>
          </ns3:TrackPointExtension>
        </extensions>
      </trkpt>
      <trkpt lat="-8.58794443309307098388671875" lon="115.06281576119363307952880859375">
        <time>2026-05-13T23:38:16.000Z</time>
        <extensions>
          <ns3:TrackPointExtension>
            <ns3:hr>148</ns3:hr>
          </ns3:TrackPointExtension>
        </extensions>
      </trkpt>
      <trkpt lat="-8.58794367872178554534912109375" lon="115.06282112561166286468505859375">
        <time>2026-05-13T23:38:18.000Z</time>
        <extensions>
          <ns3:TrackPointExtension>
            <ns3:hr>148</ns3:hr>
          </ns3:TrackPointExtension>
        </extensions>
      </trkpt>
      <trkpt lat="-8.5879425890743732452392578125" lon="115.062837302684783935546875">
        <time>2026-05-13T23:38:19.000Z</time>
        <extensions>
          <ns3:TrackPointExtension>
            <ns3:hr>147</ns3:hr>
          </ns3:TrackPointExtension>
        </extensions>
      </trkpt>
      <trkpt lat="-8.58794384635984897613525390625" lon="115.0628562457859516143798828125">
        <time>2026-05-13T23:38:20.000Z</time>
        <extensions>
          <ns3:TrackPointExtension>
            <ns3:hr>148</ns3:hr>
          </ns3:TrackPointExtension>
        </extensions>
      </trkpt>
      <trkpt lat="-8.58794451691210269927978515625" lon="115.06287108175456523895263671875">
        <time>2026-05-13T23:38:21.000Z</time>
        <extensions>
          <ns3:TrackPointExtension>
            <ns3:hr>149</ns3:hr>
          </ns3:TrackPointExtension>
        </extensions>
      </trkpt>
      <trkpt lat="-8.58794040977954864501953125" lon="115.0628676451742649078369140625">
        <time>2026-05-13T23:38:22.000Z</time>
        <extensions>
          <ns3:TrackPointExtension>
            <ns3:hr>151</ns3:hr>
          </ns3:TrackPointExtension>
        </extensions>
      </trkpt>
      <trkpt lat="-8.5879328660666942596435546875" lon="115.0628676451742649078369140625">
        <time>2026-05-13T23:38:23.000Z</time>
        <extensions>
          <ns3:TrackPointExtension>
            <ns3:hr>150</ns3:hr>
          </ns3:TrackPointExtension>
        </extensions>
      </trkpt>
      <trkpt lat="-8.587915264070034027099609375" lon="115.06287820637226104736328125">
        <time>2026-05-13T23:38:24.000Z</time>
        <extensions>
          <ns3:TrackPointExtension>
            <ns3:hr>152</ns3:hr>
          </ns3:TrackPointExtension>
        </extensions>
      </trkpt>
      <trkpt lat="-8.58790126629173755645751953125" lon="115.0628891028463840484619140625">
        <time>2026-05-13T23:38:25.000Z</time>
        <extensions>
          <ns3:TrackPointExtension>
            <ns3:hr>152</ns3:hr>
          </ns3:TrackPointExtension>
        </extensions>
      </trkpt>
      <trkpt lat="-8.58789405785501003265380859375" lon="115.062895305454730987548828125">
        <time>2026-05-13T23:38:26.000Z</time>
        <extensions>
          <ns3:TrackPointExtension>
            <ns3:hr>152</ns3:hr>
          </ns3:TrackPointExtension>
        </extensions>
      </trkpt>
      <trkpt lat="-8.58788810670375823974609375" lon="115.0629088841378688812255859375">
        <time>2026-05-13T23:38:27.000Z</time>
        <extensions>
          <ns3:TrackPointExtension>
            <ns3:hr>151</ns3:hr>
          </ns3:TrackPointExtension>
        </extensions>
      </trkpt>
      <trkpt lat="-8.58789171092212200164794921875" lon="115.0629279948770999908447265625">
        <time>2026-05-13T23:38:28.000Z</time>
        <extensions>
          <ns3:TrackPointExtension>
            <ns3:hr>150</ns3:hr>
          </ns3:TrackPointExtension>
        </extensions>
      </trkpt>
      <trkpt lat="-8.58789774589240550994873046875" lon="115.06293713115155696868896484375">
        <time>2026-05-13T23:38:29.000Z</time>
        <extensions>
          <ns3:TrackPointExtension>
            <ns3:hr>150</ns3:hr>
          </ns3:TrackPointExtension>
        </extensions>
      </trkpt>
      <trkpt lat="-8.5879036970436573028564453125" lon="115.06294501014053821563720703125">
        <time>2026-05-13T23:38:30.000Z</time>
        <extensions>
          <ns3:TrackPointExtension>
            <ns3:hr>149</ns3:hr>
          </ns3:TrackPointExtension>
        </extensions>
      </trkpt>
      <trkpt lat="-8.58790914528071880340576171875" lon="115.06294526159763336181640625">
        <time>2026-05-13T23:38:31.000Z</time>
        <extensions>
          <ns3:TrackPointExtension>
            <ns3:hr>149</ns3:hr>
          </ns3:TrackPointExtension>
        </extensions>
      </trkpt>
      <trkpt lat="-8.58792037703096866607666015625" lon="115.06294450722634792327880859375">
        <time>2026-05-13T23:38:32.000Z</time>
        <extensions>
          <ns3:TrackPointExtension>
            <ns3:hr>149</ns3:hr>
          </ns3:TrackPointExtension>
        </extensions>
      </trkpt>
      <trkpt lat="-8.58794133178889751434326171875" lon="115.06294635124504566192626953125">
        <time>2026-05-13T23:38:33.000Z</time>
        <extensions>
          <ns3:TrackPointExtension>
            <ns3:hr>152</ns3:hr>
          </ns3:TrackPointExtension>
        </extensions>
      </trkpt>
      <trkpt lat="-8.587959520518779754638671875" lon="115.06294249556958675384521484375">
        <time>2026-05-13T23:38:34.000Z</time>
        <extensions>
          <ns3:TrackPointExtension>
            <ns3:hr>149</ns3:hr>
          </ns3:TrackPointExtension>
        </extensions>
      </trkpt>
      <trkpt lat="-8.58798324130475521087646484375" lon="115.0629432499408721923828125">
        <time>2026-05-13T23:38:35.000Z</time>
        <extensions>
          <ns3:TrackPointExtension>
            <ns3:hr>149</ns3:hr>
          </ns3:TrackPointExtension>
        </extensions>
      </trkpt>
      <trkpt lat="-8.58798709698021411895751953125" lon="115.06294392049312591552734375">
        <time>2026-05-13T23:38:36.000Z</time>
        <extensions>
          <ns3:TrackPointExtension>
            <ns3:hr>148</ns3:hr>
          </ns3:TrackPointExtension>
        </extensions>
      </trkpt>
      <trkpt lat="-8.58801140449941158294677734375" lon="115.06293863989412784576416015625">
        <time>2026-05-13T23:38:37.000Z</time>
        <extensions>
          <ns3:TrackPointExtension>
            <ns3:hr>148</ns3:hr>
          </ns3:TrackPointExtension>
        </extensions>
      </trkpt>
      <trkpt lat="-8.58802984468638896942138671875" lon="115.06293713115155696868896484375">
        <time>2026-05-13T23:38:38.000Z</time>
        <extensions>
          <ns3:TrackPointExtension>
            <ns3:hr>147</ns3:hr>
          </ns3:TrackPointExtension>
        </extensions>
      </trkpt>
      <trkpt lat="-8.58804359100759029388427734375" lon="115.06292975507676601409912109375">
        <time>2026-05-13T23:38:39.000Z</time>
        <extensions>
          <ns3:TrackPointExtension>
            <ns3:hr>146</ns3:hr>
          </ns3:TrackPointExtension>
        </extensions>
      </trkpt>
      <trkpt lat="-8.5880673117935657501220703125" lon="115.0629269890487194061279296875">
        <time>2026-05-13T23:38:40.000Z</time>
        <extensions>
          <ns3:TrackPointExtension>
            <ns3:hr>145</ns3:hr>
          </ns3:TrackPointExtension>
        </extensions>
      </trkpt>
      <trkpt lat="-8.58807862736284732818603515625" lon="115.062922798097133636474609375">
        <time>2026-05-13T23:38:41.000Z</time>
        <extensions>
          <ns3:TrackPointExtension>
            <ns3:hr>145</ns3:hr>
          </ns3:TrackPointExtension>
        </extensions>
      </trkpt>
      <trkpt lat="-8.58810461126267910003662109375" lon="115.06291651166975498199462890625">
        <time>2026-05-13T23:38:42.000Z</time>
        <extensions>
          <ns3:TrackPointExtension>
            <ns3:hr>144</ns3:hr>
          </ns3:TrackPointExtension>
        </extensions>
      </trkpt>
      <trkpt lat="-8.58812824822962284088134765625" lon="115.06291248835623264312744140625">
        <time>2026-05-13T23:38:43.000Z</time>
        <extensions>
          <ns3:TrackPointExtension>
            <ns3:hr>144</ns3:hr>
          </ns3:TrackPointExtension>
        </extensions>
      </trkpt>
      <trkpt lat="-8.58814232982695102691650390625" lon="115.06290712393820285797119140625">
        <time>2026-05-13T23:38:44.000Z</time>
        <extensions>
          <ns3:TrackPointExtension>
            <ns3:hr>144</ns3:hr>
          </ns3:TrackPointExtension>
        </extensions>
      </trkpt>
      <trkpt lat="-8.5881564952433109283447265625" lon="115.062907375395298004150390625">
        <time>2026-05-13T23:38:45.000Z</time>
        <extensions>
          <ns3:TrackPointExtension>
            <ns3:hr>144</ns3:hr>
          </ns3:TrackPointExtension>
        </extensions>
      </trkpt>
      <trkpt lat="-8.5881608538329601287841796875" lon="115.0629058666527271270751953125">
        <time>2026-05-13T23:38:46.000Z</time>
        <extensions>
          <ns3:TrackPointExtension>
            <ns3:hr>145</ns3:hr>
          </ns3:TrackPointExtension>
        </extensions>
      </trkpt>
      <trkpt lat="-8.5881538130342960357666015625" lon="115.0629233010113239288330078125">
        <time>2026-05-13T23:38:47.000Z</time>
        <extensions>
          <ns3:TrackPointExtension>
            <ns3:hr>145</ns3:hr>
          </ns3:TrackPointExtension>
        </extensions>
      </trkpt>
      <trkpt lat="-8.58815540559589862823486328125" lon="115.06292774342000484466552734375">
        <time>2026-05-13T23:38:48.000Z</time>
        <extensions>
          <ns3:TrackPointExtension>
            <ns3:hr>144</ns3:hr>
          </ns3:TrackPointExtension>
        </extensions>
      </trkpt>
      <trkpt lat="-8.58815473504364490509033203125" lon="115.06293562240898609161376953125">
        <time>2026-05-13T23:38:49.000Z</time>
        <extensions>
          <ns3:TrackPointExtension>
            <ns3:hr>142</ns3:hr>
          </ns3:TrackPointExtension>
        </extensions>
      </trkpt>
      <trkpt lat="-8.58815792016685009002685546875" lon="115.0629380531609058380126953125">
        <time>2026-05-13T23:38:50.000Z</time>
        <extensions>
          <ns3:TrackPointExtension>
            <ns3:hr>142</ns3:hr>
          </ns3:TrackPointExtension>
        </extensions>
      </trkpt>
      <trkpt lat="-8.5881528072059154510498046875" lon="115.062939226627349853515625">
        <time>2026-05-13T23:38:51.000Z</time>
        <extensions>
          <ns3:TrackPointExtension>
            <ns3:hr>145</ns3:hr>
          </ns3:TrackPointExtension>
        </extensions>
      </trkpt>
      <trkpt lat="-8.58815900981426239013671875" lon="115.06294283084571361541748046875">
        <time>2026-05-13T23:38:52.000Z</time>
        <extensions>
          <ns3:TrackPointExtension>
            <ns3:hr>144</ns3:hr>
          </ns3:TrackPointExtension>
        </extensions>
      </trkpt>
      <trkpt lat="-8.5881625302135944366455078125" lon="115.062944255769252777099609375">
        <time>2026-05-13T23:38:53.000Z</time>
        <extensions>
          <ns3:TrackPointExtension>
            <ns3:hr>145</ns3:hr>
          </ns3:TrackPointExtension>
        </extensions>
      </trkpt>
      <trkpt lat="-8.5881725884974002838134765625" lon="115.06294635124504566192626953125">
        <time>2026-05-13T23:38:54.000Z</time>
        <extensions>
          <ns3:TrackPointExtension>
            <ns3:hr>144</ns3:hr>
          </ns3:TrackPointExtension>
        </extensions>
      </trkpt>
      <trkpt lat="-8.58818993903696537017822265625" lon="115.06295020692050457000732421875">
        <time>2026-05-13T23:38:56.000Z</time>
        <extensions>
          <ns3:TrackPointExtension>
            <ns3:hr>145</ns3:hr>
          </ns3:TrackPointExtension>
        </extensions>
      </trkpt>
      <trkpt lat="-8.588210307061672210693359375" lon="115.06294936873018741607666015625">
        <time>2026-05-13T23:38:57.000Z</time>
        <extensions>
          <ns3:TrackPointExtension>
            <ns3:hr>145</ns3:hr>
          </ns3:TrackPointExtension>
        </extensions>
      </trkpt>
      <trkpt lat="-8.588219694793224334716796875" lon="115.06294601596891880035400390625">
        <time>2026-05-13T23:38:58.000Z</time>
        <extensions>
          <ns3:TrackPointExtension>
            <ns3:hr>145</ns3:hr>
          </ns3:TrackPointExtension>
        </extensions>
      </trkpt>
      <trkpt lat="-8.5882307589054107666015625" lon="115.0629512965679168701171875">
        <time>2026-05-13T23:38:59.000Z</time>
        <extensions>
          <ns3:TrackPointExtension>
            <ns3:hr>145</ns3:hr>
          </ns3:TrackPointExtension>
        </extensions>
      </trkpt>
      <trkpt lat="-8.58823134563863277435302734375" lon="115.0629554875195026397705078125">
        <time>2026-05-13T23:39:00.000Z</time>
        <extensions>
          <ns3:TrackPointExtension>
            <ns3:hr>145</ns3:hr>
          </ns3:TrackPointExtension>
        </extensions>
      </trkpt>
      <trkpt lat="-8.58823168091475963592529296875" lon="115.06296806037425994873046875">
        <time>2026-05-13T23:39:01.000Z</time>
        <extensions>
          <ns3:TrackPointExtension>
            <ns3:hr>145</ns3:hr>
          </ns3:TrackPointExtension>
        </extensions>
      </trkpt>
      <trkpt lat="-8.58823587186634540557861328125" lon="115.06297166459262371063232421875">
        <time>2026-05-13T23:39:02.000Z</time>
        <extensions>
          <ns3:TrackPointExtension>
            <ns3:hr>145</ns3:hr>
          </ns3:TrackPointExtension>
        </extensions>
      </trkpt>
      <trkpt lat="-8.588231764733791351318359375" lon="115.06299563683569431304931640625">
        <time>2026-05-13T23:39:03.000Z</time>
        <extensions>
          <ns3:TrackPointExtension>
            <ns3:hr>145</ns3:hr>
          </ns3:TrackPointExtension>
        </extensions>
      </trkpt>
      <trkpt lat="-8.588219694793224334716796875" lon="115.0630252249538898468017578125">
        <time>2026-05-13T23:39:04.000Z</time>
        <extensions>
          <ns3:TrackPointExtension>
            <ns3:hr>145</ns3:hr>
          </ns3:TrackPointExtension>
        </extensions>
      </trkpt>
      <trkpt lat="-8.58818490989506244659423828125" lon="115.06305816583335399627685546875">
        <time>2026-05-13T23:39:05.000Z</time>
        <extensions>
          <ns3:TrackPointExtension>
            <ns3:hr>145</ns3:hr>
          </ns3:TrackPointExtension>
        </extensions>
      </trkpt>
      <trkpt lat="-8.5881561599671840667724609375" lon="115.06308607757091522216796875">
        <time>2026-05-13T23:39:06.000Z</time>
        <extensions>
          <ns3:TrackPointExtension>
            <ns3:hr>145</ns3:hr>
          </ns3:TrackPointExtension>
        </extensions>
      </trkpt>
      <trkpt lat="-8.5881303437054157257080078125" lon="115.063103176653385162353515625">
        <time>2026-05-13T23:39:07.000Z</time>
        <extensions>
          <ns3:TrackPointExtension>
            <ns3:hr>145</ns3:hr>
          </ns3:TrackPointExtension>
        </extensions>
      </trkpt>
      <trkpt lat="-8.58811919577419757843017578125" lon="115.063119940459728240966796875">
        <time>2026-05-13T23:39:08.000Z</time>
        <extensions>
          <ns3:TrackPointExtension>
            <ns3:hr>145</ns3:hr>
          </ns3:TrackPointExtension>
        </extensions>
      </trkpt>
      <trkpt lat="-8.58811249025166034698486328125" lon="115.0631449185311794281005859375">
        <time>2026-05-13T23:39:09.000Z</time>
        <extensions>
          <ns3:TrackPointExtension>
            <ns3:hr>145</ns3:hr>
          </ns3:TrackPointExtension>
        </extensions>
      </trkpt>
      <trkpt lat="-8.5881098918616771697998046875" lon="115.06317048333585262298583984375">
        <time>2026-05-13T23:39:10.000Z</time>
        <extensions>
          <ns3:TrackPointExtension>
            <ns3:hr>145</ns3:hr>
          </ns3:TrackPointExtension>
        </extensions>
      </trkpt>
      <trkpt lat="-8.58810410834848880767822265625" lon="115.063186325132846832275390625">
        <time>2026-05-13T23:39:11.000Z</time>
        <extensions>
          <ns3:TrackPointExtension>
            <ns3:hr>145</ns3:hr>
          </ns3:TrackPointExtension>
        </extensions>
      </trkpt>
      <trkpt lat="-8.58810477890074253082275390625" lon="115.06319847889244556427001953125">
        <time>2026-05-13T23:39:12.000Z</time>
        <extensions>
          <ns3:TrackPointExtension>
            <ns3:hr>143</ns3:hr>
          </ns3:TrackPointExtension>
        </extensions>
      </trkpt>
      <trkpt lat="-8.58810612000524997711181640625" lon="115.06320166401565074920654296875">
        <time>2026-05-13T23:39:13.000Z</time>
        <extensions>
          <ns3:TrackPointExtension>
            <ns3:hr>144</ns3:hr>
          </ns3:TrackPointExtension>
        </extensions>
      </trkpt>
      <trkpt lat="-8.5881105624139308929443359375" lon="115.063212811946868896484375">
        <time>2026-05-13T23:39:14.000Z</time>
        <extensions>
          <ns3:TrackPointExtension>
            <ns3:hr>143</ns3:hr>
          </ns3:TrackPointExtension>
        </extensions>
      </trkpt>
      <trkpt lat="-8.5881135798990726470947265625" lon="115.06321272812783718109130859375">
        <time>2026-05-13T23:39:15.000Z</time>
        <extensions>
          <ns3:TrackPointExtension>
            <ns3:hr>143</ns3:hr>
          </ns3:TrackPointExtension>
        </extensions>
      </trkpt>
      <trkpt lat="-8.58811852522194385528564453125" lon="115.0632240436971187591552734375">
        <time>2026-05-13T23:39:16.000Z</time>
        <extensions>
          <ns3:TrackPointExtension>
            <ns3:hr>143</ns3:hr>
          </ns3:TrackPointExtension>
        </extensions>
      </trkpt>
      <trkpt lat="-8.5881206206977367401123046875" lon="115.06322312168776988983154296875">
        <time>2026-05-13T23:39:17.000Z</time>
        <extensions>
          <ns3:TrackPointExtension>
            <ns3:hr>142</ns3:hr>
          </ns3:TrackPointExtension>
        </extensions>
      </trkpt>
      <trkpt lat="-8.58812414109706878662109375" lon="115.0632401369512081146240234375">
        <time>2026-05-13T23:39:18.000Z</time>
        <extensions>
          <ns3:TrackPointExtension>
            <ns3:hr>141</ns3:hr>
          </ns3:TrackPointExtension>
        </extensions>
      </trkpt>
      <trkpt lat="-8.58812472783029079437255859375" lon="115.06324642337858676910400390625">
        <time>2026-05-13T23:39:19.000Z</time>
        <extensions>
          <ns3:TrackPointExtension>
            <ns3:hr>140</ns3:hr>
          </ns3:TrackPointExtension>
        </extensions>
      </trkpt>
      <trkpt lat="-8.5881286673247814178466796875" lon="115.06326377391815185546875">
        <time>2026-05-13T23:39:20.000Z</time>
        <extensions>
          <ns3:TrackPointExtension>
            <ns3:hr>139</ns3:hr>
          </ns3:TrackPointExtension>
        </extensions>
      </trkpt>
      <trkpt lat="-8.5881226323544979095458984375" lon="115.06328053772449493408203125">
        <time>2026-05-13T23:39:21.000Z</time>
        <extensions>
          <ns3:TrackPointExtension>
            <ns3:hr>139</ns3:hr>
          </ns3:TrackPointExtension>
        </extensions>
      </trkpt>
      <trkpt lat="-8.58812154270708560943603515625" lon="115.063303671777248382568359375">
        <time>2026-05-13T23:39:22.000Z</time>
        <extensions>
          <ns3:TrackPointExtension>
            <ns3:hr>138</ns3:hr>
          </ns3:TrackPointExtension>
        </extensions>
      </trkpt>
      <trkpt lat="-8.588119111955165863037109375" lon="115.063326470553874969482421875">
        <time>2026-05-13T23:39:23.000Z</time>
        <extensions>
          <ns3:TrackPointExtension>
            <ns3:hr>137</ns3:hr>
          </ns3:TrackPointExtension>
        </extensions>
      </trkpt>
      <trkpt lat="-8.58811416663229465484619140625" lon="115.06333812139928340911865234375">
        <time>2026-05-13T23:39:24.000Z</time>
        <extensions>
          <ns3:TrackPointExtension>
            <ns3:hr>137</ns3:hr>
          </ns3:TrackPointExtension>
        </extensions>
      </trkpt>
      <trkpt lat="-8.5881021805107593536376953125" lon="115.063366703689098358154296875">
        <time>2026-05-13T23:39:25.000Z</time>
        <extensions>
          <ns3:TrackPointExtension>
            <ns3:hr>137</ns3:hr>
          </ns3:TrackPointExtension>
        </extensions>
      </trkpt>
      <trkpt lat="-8.58809203840792179107666015625" lon="115.06337701342999935150146484375">
        <time>2026-05-13T23:39:26.000Z</time>
        <extensions>
          <ns3:TrackPointExtension>
            <ns3:hr>137</ns3:hr>
          </ns3:TrackPointExtension>
        </extensions>
      </trkpt>
      <trkpt lat="-8.58807812444865703582763671875" lon="115.06340391933917999267578125">
        <time>2026-05-13T23:39:27.000Z</time>
        <extensions>
          <ns3:TrackPointExtension>
            <ns3:hr>138</ns3:hr>
          </ns3:TrackPointExtension>
        </extensions>
      </trkpt>
      <trkpt lat="-8.58807376585900783538818359375" lon="115.06341238506138324737548828125">
        <time>2026-05-13T23:39:28.000Z</time>
        <extensions>
          <ns3:TrackPointExtension>
            <ns3:hr>138</ns3:hr>
          </ns3:TrackPointExtension>
        </extensions>
      </trkpt>
      <trkpt lat="-8.58806236647069454193115234375" lon="115.0634356029331684112548828125">
        <time>2026-05-13T23:39:29.000Z</time>
        <extensions>
          <ns3:TrackPointExtension>
            <ns3:hr>139</ns3:hr>
          </ns3:TrackPointExtension>
        </extensions>
      </trkpt>
      <trkpt lat="-8.5880612768232822418212890625" lon="115.06344289518892765045166015625">
        <time>2026-05-13T23:39:30.000Z</time>
        <extensions>
          <ns3:TrackPointExtension>
            <ns3:hr>140</ns3:hr>
          </ns3:TrackPointExtension>
        </extensions>
      </trkpt>
      <trkpt lat="-8.58805834315717220306396484375" lon="115.0634500198066234588623046875">
        <time>2026-05-13T23:39:31.000Z</time>
        <extensions>
          <ns3:TrackPointExtension>
            <ns3:hr>139</ns3:hr>
          </ns3:TrackPointExtension>
        </extensions>
      </trkpt>
      <trkpt lat="-8.5880577564239501953125" lon="115.063457898795604705810546875">
        <time>2026-05-13T23:39:32.000Z</time>
        <extensions>
          <ns3:TrackPointExtension>
            <ns3:hr>139</ns3:hr>
          </ns3:TrackPointExtension>
        </extensions>
      </trkpt>
      <trkpt lat="-8.58805800788104534149169921875" lon="115.06346829235553741455078125">
        <time>2026-05-13T23:39:33.000Z</time>
        <extensions>
          <ns3:TrackPointExtension>
            <ns3:hr>139</ns3:hr>
          </ns3:TrackPointExtension>
        </extensions>
      </trkpt>
      <trkpt lat="-8.58839982189238071441650390625" lon="115.063507519662380218505859375">
        <time>2026-05-13T23:40:17.000Z</time>
        <extensions>
          <ns3:TrackPointExtension>
            <ns3:hr>125</ns3:hr>
          </ns3:TrackPointExtension>
        </extensions>
      </trkpt>
      <trkpt lat="-8.58833461068570613861083984375" lon="115.06360466592013835906982421875">
        <time>2026-05-13T23:40:18.000Z</time>
        <extensions>
          <ns3:TrackPointExtension>
            <ns3:hr>127</ns3:hr>
          </ns3:TrackPointExtension>
        </extensions>
      </trkpt>
      <trkpt lat="-8.58828549273312091827392578125" lon="115.06350056268274784088134765625">
        <time>2026-05-13T23:40:19.000Z</time>
        <extensions>
          <ns3:TrackPointExtension>
            <ns3:hr>127</ns3:hr>
          </ns3:TrackPointExtension>
        </extensions>
      </trkpt>
      <trkpt lat="-8.58822832815349102020263671875" lon="115.0634657777845859527587890625">
        <time>2026-05-13T23:40:20.000Z</time>
        <extensions>
          <ns3:TrackPointExtension>
            <ns3:hr>128</ns3:hr>
          </ns3:TrackPointExtension>
        </extensions>
      </trkpt>
      <trkpt lat="-8.5882302559912204742431640625" lon="115.06346695125102996826171875">
        <time>2026-05-13T23:40:21.000Z</time>
        <extensions>
          <ns3:TrackPointExtension>
            <ns3:hr>128</ns3:hr>
          </ns3:TrackPointExtension>
        </extensions>
      </trkpt>
      <trkpt lat="-8.5882433317601680755615234375" lon="115.06345513276755809783935546875">
        <time>2026-05-13T23:40:22.000Z</time>
        <extensions>
          <ns3:TrackPointExtension>
            <ns3:hr>129</ns3:hr>
          </ns3:TrackPointExtension>
        </extensions>
      </trkpt>
      <trkpt lat="-8.58825246803462505340576171875" lon="115.06346032954752445220947265625">
        <time>2026-05-13T23:40:23.000Z</time>
        <extensions>
          <ns3:TrackPointExtension>
            <ns3:hr>129</ns3:hr>
          </ns3:TrackPointExtension>
        </extensions>
      </trkpt>
      <trkpt lat="-8.5882554017007350921630859375" lon="115.06347189657390117645263671875">
        <time>2026-05-13T23:40:24.000Z</time>
        <extensions>
          <ns3:TrackPointExtension>
            <ns3:hr>128</ns3:hr>
          </ns3:TrackPointExtension>
        </extensions>
      </trkpt>
      <trkpt lat="-8.58825112693011760711669921875" lon="115.06349100731313228607177734375">
        <time>2026-05-13T23:40:25.000Z</time>
        <extensions>
          <ns3:TrackPointExtension>
            <ns3:hr>129</ns3:hr>
          </ns3:TrackPointExtension>
        </extensions>
      </trkpt>
      <trkpt lat="-8.58824660070240497589111328125" lon="115.0635023228824138641357421875">
        <time>2026-05-13T23:40:26.000Z</time>
        <extensions>
          <ns3:TrackPointExtension>
            <ns3:hr>130</ns3:hr>
          </ns3:TrackPointExtension>
        </extensions>
      </trkpt>
      <trkpt lat="-8.58824928291141986846923828125" lon="115.06351715885102748870849609375">
        <time>2026-05-13T23:40:27.000Z</time>
        <extensions>
          <ns3:TrackPointExtension>
            <ns3:hr>131</ns3:hr>
          </ns3:TrackPointExtension>
        </extensions>
      </trkpt>
      <trkpt lat="-8.58825112693011760711669921875" lon="115.0635210983455181121826171875">
        <time>2026-05-13T23:40:28.000Z</time>
        <extensions>
          <ns3:TrackPointExtension>
            <ns3:hr>133</ns3:hr>
          </ns3:TrackPointExtension>
        </extensions>
      </trkpt>
      <trkpt lat="-8.58825045637786388397216796875" lon="115.06353174336254596710205078125">
        <time>2026-05-13T23:40:29.000Z</time>
        <extensions>
          <ns3:TrackPointExtension>
            <ns3:hr>134</ns3:hr>
          </ns3:TrackPointExtension>
        </extensions>
      </trkpt>
      <trkpt lat="-8.58825154602527618408203125" lon="115.0635375268757343292236328125">
        <time>2026-05-13T23:40:30.000Z</time>
        <extensions>
          <ns3:TrackPointExtension>
            <ns3:hr>135</ns3:hr>
          </ns3:TrackPointExtension>
        </extensions>
      </trkpt>
      <trkpt lat="-8.5882388055324554443359375" lon="115.0635467469692230224609375">
        <time>2026-05-13T23:40:31.000Z</time>
        <extensions>
          <ns3:TrackPointExtension>
            <ns3:hr>135</ns3:hr>
          </ns3:TrackPointExtension>
        </extensions>
      </trkpt>
      <trkpt lat="-8.588205613195896148681640625" lon="115.06367540918290615081787109375">
        <time>2026-05-13T23:40:48.000Z</time>
        <extensions>
          <ns3:TrackPointExtension>
            <ns3:hr>126</ns3:hr>
          </ns3:TrackPointExtension>
        </extensions>
      </trkpt>
      <trkpt lat="-8.5881665535271167755126953125" lon="115.06377615965902805328369140625">
        <time>2026-05-13T23:40:53.000Z</time>
        <extensions>
          <ns3:TrackPointExtension>
            <ns3:hr>123</ns3:hr>
          </ns3:TrackPointExtension>
        </extensions>
      </trkpt>
      <trkpt lat="-8.58818725682795047760009765625" lon="115.063745565712451934814453125">
        <time>2026-05-13T23:40:54.000Z</time>
        <extensions>
          <ns3:TrackPointExtension>
            <ns3:hr>123</ns3:hr>
          </ns3:TrackPointExtension>
        </extensions>
      </trkpt>
      <trkpt lat="-8.5882201977074146270751953125" lon="115.06370826624333858489990234375">
        <time>2026-05-13T23:40:55.000Z</time>
        <extensions>
          <ns3:TrackPointExtension>
            <ns3:hr>122</ns3:hr>
          </ns3:TrackPointExtension>
        </extensions>
      </trkpt>
      <trkpt lat="-8.5882245562970638275146484375" lon="115.06371580995619297027587890625">
        <time>2026-05-13T23:40:56.000Z</time>
        <extensions>
          <ns3:TrackPointExtension>
            <ns3:hr>121</ns3:hr>
          </ns3:TrackPointExtension>
        </extensions>
      </trkpt>
      <trkpt lat="-8.588226400315761566162109375" lon="115.06372184492647647857666015625">
        <time>2026-05-13T23:40:57.000Z</time>
        <extensions>
          <ns3:TrackPointExtension>
            <ns3:hr>121</ns3:hr>
          </ns3:TrackPointExtension>
        </extensions>
      </trkpt>
      <trkpt lat="-8.5882225446403026580810546875" lon="115.06368496455252170562744140625">
        <time>2026-05-13T23:40:59.000Z</time>
        <extensions>
          <ns3:TrackPointExtension>
            <ns3:hr>119</ns3:hr>
          </ns3:TrackPointExtension>
        </extensions>
      </trkpt>
      <trkpt lat="-8.5882168449461460113525390625" lon="115.06366409361362457275390625">
        <time>2026-05-13T23:41:00.000Z</time>
        <extensions>
          <ns3:TrackPointExtension>
            <ns3:hr>118</ns3:hr>
          </ns3:TrackPointExtension>
        </extensions>
      </trkpt>
      <trkpt lat="-8.58821625821292400360107421875" lon="115.063657052814960479736328125">
        <time>2026-05-13T23:41:01.000Z</time>
        <extensions>
          <ns3:TrackPointExtension>
            <ns3:hr>118</ns3:hr>
          </ns3:TrackPointExtension>
        </extensions>
      </trkpt>
      <trkpt lat="-8.58822346664965152740478515625" lon="115.063653029501438140869140625">
        <time>2026-05-13T23:41:02.000Z</time>
        <extensions>
          <ns3:TrackPointExtension>
            <ns3:hr>118</ns3:hr>
          </ns3:TrackPointExtension>
        </extensions>
      </trkpt>
      <trkpt lat="-8.58823872171342372894287109375" lon="115.06366216577589511871337890625">
        <time>2026-05-13T23:41:03.000Z</time>
        <extensions>
          <ns3:TrackPointExtension>
            <ns3:hr>117</ns3:hr>
          </ns3:TrackPointExtension>
        </extensions>
      </trkpt>
      <trkpt lat="-8.58824626542627811431884765625" lon="115.0636622495949268341064453125">
        <time>2026-05-13T23:41:04.000Z</time>
        <extensions>
          <ns3:TrackPointExtension>
            <ns3:hr>117</ns3:hr>
          </ns3:TrackPointExtension>
        </extensions>
      </trkpt>
      <trkpt lat="-8.588248193264007568359375" lon="115.06366669200360774993896484375">
        <time>2026-05-13T23:41:05.000Z</time>
        <extensions>
          <ns3:TrackPointExtension>
            <ns3:hr>117</ns3:hr>
          </ns3:TrackPointExtension>
        </extensions>
      </trkpt>
      <trkpt lat="-8.5882456786930561065673828125" lon="115.063674487173557281494140625">
        <time>2026-05-13T23:41:06.000Z</time>
        <extensions>
          <ns3:TrackPointExtension>
            <ns3:hr>118</ns3:hr>
          </ns3:TrackPointExtension>
        </extensions>
      </trkpt>
      <trkpt lat="-8.5882414877414703369140625" lon="115.063674487173557281494140625">
        <time>2026-05-13T23:41:07.000Z</time>
        <extensions>
          <ns3:TrackPointExtension>
            <ns3:hr>119</ns3:hr>
          </ns3:TrackPointExtension>
        </extensions>
      </trkpt>
      <trkpt lat="-8.58824081718921661376953125" lon="115.0636754930019378662109375">
        <time>2026-05-13T23:41:08.000Z</time>
        <extensions>
          <ns3:TrackPointExtension>
            <ns3:hr>120</ns3:hr>
          </ns3:TrackPointExtension>
        </extensions>
      </trkpt>
      <trkpt lat="-8.58838188461959362030029296875" lon="115.06379283964633941650390625">
        <time>2026-05-13T23:45:30.000Z</time>
        <extensions>
          <ns3:TrackPointExtension>
            <ns3:hr>126</ns3:hr>
          </ns3:TrackPointExtension>
        </extensions>
      </trkpt>
      <trkpt lat="-8.58832153491675853729248046875" lon="115.06379946134984493255615234375">
        <time>2026-05-13T23:45:31.000Z</time>
        <extensions>
          <ns3:TrackPointExtension>
            <ns3:hr>125</ns3:hr>
          </ns3:TrackPointExtension>
        </extensions>
      </trkpt>
      <trkpt lat="-8.5883452557027339935302734375" lon="115.06377716548740863800048828125">
        <time>2026-05-13T23:45:32.000Z</time>
        <extensions>
          <ns3:TrackPointExtension>
            <ns3:hr>124</ns3:hr>
          </ns3:TrackPointExtension>
        </extensions>
      </trkpt>
      <trkpt lat="-8.58839638531208038330078125" lon="115.06382812745869159698486328125">
        <time>2026-05-13T23:45:33.000Z</time>
        <extensions>
          <ns3:TrackPointExtension>
            <ns3:hr>122</ns3:hr>
          </ns3:TrackPointExtension>
        </extensions>
      </trkpt>
      <trkpt lat="-8.58837626874446868896484375" lon="115.0638954341411590576171875">
        <time>2026-05-13T23:45:34.000Z</time>
        <extensions>
          <ns3:TrackPointExtension>
            <ns3:hr>123</ns3:hr>
          </ns3:TrackPointExtension>
        </extensions>
      </trkpt>
      <trkpt lat="-8.58838607557117938995361328125" lon="115.063887722790241241455078125">
        <time>2026-05-13T23:45:35.000Z</time>
        <extensions>
          <ns3:TrackPointExtension>
            <ns3:hr>122</ns3:hr>
          </ns3:TrackPointExtension>
        </extensions>
      </trkpt>
      <trkpt lat="-8.58839571475982666015625" lon="115.06384120322763919830322265625">
        <time>2026-05-13T23:45:36.000Z</time>
        <extensions>
          <ns3:TrackPointExtension>
            <ns3:hr>121</ns3:hr>
          </ns3:TrackPointExtension>
        </extensions>
      </trkpt>
      <trkpt lat="-8.588394038379192352294921875" lon="115.0638221763074398040771484375">
        <time>2026-05-13T23:45:37.000Z</time>
        <extensions>
          <ns3:TrackPointExtension>
            <ns3:hr>120</ns3:hr>
          </ns3:TrackPointExtension>
        </extensions>
      </trkpt>
      <trkpt lat="-8.58840644359588623046875" lon="115.0638069212436676025390625">
        <time>2026-05-13T23:45:38.000Z</time>
        <extensions>
          <ns3:TrackPointExtension>
            <ns3:hr>118</ns3:hr>
          </ns3:TrackPointExtension>
        </extensions>
      </trkpt>
      <trkpt lat="-8.58840568922460079193115234375" lon="115.06379426456987857818603515625">
        <time>2026-05-13T23:45:39.000Z</time>
        <extensions>
          <ns3:TrackPointExtension>
            <ns3:hr>116</ns3:hr>
          </ns3:TrackPointExtension>
        </extensions>
      </trkpt>
      <trkpt lat="-8.588411808013916015625" lon="115.0637852959334850311279296875">
        <time>2026-05-13T23:45:40.000Z</time>
        <extensions>
          <ns3:TrackPointExtension>
            <ns3:hr>115</ns3:hr>
          </ns3:TrackPointExtension>
        </extensions>
      </trkpt>
      <trkpt lat="-8.5884082876145839691162109375" lon="115.06376476027071475982666015625">
        <time>2026-05-13T23:45:41.000Z</time>
        <extensions>
          <ns3:TrackPointExtension>
            <ns3:hr>114</ns3:hr>
          </ns3:TrackPointExtension>
        </extensions>
      </trkpt>
      <trkpt lat="-8.58840786851942539215087890625" lon="115.06375637836754322052001953125">
        <time>2026-05-13T23:45:42.000Z</time>
        <extensions>
          <ns3:TrackPointExtension>
            <ns3:hr>113</ns3:hr>
          </ns3:TrackPointExtension>
        </extensions>
      </trkpt>
      <trkpt lat="-8.58840518631041049957275390625" lon="115.06375134922564029693603515625">
        <time>2026-05-13T23:45:43.000Z</time>
        <extensions>
          <ns3:TrackPointExtension>
            <ns3:hr>113</ns3:hr>
          </ns3:TrackPointExtension>
        </extensions>
      </trkpt>
      <trkpt lat="-8.5884056054055690765380859375" lon="115.06373827345669269561767578125">
        <time>2026-05-13T23:45:44.000Z</time>
        <extensions>
          <ns3:TrackPointExtension>
            <ns3:hr>112</ns3:hr>
          </ns3:TrackPointExtension>
        </extensions>
      </trkpt>
      <trkpt lat="-8.58842245303094387054443359375" lon="115.06372435949742794036865234375">
        <time>2026-05-13T23:45:46.000Z</time>
        <extensions>
          <ns3:TrackPointExtension>
            <ns3:hr>112</ns3:hr>
          </ns3:TrackPointExtension>
        </extensions>
      </trkpt>
      <trkpt lat="-8.58842446468770503997802734375" lon="115.063722431659698486328125">
        <time>2026-05-13T23:45:47.000Z</time>
        <extensions>
          <ns3:TrackPointExtension>
            <ns3:hr>112</ns3:hr>
          </ns3:TrackPointExtension>
        </extensions>
      </trkpt>
      <trkpt lat="-8.588425219058990478515625" lon="115.06370742805302143096923828125">
        <time>2026-05-13T23:45:49.000Z</time>
        <extensions>
          <ns3:TrackPointExtension>
            <ns3:hr>112</ns3:hr>
          </ns3:TrackPointExtension>
        </extensions>
      </trkpt>
      <trkpt lat="-8.58836822211742401123046875" lon="115.06380700506269931793212890625">
        <time>2026-05-13T23:46:04.000Z</time>
        <extensions>
          <ns3:TrackPointExtension>
            <ns3:hr>116</ns3:hr>
          </ns3:TrackPointExtension>
        </extensions>
      </trkpt>
      <trkpt lat="-8.58843686990439891815185546875" lon="115.06376911886036396026611328125">
        <time>2026-05-13T23:46:06.000Z</time>
        <extensions>
          <ns3:TrackPointExtension>
            <ns3:hr>118</ns3:hr>
          </ns3:TrackPointExtension>
        </extensions>
      </trkpt>
      <trkpt lat="-8.58836688101291656494140625" lon="115.06382158957421779632568359375">
        <time>2026-05-13T23:46:07.000Z</time>
        <extensions>
          <ns3:TrackPointExtension>
            <ns3:hr>120</ns3:hr>
          </ns3:TrackPointExtension>
        </extensions>
      </trkpt>
      <trkpt lat="-8.58833578415215015411376953125" lon="115.0638218410313129425048828125">
        <time>2026-05-13T23:46:08.000Z</time>
        <extensions>
          <ns3:TrackPointExtension>
            <ns3:hr>121</ns3:hr>
          </ns3:TrackPointExtension>
        </extensions>
      </trkpt>
      <trkpt lat="-8.5883603431284427642822265625" lon="115.06382108666002750396728515625">
        <time>2026-05-13T23:46:09.000Z</time>
        <extensions>
          <ns3:TrackPointExtension>
            <ns3:hr>122</ns3:hr>
          </ns3:TrackPointExtension>
        </extensions>
      </trkpt>
      <trkpt lat="-8.5883408971130847930908203125" lon="115.063818655908107757568359375">
        <time>2026-05-13T23:46:10.000Z</time>
        <extensions>
          <ns3:TrackPointExtension>
            <ns3:hr>123</ns3:hr>
          </ns3:TrackPointExtension>
        </extensions>
      </trkpt>
      <trkpt lat="-8.58833595179021358489990234375" lon="115.063823349773883819580078125">
        <time>2026-05-13T23:46:11.000Z</time>
        <extensions>
          <ns3:TrackPointExtension>
            <ns3:hr>126</ns3:hr>
          </ns3:TrackPointExtension>
        </extensions>
      </trkpt>
      <trkpt lat="-8.58813528902828693389892578125" lon="115.0639297999441623687744140625">
        <time>2026-05-13T23:47:26.000Z</time>
        <extensions>
          <ns3:TrackPointExtension>
            <ns3:hr>104</ns3:hr>
          </ns3:TrackPointExtension>
        </extensions>
      </trkpt>
      <trkpt lat="-8.58837584964931011199951171875" lon="115.06402158178389072418212890625">
        <time>2026-05-13T23:47:27.000Z</time>
        <extensions>
          <ns3:TrackPointExtension>
            <ns3:hr>105</ns3:hr>
          </ns3:TrackPointExtension>
        </extensions>
      </trkpt>
      <trkpt lat="-8.58820485882461071014404296875" lon="115.0635133869946002960205078125">
        <time>2026-05-13T23:47:28.000Z</time>
        <extensions>
          <ns3:TrackPointExtension>
            <ns3:hr>106</ns3:hr>
          </ns3:TrackPointExtension>
        </extensions>
      </trkpt>
      <trkpt lat="-8.5883036814630031585693359375" lon="115.0634641014039516448974609375">
        <time>2026-05-13T23:47:29.000Z</time>
        <extensions>
          <ns3:TrackPointExtension>
            <ns3:hr>107</ns3:hr>
          </ns3:TrackPointExtension>
        </extensions>
      </trkpt>
      <trkpt lat="-8.58839328400790691375732421875" lon="115.063419342041015625">
        <time>2026-05-13T23:47:30.000Z</time>
        <extensions>
          <ns3:TrackPointExtension>
            <ns3:hr>108</ns3:hr>
          </ns3:TrackPointExtension>
        </extensions>
      </trkpt>
      <trkpt lat="-8.58844676055014133453369140625" lon="115.0635113753378391265869140625">
        <time>2026-05-13T23:47:31.000Z</time>
        <extensions>
          <ns3:TrackPointExtension>
            <ns3:hr>109</ns3:hr>
          </ns3:TrackPointExtension>
        </extensions>
      </trkpt>
      <trkpt lat="-8.5884636081755161285400390625" lon="115.06352118216454982757568359375">
        <time>2026-05-13T23:47:32.000Z</time>
        <extensions>
          <ns3:TrackPointExtension>
            <ns3:hr>109</ns3:hr>
          </ns3:TrackPointExtension>
        </extensions>
      </trkpt>
      <trkpt lat="-8.588475845754146575927734375" lon="115.063540376722812652587890625">
        <time>2026-05-13T23:47:33.000Z</time>
        <extensions>
          <ns3:TrackPointExtension>
            <ns3:hr>111</ns3:hr>
          </ns3:TrackPointExtension>
        </extensions>
      </trkpt>
      <trkpt lat="-8.5884904302656650543212890625" lon="115.0635214336216449737548828125">
        <time>2026-05-13T23:47:34.000Z</time>
        <extensions>
          <ns3:TrackPointExtension>
            <ns3:hr>112</ns3:hr>
          </ns3:TrackPointExtension>
        </extensions>
      </trkpt>
      <trkpt lat="-8.5884937830269336700439453125" lon="115.06349603645503520965576171875">
        <time>2026-05-13T23:47:35.000Z</time>
        <extensions>
          <ns3:TrackPointExtension>
            <ns3:hr>113</ns3:hr>
          </ns3:TrackPointExtension>
        </extensions>
      </trkpt>
      <trkpt lat="-8.58812422491610050201416015625" lon="115.063284225761890411376953125">
        <time>2026-05-13T23:52:13.000Z</time>
        <extensions>
          <ns3:TrackPointExtension>
            <ns3:hr>152</ns3:hr>
          </ns3:TrackPointExtension>
        </extensions>
      </trkpt>
      <trkpt lat="-8.58785298652946949005126953125" lon="115.06323955021798610687255859375">
        <time>2026-05-13T23:52:14.000Z</time>
        <extensions>
          <ns3:TrackPointExtension>
            <ns3:hr>152</ns3:hr>
          </ns3:TrackPointExtension>
        </extensions>
      </trkpt>
      <trkpt lat="-8.58774636872112751007080078125" lon="115.06318054161965847015380859375">
        <time>2026-05-13T23:52:15.000Z</time>
        <extensions>
          <ns3:TrackPointExtension>
            <ns3:hr>151</ns3:hr>
          </ns3:TrackPointExtension>
        </extensions>
      </trkpt>
      <trkpt lat="-8.587854243814945220947265625" lon="115.06318372674286365509033203125">
        <time>2026-05-13T23:52:16.000Z</time>
        <extensions>
          <ns3:TrackPointExtension>
            <ns3:hr>151</ns3:hr>
          </ns3:TrackPointExtension>
        </extensions>
      </trkpt>
      <trkpt lat="-8.5879197902977466583251953125" lon="115.06319261156022548675537109375">
        <time>2026-05-13T23:52:17.000Z</time>
        <extensions>
          <ns3:TrackPointExtension>
            <ns3:hr>154</ns3:hr>
          </ns3:TrackPointExtension>
        </extensions>
      </trkpt>
      <trkpt lat="-8.58792540617287158966064453125" lon="115.063195712864398956298828125">
        <time>2026-05-13T23:52:18.000Z</time>
        <extensions>
          <ns3:TrackPointExtension>
            <ns3:hr>155</ns3:hr>
          </ns3:TrackPointExtension>
        </extensions>
      </trkpt>
      <trkpt lat="-8.5879499651491641998291015625" lon="115.0632009096443653106689453125">
        <time>2026-05-13T23:52:19.000Z</time>
        <extensions>
          <ns3:TrackPointExtension>
            <ns3:hr>156</ns3:hr>
          </ns3:TrackPointExtension>
        </extensions>
      </trkpt>
      <trkpt lat="-8.587968908250331878662109375" lon="115.063199065625667572021484375">
        <time>2026-05-13T23:52:20.000Z</time>
        <extensions>
          <ns3:TrackPointExtension>
            <ns3:hr>154</ns3:hr>
          </ns3:TrackPointExtension>
        </extensions>
      </trkpt>
      <trkpt lat="-8.58797418884932994842529296875" lon="115.06319747306406497955322265625">
        <time>2026-05-13T23:52:21.000Z</time>
        <extensions>
          <ns3:TrackPointExtension>
            <ns3:hr>155</ns3:hr>
          </ns3:TrackPointExtension>
        </extensions>
      </trkpt>
      <trkpt lat="-8.587990701198577880859375" lon="115.0631848163902759552001953125">
        <time>2026-05-13T23:52:22.000Z</time>
        <extensions>
          <ns3:TrackPointExtension>
            <ns3:hr>153</ns3:hr>
          </ns3:TrackPointExtension>
        </extensions>
      </trkpt>
      <trkpt lat="-8.58869955874979496002197265625" lon="115.063483379781246185302734375">
        <time>2026-05-13T23:53:22.000Z</time>
        <extensions>
          <ns3:TrackPointExtension>
            <ns3:hr>122</ns3:hr>
          </ns3:TrackPointExtension>
        </extensions>
      </trkpt>
      <trkpt lat="-8.5879504680633544921875" lon="115.06312773562967777252197265625">
        <time>2026-05-13T23:53:23.000Z</time>
        <extensions>
          <ns3:TrackPointExtension>
            <ns3:hr>122</ns3:hr>
          </ns3:TrackPointExtension>
        </extensions>
      </trkpt>
      <trkpt lat="-8.58793261460959911346435546875" lon="115.0631006620824337005615234375">
        <time>2026-05-13T23:53:24.000Z</time>
        <extensions>
          <ns3:TrackPointExtension>
            <ns3:hr>122</ns3:hr>
          </ns3:TrackPointExtension>
        </extensions>
      </trkpt>
      <trkpt lat="-8.588178455829620361328125" lon="115.0636300630867481231689453125">
        <time>2026-05-13T23:55:30.000Z</time>
        <extensions>
          <ns3:TrackPointExtension>
            <ns3:hr>118</ns3:hr>
          </ns3:TrackPointExtension>
        </extensions>
      </trkpt>
      <trkpt lat="-8.58801794238388538360595703125" lon="115.06365202367305755615234375">
        <time>2026-05-13T23:55:31.000Z</time>
        <extensions>
          <ns3:TrackPointExtension>
            <ns3:hr>118</ns3:hr>
          </ns3:TrackPointExtension>
        </extensions>
      </trkpt>
      <trkpt lat="-8.5880036093294620513916015625" lon="115.06365202367305755615234375">
        <time>2026-05-13T23:55:32.000Z</time>
        <extensions>
          <ns3:TrackPointExtension>
            <ns3:hr>118</ns3:hr>
          </ns3:TrackPointExtension>
        </extensions>
      </trkpt>
      <trkpt lat="-8.58810561709105968475341796875" lon="115.0636713020503520965576171875">
        <time>2026-05-13T23:55:33.000Z</time>
        <extensions>
          <ns3:TrackPointExtension>
            <ns3:hr>118</ns3:hr>
          </ns3:TrackPointExtension>
        </extensions>
      </trkpt>
      <trkpt lat="-8.58787293545901775360107421875" lon="115.06359477527439594268798828125">
        <time>2026-05-13T23:55:34.000Z</time>
        <extensions>
          <ns3:TrackPointExtension>
            <ns3:hr>118</ns3:hr>
          </ns3:TrackPointExtension>
        </extensions>
      </trkpt>
      <trkpt lat="-8.58795524574816226959228515625" lon="115.0636111199855804443359375">
        <time>2026-05-13T23:55:35.000Z</time>
        <extensions>
          <ns3:TrackPointExtension>
            <ns3:hr>117</ns3:hr>
          </ns3:TrackPointExtension>
        </extensions>
      </trkpt>
      <trkpt lat="-8.587991036474704742431640625" lon="115.06361573003232479095458984375">
        <time>2026-05-13T23:55:36.000Z</time>
        <extensions>
          <ns3:TrackPointExtension>
            <ns3:hr>118</ns3:hr>
          </ns3:TrackPointExtension>
        </extensions>
      </trkpt>
      <trkpt lat="-8.5879938863217830657958984375" lon="115.06361640058457851409912109375">
        <time>2026-05-13T23:55:37.000Z</time>
        <extensions>
          <ns3:TrackPointExtension>
            <ns3:hr>118</ns3:hr>
          </ns3:TrackPointExtension>
        </extensions>
      </trkpt>
      <trkpt lat="-8.5880143381655216217041015625" lon="115.06361455656588077545166015625">
        <time>2026-05-13T23:55:38.000Z</time>
        <extensions>
          <ns3:TrackPointExtension>
            <ns3:hr>118</ns3:hr>
          </ns3:TrackPointExtension>
        </extensions>
      </trkpt>
      <trkpt lat="-8.588013835251331329345703125" lon="115.06361405365169048309326171875">
        <time>2026-05-13T23:55:39.000Z</time>
        <extensions>
          <ns3:TrackPointExtension>
            <ns3:hr>119</ns3:hr>
          </ns3:TrackPointExtension>
        </extensions>
      </trkpt>
      <trkpt lat="-8.5879999212920665740966796875" lon="115.06361405365169048309326171875">
        <time>2026-05-13T23:55:40.000Z</time>
        <extensions>
          <ns3:TrackPointExtension>
            <ns3:hr>121</ns3:hr>
          </ns3:TrackPointExtension>
        </extensions>
      </trkpt>
      <trkpt lat="-8.5879915393888950347900390625" lon="115.0636132992804050445556640625">
        <time>2026-05-13T23:55:41.000Z</time>
        <extensions>
          <ns3:TrackPointExtension>
            <ns3:hr>121</ns3:hr>
          </ns3:TrackPointExtension>
        </extensions>
      </trkpt>
      <trkpt lat="-8.58798491768538951873779296875" lon="115.063610784709453582763671875">
        <time>2026-05-13T23:55:42.000Z</time>
        <extensions>
          <ns3:TrackPointExtension>
            <ns3:hr>124</ns3:hr>
          </ns3:TrackPointExtension>
        </extensions>
      </trkpt>
      <trkpt lat="-8.58797821216285228729248046875" lon="115.06357734091579914093017578125">
        <time>2026-05-13T23:55:43.000Z</time>
        <extensions>
          <ns3:TrackPointExtension>
            <ns3:hr>124</ns3:hr>
          </ns3:TrackPointExtension>
        </extensions>
      </trkpt>
      <trkpt lat="-8.58797284774482250213623046875" lon="115.0635526143014430999755859375">
        <time>2026-05-13T23:55:44.000Z</time>
        <extensions>
          <ns3:TrackPointExtension>
            <ns3:hr>126</ns3:hr>
          </ns3:TrackPointExtension>
        </extensions>
      </trkpt>
      <trkpt lat="-8.58796798624098300933837890625" lon="115.06353727541863918304443359375">
        <time>2026-05-13T23:55:45.000Z</time>
        <extensions>
          <ns3:TrackPointExtension>
            <ns3:hr>127</ns3:hr>
          </ns3:TrackPointExtension>
        </extensions>
      </trkpt>
      <trkpt lat="-8.58796413056552410125732421875" lon="115.06352587603032588958740234375">
        <time>2026-05-13T23:55:46.000Z</time>
        <extensions>
          <ns3:TrackPointExtension>
            <ns3:hr>129</ns3:hr>
          </ns3:TrackPointExtension>
        </extensions>
      </trkpt>
      <trkpt lat="-8.5879684053361415863037109375" lon="115.063525624573230743408203125">
        <time>2026-05-13T23:55:47.000Z</time>
        <extensions>
          <ns3:TrackPointExtension>
            <ns3:hr>128</ns3:hr>
          </ns3:TrackPointExtension>
        </extensions>
      </trkpt>
      <trkpt lat="-8.58806739561259746551513671875" lon="115.06348044611513614654541015625">
        <time>2026-05-13T23:55:50.000Z</time>
        <extensions>
          <ns3:TrackPointExtension>
            <ns3:hr>128</ns3:hr>
          </ns3:TrackPointExtension>
        </extensions>
      </trkpt>
      <trkpt lat="-8.58805230818688869476318359375" lon="115.0634949468076229095458984375">
        <time>2026-05-13T23:55:51.000Z</time>
        <extensions>
          <ns3:TrackPointExtension>
            <ns3:hr>127</ns3:hr>
          </ns3:TrackPointExtension>
        </extensions>
      </trkpt>
      <trkpt lat="-8.5880351252853870391845703125" lon="115.06351095624268054962158203125">
        <time>2026-05-13T23:55:52.000Z</time>
        <extensions>
          <ns3:TrackPointExtension>
            <ns3:hr>127</ns3:hr>
          </ns3:TrackPointExtension>
        </extensions>
      </trkpt>
      <trkpt lat="-8.58826898038387298583984375" lon="115.06362847052514553070068359375">
        <time>2026-05-13T23:59:22.000Z</time>
        <extensions>
          <ns3:TrackPointExtension>
            <ns3:hr>111</ns3:hr>
          </ns3:TrackPointExtension>
        </extensions>
      </trkpt>
      <trkpt lat="-8.5882537253201007843017578125" lon="115.06363484077155590057373046875">
        <time>2026-05-13T23:59:23.000Z</time>
        <extensions>
          <ns3:TrackPointExtension>
            <ns3:hr>111</ns3:hr>
          </ns3:TrackPointExtension>
        </extensions>
      </trkpt>
    </trkseg>
  </trk>
</gpx>
