<?xml version="1.0" encoding="UTF-8"?>
<gpx version="1.1" creator="SurfSimulator" xmlns="http://www.topografix.com/GPX/1/1">
  <trk>
    <name>Uluwatu Surf Session - 5 Waves</name>
    <trkseg>
      <trkpt lat="-8.826000" lon="115.083990"><time>2026-05-13T08:00:00Z</time></trkpt>
      <trkpt lat="-8.826000" lon="115.083980"><time>2026-05-13T08:00:01Z</time></trkpt>
      <trkpt lat="-8.826000" lon="115.083970"><time>2026-05-13T08:00:02Z</time></trkpt>
      <trkpt lat="-8.825999" lon="115.083960"><time>2026-05-13T08:00:03Z</time></trkpt>
      <trkpt lat="-8.825999" lon="115.083950"><time>2026-05-13T08:00:04Z</time></trkpt>
      <trkpt lat="-8.825998" lon="115.083940"><time>2026-05-13T08:00:05Z</time></trkpt>
      <trkpt lat="-8.825997" lon="115.083930"><time>2026-05-13T08:00:06Z</time></trkpt>
      <trkpt lat="-8.825996" lon="115.083920"><time>2026-05-13T08:00:07Z</time></trkpt>
      <trkpt lat="-8.825995" lon="115.083910"><time>2026-05-13T08:00:08Z</time></trkpt>
      <trkpt lat="-8.825994" lon="115.083900"><time>2026-05-13T08:00:09Z</time></trkpt>
      <trkpt lat="-8.825993" lon="115.083890"><time>2026-05-13T08:00:10Z</time></trkpt>
      <trkpt lat="-8.825992" lon="115.083880"><time>2026-05-13T08:00:11Z</time></trkpt>
      <trkpt lat="-8.825990" lon="115.083870"><time>2026-05-13T08:00:12Z</time></trkpt>
      <trkpt lat="-8.825989" lon="115.083860"><time>2026-05-13T08:00:13Z</time></trkpt>
      <trkpt lat="-8.825987" lon="115.083850"><time>2026-05-13T08:00:14Z</time></trkpt>
      <trkpt lat="-8.825985" lon="115.083840"><time>2026-05-13T08:00:15Z</time></trkpt>
      <trkpt lat="-8.825984" lon="115.083830"><time>2026-05-13T08:00:16Z</time></trkpt>
      <trkpt lat="-8.825982" lon="115.083820"><time>2026-05-13T08:00:17Z</time></trkpt>
      <trkpt lat="-8.825980" lon="115.083810"><time>2026-05-13T08:00:18Z</time></trkpt>
      <trkpt lat="-8.825978" lon="115.083800"><time>2026-05-13T08:00:19Z</time></trkpt>
      <trkpt lat="-8.825976" lon="115.083790"><time>2026-05-13T08:00:20Z</time></trkpt>
      <trkpt lat="-8.825974" lon="115.083780"><time>2026-05-13T08:00:21Z</time></trkpt>
      <trkpt lat="-8.825972" lon="115.083770"><time>2026-05-13T08:00:22Z</time></trkpt>
      <trkpt lat="-8.825970" lon="115.083760"><time>2026-05-13T08:00:23Z</time></trkpt>
      <trkpt lat="-8.825968" lon="115.083750"><time>2026-05-13T08:00:24Z</time></trkpt>
      <trkpt lat="-8.825966" lon="115.083740"><time>2026-05-13T08:00:25Z</time></trkpt>
      <trkpt lat="-8.825964" lon="115.083730"><time>2026-05-13T08:00:26Z</time></trkpt>
      <trkpt lat="-8.825962" lon="115.083720"><time>2026-05-13T08:00:27Z</time></trkpt>
      <trkpt lat="-8.825960" lon="115.083710"><time>2026-05-13T08:00:28Z</time></trkpt>
      <trkpt lat="-8.825958" lon="115.083700"><time>2026-05-13T08:00:29Z</time></trkpt>
      <trkpt lat="-8.825957" lon="115.083690"><time>2026-05-13T08:00:30Z</time></trkpt>
      <trkpt lat="-8.825955" lon="115.083680"><time>2026-05-13T08:00:31Z</time></trkpt>
      <trkpt lat="-8.825953" lon="115.083670"><time>2026-05-13T08:00:32Z</time></trkpt>
      <trkpt lat="-8.825952" lon="115.083660"><time>2026-05-13T08:00:33Z</time></trkpt>
      <trkpt lat="-8.825950" lon="115.083650"><time>2026-05-13T08:00:34Z</time></trkpt>
      <trkpt lat="-8.825949" lon="115.083640"><time>2026-05-13T08:00:35Z</time></trkpt>
      <trkpt lat="-8.825947" lon="115.083630"><time>2026-05-13T08:00:36Z</time></trkpt>
      <trkpt lat="-8.825946" lon="115.083620"><time>2026-05-13T08:00:37Z</time></trkpt>
      <trkpt lat="-8.825945" lon="115.083610"><time>2026-05-13T08:00:38Z</time></trkpt>
      <trkpt lat="-8.825944" lon="115.083600"><time>2026-05-13T08:00:39Z</time></trkpt>
      <trkpt lat="-8.825943" lon="115.083590"><time>2026-05-13T08:00:40Z</time></trkpt>
      <trkpt lat="-8.825942" lon="115.083580"><time>2026-05-13T08:00:41Z</time></trkpt>
      <trkpt lat="-8.825941" lon="115.083570"><time>2026-05-13T08:00:42Z</time></trkpt>
      <trkpt lat="-8.825941" lon="115.083560"><time>2026-05-13T08:00:43Z</time></trkpt>
      <trkpt lat="-8.825940" lon="115.083550"><time>2026-05-13T08:00:44Z</time></trkpt>
      <trkpt lat="-8.825940" lon="115.083540"><time>2026-05-13T08:00:45Z</time></trkpt>
      <trkpt lat="-8.825940" lon="115.083530"><time>2026-05-13T08:00:46Z</time></trkpt>
      <trkpt lat="-8.825940" lon="115.083520"><time>2026-05-13T08:00:47Z</time></trkpt>
      <trkpt lat="-8.825940" lon="115.083510"><time>2026-05-13T08:00:48Z</time></trkpt>
      <trkpt lat="-8.825940" lon="115.083500"><time>2026-05-13T08:00:49Z</time></trkpt>
      <trkpt lat="-8.825941" lon="115.083490"><time>2026-05-13T08:00:50Z</time></trkpt>
      <trkpt lat="-8.825941" lon="115.083480"><time>2026-05-13T08:00:51Z</time></trkpt>
      <trkpt lat="-8.825942" lon="115.083470"><time>2026-05-13T08:00:52Z</time></trkpt>
      <trkpt lat="-8.825943" lon="115.083460"><time>2026-05-13T08:00:53Z</time></trkpt>
      <trkpt lat="-8.825944" lon="115.083450"><time>2026-05-13T08:00:54Z</time></trkpt>
      <trkpt lat="-8.825945" lon="115.083440"><time>2026-05-13T08:00:55Z</time></trkpt>
      <trkpt lat="-8.825946" lon="115.083430"><time>2026-05-13T08:00:56Z</time></trkpt>
      <trkpt lat="-8.825947" lon="115.083420"><time>2026-05-13T08:00:57Z</time></trkpt>
      <trkpt lat="-8.825948" lon="115.083410"><time>2026-05-13T08:00:58Z</time></trkpt>
      <trkpt lat="-8.825950" lon="115.083400"><time>2026-05-13T08:00:59Z</time></trkpt>
      <trkpt lat="-8.825951" lon="115.083390"><time>2026-05-13T08:01:00Z</time></trkpt>
      <trkpt lat="-8.825953" lon="115.083380"><time>2026-05-13T08:01:01Z</time></trkpt>
      <trkpt lat="-8.825954" lon="115.083370"><time>2026-05-13T08:01:02Z</time></trkpt>
      <trkpt lat="-8.825956" lon="115.083360"><time>2026-05-13T08:01:03Z</time></trkpt>
      <trkpt lat="-8.825958" lon="115.083350"><time>2026-05-13T08:01:04Z</time></trkpt>
      <trkpt lat="-8.825960" lon="115.083340"><time>2026-05-13T08:01:05Z</time></trkpt>
      <trkpt lat="-8.825962" lon="115.083330"><time>2026-05-13T08:01:06Z</time></trkpt>
      <trkpt lat="-8.825964" lon="115.083320"><time>2026-05-13T08:01:07Z</time></trkpt>
      <trkpt lat="-8.825966" lon="115.083310"><time>2026-05-13T08:01:08Z</time></trkpt>
      <trkpt lat="-8.825968" lon="115.083300"><time>2026-05-13T08:01:09Z</time></trkpt>
      <trkpt lat="-8.825970" lon="115.083290"><time>2026-05-13T08:01:10Z</time></trkpt>
      <trkpt lat="-8.825972" lon="115.083280"><time>2026-05-13T08:01:11Z</time></trkpt>
      <trkpt lat="-8.825974" lon="115.083270"><time>2026-05-13T08:01:12Z</time></trkpt>
      <trkpt lat="-8.825976" lon="115.083260"><time>2026-05-13T08:01:13Z</time></trkpt>
      <trkpt lat="-8.825978" lon="115.083250"><time>2026-05-13T08:01:14Z</time></trkpt>
      <trkpt lat="-8.825979" lon="115.083240"><time>2026-05-13T08:01:15Z</time></trkpt>
      <trkpt lat="-8.825981" lon="115.083230"><time>2026-05-13T08:01:16Z</time></trkpt>
      <trkpt lat="-8.825983" lon="115.083220"><time>2026-05-13T08:01:17Z</time></trkpt>
      <trkpt lat="-8.825985" lon="115.083210"><time>2026-05-13T08:01:18Z</time></trkpt>
      <trkpt lat="-8.825987" lon="115.083200"><time>2026-05-13T08:01:19Z</time></trkpt>
      <trkpt lat="-8.825988" lon="115.083190"><time>2026-05-13T08:01:20Z</time></trkpt>
      <trkpt lat="-8.825990" lon="115.083180"><time>2026-05-13T08:01:21Z</time></trkpt>
      <trkpt lat="-8.825991" lon="115.083170"><time>2026-05-13T08:01:22Z</time></trkpt>
      <trkpt lat="-8.825993" lon="115.083160"><time>2026-05-13T08:01:23Z</time></trkpt>
      <trkpt lat="-8.825994" lon="115.083150"><time>2026-05-13T08:01:24Z</time></trkpt>
      <trkpt lat="-8.825995" lon="115.083140"><time>2026-05-13T08:01:25Z</time></trkpt>
      <trkpt lat="-8.825996" lon="115.083130"><time>2026-05-13T08:01:26Z</time></trkpt>
      <trkpt lat="-8.825997" lon="115.083120"><time>2026-05-13T08:01:27Z</time></trkpt>
      <trkpt lat="-8.825998" lon="115.083110"><time>2026-05-13T08:01:28Z</time></trkpt>
      <trkpt lat="-8.825999" lon="115.083100"><time>2026-05-13T08:01:29Z</time></trkpt>
      <trkpt lat="-8.825999" lon="115.083090"><time>2026-05-13T08:01:30Z</time></trkpt>
      <trkpt lat="-8.826000" lon="115.083080"><time>2026-05-13T08:01:31Z</time></trkpt>
      <trkpt lat="-8.826000" lon="115.083070"><time>2026-05-13T08:01:32Z</time></trkpt>
      <trkpt lat="-8.826000" lon="115.083060"><time>2026-05-13T08:01:33Z</time></trkpt>
      <trkpt lat="-8.826000" lon="115.083050"><time>2026-05-13T08:01:34Z</time></trkpt>
      <trkpt lat="-8.826000" lon="115.083040"><time>2026-05-13T08:01:35Z</time></trkpt>
      <trkpt lat="-8.826000" lon="115.083030"><time>2026-05-13T08:01:36Z</time></trkpt>
      <trkpt lat="-8.825999" lon="115.083020"><time>2026-05-13T08:01:37Z</time></trkpt>
      <trkpt lat="-8.825999" lon="115.083010"><time>2026-05-13T08:01:38Z</time></trkpt>
      <trkpt lat="-8.825998" lon="115.083000"><time>2026-05-13T08:01:39Z</time></trkpt>
      <trkpt lat="-8.825997" lon="115.082990"><time>2026-05-13T08:01:40Z</time></trkpt>
      <trkpt lat="-8.825997" lon="115.082980"><time>2026-05-13T08:01:41Z</time></trkpt>
      <trkpt lat="-8.825996" lon="115.082970"><time>2026-05-13T08:01:42Z</time></trkpt>
      <trkpt lat="-8.825994" lon="115.082960"><time>2026-05-13T08:01:43Z</time></trkpt>
      <trkpt lat="-8.825993" lon="115.082950"><time>2026-05-13T08:01:44Z</time></trkpt>
      <trkpt lat="-8.825992" lon="115.082940"><time>2026-05-13T08:01:45Z</time></trkpt>
      <trkpt lat="-8.825991" lon="115.082930"><time>2026-05-13T08:01:46Z</time></trkpt>
      <trkpt lat="-8.825989" lon="115.082920"><time>2026-05-13T08:01:47Z</time></trkpt>
      <trkpt lat="-8.825987" lon="115.082910"><time>2026-05-13T08:01:48Z</time></trkpt>
      <trkpt lat="-8.825986" lon="115.082900"><time>2026-05-13T08:01:49Z</time></trkpt>
      <trkpt lat="-8.825984" lon="115.082890"><time>2026-05-13T08:01:50Z</time></trkpt>
      <trkpt lat="-8.825982" lon="115.082880"><time>2026-05-13T08:01:51Z</time></trkpt>
      <trkpt lat="-8.825980" lon="115.082870"><time>2026-05-13T08:01:52Z</time></trkpt>
      <trkpt lat="-8.825979" lon="115.082860"><time>2026-05-13T08:01:53Z</time></trkpt>
      <trkpt lat="-8.825977" lon="115.082850"><time>2026-05-13T08:01:54Z</time></trkpt>
      <trkpt lat="-8.825975" lon="115.082840"><time>2026-05-13T08:01:55Z</time></trkpt>
      <trkpt lat="-8.825973" lon="115.082830"><time>2026-05-13T08:01:56Z</time></trkpt>
      <trkpt lat="-8.825971" lon="115.082820"><time>2026-05-13T08:01:57Z</time></trkpt>
      <trkpt lat="-8.825969" lon="115.082810"><time>2026-05-13T08:01:58Z</time></trkpt>
      <trkpt lat="-8.825967" lon="115.082800"><time>2026-05-13T08:01:59Z</time></trkpt>
      <trkpt lat="-8.825965" lon="115.082790"><time>2026-05-13T08:02:00Z</time></trkpt>
      <trkpt lat="-8.825963" lon="115.082780"><time>2026-05-13T08:02:01Z</time></trkpt>
      <trkpt lat="-8.825961" lon="115.082770"><time>2026-05-13T08:02:02Z</time></trkpt>
      <trkpt lat="-8.825959" lon="115.082760"><time>2026-05-13T08:02:03Z</time></trkpt>
      <trkpt lat="-8.825957" lon="115.082750"><time>2026-05-13T08:02:04Z</time></trkpt>
      <trkpt lat="-8.825955" lon="115.082740"><time>2026-05-13T08:02:05Z</time></trkpt>
      <trkpt lat="-8.825954" lon="115.082730"><time>2026-05-13T08:02:06Z</time></trkpt>
      <trkpt lat="-8.825952" lon="115.082720"><time>2026-05-13T08:02:07Z</time></trkpt>
      <trkpt lat="-8.825950" lon="115.082710"><time>2026-05-13T08:02:08Z</time></trkpt>
      <trkpt lat="-8.825949" lon="115.082700"><time>2026-05-13T08:02:09Z</time></trkpt>
      <trkpt lat="-8.825948" lon="115.082690"><time>2026-05-13T08:02:10Z</time></trkpt>
      <trkpt lat="-8.825946" lon="115.082680"><time>2026-05-13T08:02:11Z</time></trkpt>
      <trkpt lat="-8.825945" lon="115.082670"><time>2026-05-13T08:02:12Z</time></trkpt>
      <trkpt lat="-8.825944" lon="115.082660"><time>2026-05-13T08:02:13Z</time></trkpt>
      <trkpt lat="-8.825943" lon="115.082650"><time>2026-05-13T08:02:14Z</time></trkpt>
      <trkpt lat="-8.825942" lon="115.082640"><time>2026-05-13T08:02:15Z</time></trkpt>
      <trkpt lat="-8.825942" lon="115.082630"><time>2026-05-13T08:02:16Z</time></trkpt>
      <trkpt lat="-8.825941" lon="115.082620"><time>2026-05-13T08:02:17Z</time></trkpt>
      <trkpt lat="-8.825941" lon="115.082610"><time>2026-05-13T08:02:18Z</time></trkpt>
      <trkpt lat="-8.825940" lon="115.082600"><time>2026-05-13T08:02:19Z</time></trkpt>
      <trkpt lat="-8.825940" lon="115.082590"><time>2026-05-13T08:02:20Z</time></trkpt>
      <trkpt lat="-8.825940" lon="115.082580"><time>2026-05-13T08:02:21Z</time></trkpt>
      <trkpt lat="-8.825940" lon="115.082570"><time>2026-05-13T08:02:22Z</time></trkpt>
      <trkpt lat="-8.825940" lon="115.082560"><time>2026-05-13T08:02:23Z</time></trkpt>
      <trkpt lat="-8.825941" lon="115.082550"><time>2026-05-13T08:02:24Z</time></trkpt>
      <trkpt lat="-8.825941" lon="115.082540"><time>2026-05-13T08:02:25Z</time></trkpt>
      <trkpt lat="-8.825942" lon="115.082530"><time>2026-05-13T08:02:26Z</time></trkpt>
      <trkpt lat="-8.825942" lon="115.082520"><time>2026-05-13T08:02:27Z</time></trkpt>
      <trkpt lat="-8.825943" lon="115.082510"><time>2026-05-13T08:02:28Z</time></trkpt>
      <trkpt lat="-8.825944" lon="115.082500"><time>2026-05-13T08:02:29Z</time></trkpt>
      <trkpt lat="-8.825945" lon="115.082490"><time>2026-05-13T08:02:30Z</time></trkpt>
      <trkpt lat="-8.825947" lon="115.082480"><time>2026-05-13T08:02:31Z</time></trkpt>
      <trkpt lat="-8.825948" lon="115.082470"><time>2026-05-13T08:02:32Z</time></trkpt>
      <trkpt lat="-8.825949" lon="115.082460"><time>2026-05-13T08:02:33Z</time></trkpt>
      <trkpt lat="-8.825951" lon="115.082450"><time>2026-05-13T08:02:34Z</time></trkpt>
      <trkpt lat="-8.825952" lon="115.082440"><time>2026-05-13T08:02:35Z</time></trkpt>
      <trkpt lat="-8.825954" lon="115.082430"><time>2026-05-13T08:02:36Z</time></trkpt>
      <trkpt lat="-8.825956" lon="115.082420"><time>2026-05-13T08:02:37Z</time></trkpt>
      <trkpt lat="-8.825958" lon="115.082410"><time>2026-05-13T08:02:38Z</time></trkpt>
      <trkpt lat="-8.825959" lon="115.082400"><time>2026-05-13T08:02:39Z</time></trkpt>
      <trkpt lat="-8.825961" lon="115.082390"><time>2026-05-13T08:02:40Z</time></trkpt>
      <trkpt lat="-8.825963" lon="115.082380"><time>2026-05-13T08:02:41Z</time></trkpt>
      <trkpt lat="-8.825965" lon="115.082370"><time>2026-05-13T08:02:42Z</time></trkpt>
      <trkpt lat="-8.825967" lon="115.082360"><time>2026-05-13T08:02:43Z</time></trkpt>
      <trkpt lat="-8.825969" lon="115.082350"><time>2026-05-13T08:02:44Z</time></trkpt>
      <trkpt lat="-8.825971" lon="115.082340"><time>2026-05-13T08:02:45Z</time></trkpt>
      <trkpt lat="-8.825973" lon="115.082330"><time>2026-05-13T08:02:46Z</time></trkpt>
      <trkpt lat="-8.825975" lon="115.082320"><time>2026-05-13T08:02:47Z</time></trkpt>
      <trkpt lat="-8.825977" lon="115.082310"><time>2026-05-13T08:02:48Z</time></trkpt>
      <trkpt lat="-8.825979" lon="115.082300"><time>2026-05-13T08:02:49Z</time></trkpt>
      <trkpt lat="-8.825981" lon="115.082290"><time>2026-05-13T08:02:50Z</time></trkpt>
      <trkpt lat="-8.825983" lon="115.082280"><time>2026-05-13T08:02:51Z</time></trkpt>
      <trkpt lat="-8.825985" lon="115.082270"><time>2026-05-13T08:02:52Z</time></trkpt>
      <trkpt lat="-8.825986" lon="115.082260"><time>2026-05-13T08:02:53Z</time></trkpt>
      <trkpt lat="-8.825988" lon="115.082250"><time>2026-05-13T08:02:54Z</time></trkpt>
      <trkpt lat="-8.825989" lon="115.082240"><time>2026-05-13T08:02:55Z</time></trkpt>
      <trkpt lat="-8.825991" lon="115.082230"><time>2026-05-13T08:02:56Z</time></trkpt>
      <trkpt lat="-8.825992" lon="115.082220"><time>2026-05-13T08:02:57Z</time></trkpt>
      <trkpt lat="-8.825994" lon="115.082210"><time>2026-05-13T08:02:58Z</time></trkpt>
      <trkpt lat="-8.825995" lon="115.082200"><time>2026-05-13T08:02:59Z</time></trkpt>
      <trkpt lat="-8.825995" lon="115.082202"><time>2026-05-13T08:03:00Z</time></trkpt>
      <trkpt lat="-8.825995" lon="115.082204"><time>2026-05-13T08:03:01Z</time></trkpt>
      <trkpt lat="-8.825994" lon="115.082206"><time>2026-05-13T08:03:02Z</time></trkpt>
      <trkpt lat="-8.825994" lon="115.082208"><time>2026-05-13T08:03:03Z</time></trkpt>
      <trkpt lat="-8.825993" lon="115.082210"><time>2026-05-13T08:03:04Z</time></trkpt>
      <trkpt lat="-8.825992" lon="115.082211"><time>2026-05-13T08:03:05Z</time></trkpt>
      <trkpt lat="-8.825991" lon="115.082213"><time>2026-05-13T08:03:06Z</time></trkpt>
      <trkpt lat="-8.825989" lon="115.082215"><time>2026-05-13T08:03:07Z</time></trkpt>
      <trkpt lat="-8.825988" lon="115.082216"><time>2026-05-13T08:03:08Z</time></trkpt>
      <trkpt lat="-8.825986" lon="115.082217"><time>2026-05-13T08:03:09Z</time></trkpt>
      <trkpt lat="-8.825985" lon="115.082218"><time>2026-05-13T08:03:10Z</time></trkpt>
      <trkpt lat="-8.825983" lon="115.082219"><time>2026-05-13T08:03:11Z</time></trkpt>
      <trkpt lat="-8.825981" lon="115.082220"><time>2026-05-13T08:03:12Z</time></trkpt>
      <trkpt lat="-8.825979" lon="115.082221"><time>2026-05-13T08:03:13Z</time></trkpt>
      <trkpt lat="-8.825977" lon="115.082221"><time>2026-05-13T08:03:14Z</time></trkpt>
      <trkpt lat="-8.825975" lon="115.082221"><time>2026-05-13T08:03:15Z</time></trkpt>
      <trkpt lat="-8.825973" lon="115.082221"><time>2026-05-13T08:03:16Z</time></trkpt>
      <trkpt lat="-8.825971" lon="115.082221"><time>2026-05-13T08:03:17Z</time></trkpt>
      <trkpt lat="-8.825969" lon="115.082220"><time>2026-05-13T08:03:18Z</time></trkpt>
      <trkpt lat="-8.825967" lon="115.082220"><time>2026-05-13T08:03:19Z</time></trkpt>
      <trkpt lat="-8.825966" lon="115.082219"><time>2026-05-13T08:03:20Z</time></trkpt>
      <trkpt lat="-8.825964" lon="115.082218"><time>2026-05-13T08:03:21Z</time></trkpt>
      <trkpt lat="-8.825962" lon="115.082217"><time>2026-05-13T08:03:22Z</time></trkpt>
      <trkpt lat="-8.825961" lon="115.082215"><time>2026-05-13T08:03:23Z</time></trkpt>
      <trkpt lat="-8.825959" lon="115.082214"><time>2026-05-13T08:03:24Z</time></trkpt>
      <trkpt lat="-8.825958" lon="115.082212"><time>2026-05-13T08:03:25Z</time></trkpt>
      <trkpt lat="-8.825957" lon="115.082210"><time>2026-05-13T08:03:26Z</time></trkpt>
      <trkpt lat="-8.825956" lon="115.082209"><time>2026-05-13T08:03:27Z</time></trkpt>
      <trkpt lat="-8.825956" lon="115.082207"><time>2026-05-13T08:03:28Z</time></trkpt>
      <trkpt lat="-8.825955" lon="115.082205"><time>2026-05-13T08:03:29Z</time></trkpt>
      <trkpt lat="-8.825955" lon="115.082203"><time>2026-05-13T08:03:30Z</time></trkpt>
      <trkpt lat="-8.825955" lon="115.082201"><time>2026-05-13T08:03:31Z</time></trkpt>
      <trkpt lat="-8.825955" lon="115.082199"><time>2026-05-13T08:03:32Z</time></trkpt>
      <trkpt lat="-8.825955" lon="115.082197"><time>2026-05-13T08:03:33Z</time></trkpt>
      <trkpt lat="-8.825956" lon="115.082195"><time>2026-05-13T08:03:34Z</time></trkpt>
      <trkpt lat="-8.825956" lon="115.082193"><time>2026-05-13T08:03:35Z</time></trkpt>
      <trkpt lat="-8.825957" lon="115.082191"><time>2026-05-13T08:03:36Z</time></trkpt>
      <trkpt lat="-8.825958" lon="115.082190"><time>2026-05-13T08:03:37Z</time></trkpt>
      <trkpt lat="-8.825960" lon="115.082188"><time>2026-05-13T08:03:38Z</time></trkpt>
      <trkpt lat="-8.825961" lon="115.082187"><time>2026-05-13T08:03:39Z</time></trkpt>
      <trkpt lat="-8.825962" lon="115.082185"><time>2026-05-13T08:03:40Z</time></trkpt>
      <trkpt lat="-8.825964" lon="115.082184"><time>2026-05-13T08:03:41Z</time></trkpt>
      <trkpt lat="-8.825966" lon="115.082183"><time>2026-05-13T08:03:42Z</time></trkpt>
      <trkpt lat="-8.825968" lon="115.082182"><time>2026-05-13T08:03:43Z</time></trkpt>
      <trkpt lat="-8.825970" lon="115.082182"><time>2026-05-13T08:03:44Z</time></trkpt>
      <trkpt lat="-8.825972" lon="115.082181"><time>2026-05-13T08:03:45Z</time></trkpt>
      <trkpt lat="-8.825974" lon="115.082181"><time>2026-05-13T08:03:46Z</time></trkpt>
      <trkpt lat="-8.825976" lon="115.082181"><time>2026-05-13T08:03:47Z</time></trkpt>
      <trkpt lat="-8.825978" lon="115.082181"><time>2026-05-13T08:03:48Z</time></trkpt>
      <trkpt lat="-8.825980" lon="115.082182"><time>2026-05-13T08:03:49Z</time></trkpt>
      <trkpt lat="-8.825981" lon="115.082182"><time>2026-05-13T08:03:50Z</time></trkpt>
      <trkpt lat="-8.825983" lon="115.082183"><time>2026-05-13T08:03:51Z</time></trkpt>
      <trkpt lat="-8.825985" lon="115.082184"><time>2026-05-13T08:03:52Z</time></trkpt>
      <trkpt lat="-8.825987" lon="115.082185"><time>2026-05-13T08:03:53Z</time></trkpt>
      <trkpt lat="-8.825988" lon="115.082186"><time>2026-05-13T08:03:54Z</time></trkpt>
      <trkpt lat="-8.825990" lon="115.082188"><time>2026-05-13T08:03:55Z</time></trkpt>
      <trkpt lat="-8.825991" lon="115.082189"><time>2026-05-13T08:03:56Z</time></trkpt>
      <trkpt lat="-8.825992" lon="115.082191"><time>2026-05-13T08:03:57Z</time></trkpt>
      <trkpt lat="-8.825993" lon="115.082193"><time>2026-05-13T08:03:58Z</time></trkpt>
      <trkpt lat="-8.825994" lon="115.082194"><time>2026-05-13T08:03:59Z</time></trkpt>
      <trkpt lat="-8.825994" lon="115.082196"><time>2026-05-13T08:04:00Z</time></trkpt>
      <trkpt lat="-8.825995" lon="115.082198"><time>2026-05-13T08:04:01Z</time></trkpt>
      <trkpt lat="-8.825995" lon="115.082200"><time>2026-05-13T08:04:02Z</time></trkpt>
      <trkpt lat="-8.825995" lon="115.082202"><time>2026-05-13T08:04:03Z</time></trkpt>
      <trkpt lat="-8.825995" lon="115.082204"><time>2026-05-13T08:04:04Z</time></trkpt>
      <trkpt lat="-8.825994" lon="115.082206"><time>2026-05-13T08:04:05Z</time></trkpt>
      <trkpt lat="-8.825993" lon="115.082208"><time>2026-05-13T08:04:06Z</time></trkpt>
      <trkpt lat="-8.825993" lon="115.082210"><time>2026-05-13T08:04:07Z</time></trkpt>
      <trkpt lat="-8.825992" lon="115.082212"><time>2026-05-13T08:04:08Z</time></trkpt>
      <trkpt lat="-8.825991" lon="115.082213"><time>2026-05-13T08:04:09Z</time></trkpt>
      <trkpt lat="-8.825969" lon="115.082301"><time>2026-05-13T08:04:10Z</time></trkpt>
      <trkpt lat="-8.825947" lon="115.082389"><time>2026-05-13T08:04:11Z</time></trkpt>
      <trkpt lat="-8.825925" lon="115.082477"><time>2026-05-13T08:04:12Z</time></trkpt>
      <trkpt lat="-8.825903" lon="115.082565"><time>2026-05-13T08:04:13Z</time></trkpt>
      <trkpt lat="-8.825881" lon="115.082653"><time>2026-05-13T08:04:14Z</time></trkpt>
      <trkpt lat="-8.825859" lon="115.082741"><time>2026-05-13T08:04:15Z</time></trkpt>
      <trkpt lat="-8.825837" lon="115.082829"><time>2026-05-13T08:04:16Z</time></trkpt>
      <trkpt lat="-8.825815" lon="115.082917"><time>2026-05-13T08:04:17Z</time></trkpt>
      <trkpt lat="-8.825793" lon="115.083005"><time>2026-05-13T08:04:18Z</time></trkpt>
      <trkpt lat="-8.825771" lon="115.083093"><time>2026-05-13T08:04:19Z</time></trkpt>
      <trkpt lat="-8.825749" lon="115.083181"><time>2026-05-13T08:04:20Z</time></trkpt>
      <trkpt lat="-8.825727" lon="115.083269"><time>2026-05-13T08:04:21Z</time></trkpt>
      <trkpt lat="-8.825705" lon="115.083357"><time>2026-05-13T08:04:22Z</time></trkpt>
      <trkpt lat="-8.825683" lon="115.083445"><time>2026-05-13T08:04:23Z</time></trkpt>
      <trkpt lat="-8.825661" lon="115.083533"><time>2026-05-13T08:04:24Z</time></trkpt>
      <trkpt lat="-8.825639" lon="115.083621"><time>2026-05-13T08:04:25Z</time></trkpt>
      <trkpt lat="-8.825617" lon="115.083709"><time>2026-05-13T08:04:26Z</time></trkpt>
      <trkpt lat="-8.825595" lon="115.083797"><time>2026-05-13T08:04:27Z</time></trkpt>
      <trkpt lat="-8.825573" lon="115.083885"><time>2026-05-13T08:04:28Z</time></trkpt>
      <trkpt lat="-8.825551" lon="115.083973"><time>2026-05-13T08:04:29Z</time></trkpt>
      <trkpt lat="-8.825529" lon="115.084061"><time>2026-05-13T08:04:30Z</time></trkpt>
      <trkpt lat="-8.825507" lon="115.084149"><time>2026-05-13T08:04:31Z</time></trkpt>
      <trkpt lat="-8.825485" lon="115.084237"><time>2026-05-13T08:04:32Z</time></trkpt>
      <trkpt lat="-8.825463" lon="115.084325"><time>2026-05-13T08:04:33Z</time></trkpt>
      <trkpt lat="-8.825441" lon="115.084413"><time>2026-05-13T08:04:34Z</time></trkpt>
      <trkpt lat="-8.825419" lon="115.084501"><time>2026-05-13T08:04:35Z</time></trkpt>
      <trkpt lat="-8.825397" lon="115.084589"><time>2026-05-13T08:04:36Z</time></trkpt>
      <trkpt lat="-8.825375" lon="115.084677"><time>2026-05-13T08:04:37Z</time></trkpt>
      <trkpt lat="-8.825353" lon="115.084765"><time>2026-05-13T08:04:38Z</time></trkpt>
      <trkpt lat="-8.825331" lon="115.084853"><time>2026-05-13T08:04:39Z</time></trkpt>
      <trkpt lat="-8.825309" lon="115.084941"><time>2026-05-13T08:04:40Z</time></trkpt>
      <trkpt lat="-8.825287" lon="115.085029"><time>2026-05-13T08:04:41Z</time></trkpt>
      <trkpt lat="-8.825265" lon="115.085117"><time>2026-05-13T08:04:42Z</time></trkpt>
      <trkpt lat="-8.825243" lon="115.085205"><time>2026-05-13T08:04:43Z</time></trkpt>
      <trkpt lat="-8.825221" lon="115.085293"><time>2026-05-13T08:04:44Z</time></trkpt>
      <trkpt lat="-8.825231" lon="115.085286"><time>2026-05-13T08:04:45Z</time></trkpt>
      <trkpt lat="-8.825239" lon="115.085278"><time>2026-05-13T08:04:46Z</time></trkpt>
      <trkpt lat="-8.825247" lon="115.085271"><time>2026-05-13T08:04:47Z</time></trkpt>
      <trkpt lat="-8.825253" lon="115.085263"><time>2026-05-13T08:04:48Z</time></trkpt>
      <trkpt lat="-8.825258" lon="115.085255"><time>2026-05-13T08:04:49Z</time></trkpt>
      <trkpt lat="-8.825262" lon="115.085248"><time>2026-05-13T08:04:50Z</time></trkpt>
      <trkpt lat="-8.825265" lon="115.085240"><time>2026-05-13T08:04:51Z</time></trkpt>
      <trkpt lat="-8.825267" lon="115.085233"><time>2026-05-13T08:04:52Z</time></trkpt>
      <trkpt lat="-8.825267" lon="115.085225"><time>2026-05-13T08:04:53Z</time></trkpt>
      <trkpt lat="-8.825267" lon="115.085217"><time>2026-05-13T08:04:54Z</time></trkpt>
      <trkpt lat="-8.825266" lon="115.085210"><time>2026-05-13T08:04:55Z</time></trkpt>
      <trkpt lat="-8.825264" lon="115.085202"><time>2026-05-13T08:04:56Z</time></trkpt>
      <trkpt lat="-8.825262" lon="115.085194"><time>2026-05-13T08:04:57Z</time></trkpt>
      <trkpt lat="-8.825258" lon="115.085187"><time>2026-05-13T08:04:58Z</time></trkpt>
      <trkpt lat="-8.825254" lon="115.085179"><time>2026-05-13T08:04:59Z</time></trkpt>
      <trkpt lat="-8.825250" lon="115.085172"><time>2026-05-13T08:05:00Z</time></trkpt>
      <trkpt lat="-8.825246" lon="115.085164"><time>2026-05-13T08:05:01Z</time></trkpt>
      <trkpt lat="-8.825241" lon="115.085156"><time>2026-05-13T08:05:02Z</time></trkpt>
      <trkpt lat="-8.825236" lon="115.085149"><time>2026-05-13T08:05:03Z</time></trkpt>
      <trkpt lat="-8.825231" lon="115.085141"><time>2026-05-13T08:05:04Z</time></trkpt>
      <trkpt lat="-8.825226" lon="115.085134"><time>2026-05-13T08:05:05Z</time></trkpt>
      <trkpt lat="-8.825221" lon="115.085126"><time>2026-05-13T08:05:06Z</time></trkpt>
      <trkpt lat="-8.825217" lon="115.085118"><time>2026-05-13T08:05:07Z</time></trkpt>
      <trkpt lat="-8.825213" lon="115.085111"><time>2026-05-13T08:05:08Z</time></trkpt>
      <trkpt lat="-8.825209" lon="115.085103"><time>2026-05-13T08:05:09Z</time></trkpt>
      <trkpt lat="-8.825206" lon="115.085096"><time>2026-05-13T08:05:10Z</time></trkpt>
      <trkpt lat="-8.825203" lon="115.085088"><time>2026-05-13T08:05:11Z</time></trkpt>
      <trkpt lat="-8.825202" lon="115.085080"><time>2026-05-13T08:05:12Z</time></trkpt>
      <trkpt lat="-8.825201" lon="115.085073"><time>2026-05-13T08:05:13Z</time></trkpt>
      <trkpt lat="-8.825201" lon="115.085065"><time>2026-05-13T08:05:14Z</time></trkpt>
      <trkpt lat="-8.825202" lon="115.085058"><time>2026-05-13T08:05:15Z</time></trkpt>
      <trkpt lat="-8.825204" lon="115.085050"><time>2026-05-13T08:05:16Z</time></trkpt>
      <trkpt lat="-8.825207" lon="115.085042"><time>2026-05-13T08:05:17Z</time></trkpt>
      <trkpt lat="-8.825211" lon="115.085035"><time>2026-05-13T08:05:18Z</time></trkpt>
      <trkpt lat="-8.825217" lon="115.085027"><time>2026-05-13T08:05:19Z</time></trkpt>
      <trkpt lat="-8.825224" lon="115.085019"><time>2026-05-13T08:05:20Z</time></trkpt>
      <trkpt lat="-8.825231" lon="115.085012"><time>2026-05-13T08:05:21Z</time></trkpt>
      <trkpt lat="-8.825241" lon="115.085004"><time>2026-05-13T08:05:22Z</time></trkpt>
      <trkpt lat="-8.825251" lon="115.084997"><time>2026-05-13T08:05:23Z</time></trkpt>
      <trkpt lat="-8.825263" lon="115.084989"><time>2026-05-13T08:05:24Z</time></trkpt>
      <trkpt lat="-8.825275" lon="115.084981"><time>2026-05-13T08:05:25Z</time></trkpt>
      <trkpt lat="-8.825290" lon="115.084974"><time>2026-05-13T08:05:26Z</time></trkpt>
      <trkpt lat="-8.825305" lon="115.084966"><time>2026-05-13T08:05:27Z</time></trkpt>
      <trkpt lat="-8.825321" lon="115.084959"><time>2026-05-13T08:05:28Z</time></trkpt>
      <trkpt lat="-8.825339" lon="115.084951"><time>2026-05-13T08:05:29Z</time></trkpt>
      <trkpt lat="-8.825357" lon="115.084943"><time>2026-05-13T08:05:30Z</time></trkpt>
      <trkpt lat="-8.825377" lon="115.084936"><time>2026-05-13T08:05:31Z</time></trkpt>
      <trkpt lat="-8.825397" lon="115.084928"><time>2026-05-13T08:05:32Z</time></trkpt>
      <trkpt lat="-8.825419" lon="115.084921"><time>2026-05-13T08:05:33Z</time></trkpt>
      <trkpt lat="-8.825441" lon="115.084913"><time>2026-05-13T08:05:34Z</time></trkpt>
      <trkpt lat="-8.825464" lon="115.084905"><time>2026-05-13T08:05:35Z</time></trkpt>
      <trkpt lat="-8.825487" lon="115.084898"><time>2026-05-13T08:05:36Z</time></trkpt>
      <trkpt lat="-8.825511" lon="115.084890"><time>2026-05-13T08:05:37Z</time></trkpt>
      <trkpt lat="-8.825535" lon="115.084883"><time>2026-05-13T08:05:38Z</time></trkpt>
      <trkpt lat="-8.825560" lon="115.084875"><time>2026-05-13T08:05:39Z</time></trkpt>
      <trkpt lat="-8.825585" lon="115.084867"><time>2026-05-13T08:05:40Z</time></trkpt>
      <trkpt lat="-8.825610" lon="115.084860"><time>2026-05-13T08:05:41Z</time></trkpt>
      <trkpt lat="-8.825635" lon="115.084852"><time>2026-05-13T08:05:42Z</time></trkpt>
      <trkpt lat="-8.825660" lon="115.084844"><time>2026-05-13T08:05:43Z</time></trkpt>
      <trkpt lat="-8.825684" lon="115.084837"><time>2026-05-13T08:05:44Z</time></trkpt>
      <trkpt lat="-8.825709" lon="115.084829"><time>2026-05-13T08:05:45Z</time></trkpt>
      <trkpt lat="-8.825733" lon="115.084822"><time>2026-05-13T08:05:46Z</time></trkpt>
      <trkpt lat="-8.825756" lon="115.084814"><time>2026-05-13T08:05:47Z</time></trkpt>
      <trkpt lat="-8.825779" lon="115.084806"><time>2026-05-13T08:05:48Z</time></trkpt>
      <trkpt lat="-8.825801" lon="115.084799"><time>2026-05-13T08:05:49Z</time></trkpt>
      <trkpt lat="-8.825823" lon="115.084791"><time>2026-05-13T08:05:50Z</time></trkpt>
      <trkpt lat="-8.825843" lon="115.084784"><time>2026-05-13T08:05:51Z</time></trkpt>
      <trkpt lat="-8.825863" lon="115.084776"><time>2026-05-13T08:05:52Z</time></trkpt>
      <trkpt lat="-8.825882" lon="115.084768"><time>2026-05-13T08:05:53Z</time></trkpt>
      <trkpt lat="-8.825899" lon="115.084761"><time>2026-05-13T08:05:54Z</time></trkpt>
      <trkpt lat="-8.825916" lon="115.084753"><time>2026-05-13T08:05:55Z</time></trkpt>
      <trkpt lat="-8.825931" lon="115.084746"><time>2026-05-13T08:05:56Z</time></trkpt>
      <trkpt lat="-8.825945" lon="115.084738"><time>2026-05-13T08:05:57Z</time></trkpt>
      <trkpt lat="-8.825958" lon="115.084730"><time>2026-05-13T08:05:58Z</time></trkpt>
      <trkpt lat="-8.825970" lon="115.084723"><time>2026-05-13T08:05:59Z</time></trkpt>
      <trkpt lat="-8.825981" lon="115.084715"><time>2026-05-13T08:06:00Z</time></trkpt>
      <trkpt lat="-8.825990" lon="115.084708"><time>2026-05-13T08:06:01Z</time></trkpt>
      <trkpt lat="-8.825998" lon="115.084700"><time>2026-05-13T08:06:02Z</time></trkpt>
      <trkpt lat="-8.826005" lon="115.084692"><time>2026-05-13T08:06:03Z</time></trkpt>
      <trkpt lat="-8.826010" lon="115.084685"><time>2026-05-13T08:06:04Z</time></trkpt>
      <trkpt lat="-8.826015" lon="115.084677"><time>2026-05-13T08:06:05Z</time></trkpt>
      <trkpt lat="-8.826018" lon="115.084670"><time>2026-05-13T08:06:06Z</time></trkpt>
      <trkpt lat="-8.826020" lon="115.084662"><time>2026-05-13T08:06:07Z</time></trkpt>
      <trkpt lat="-8.826021" lon="115.084654"><time>2026-05-13T08:06:08Z</time></trkpt>
      <trkpt lat="-8.826021" lon="115.084647"><time>2026-05-13T08:06:09Z</time></trkpt>
      <trkpt lat="-8.826021" lon="115.084639"><time>2026-05-13T08:06:10Z</time></trkpt>
      <trkpt lat="-8.826019" lon="115.084631"><time>2026-05-13T08:06:11Z</time></trkpt>
      <trkpt lat="-8.826017" lon="115.084624"><time>2026-05-13T08:06:12Z</time></trkpt>
      <trkpt lat="-8.826014" lon="115.084616"><time>2026-05-13T08:06:13Z</time></trkpt>
      <trkpt lat="-8.826010" lon="115.084609"><time>2026-05-13T08:06:14Z</time></trkpt>
      <trkpt lat="-8.826006" lon="115.084601"><time>2026-05-13T08:06:15Z</time></trkpt>
      <trkpt lat="-8.826001" lon="115.084593"><time>2026-05-13T08:06:16Z</time></trkpt>
      <trkpt lat="-8.825997" lon="115.084586"><time>2026-05-13T08:06:17Z</time></trkpt>
      <trkpt lat="-8.825992" lon="115.084578"><time>2026-05-13T08:06:18Z</time></trkpt>
      <trkpt lat="-8.825987" lon="115.084571"><time>2026-05-13T08:06:19Z</time></trkpt>
      <trkpt lat="-8.825982" lon="115.084563"><time>2026-05-13T08:06:20Z</time></trkpt>
      <trkpt lat="-8.825977" lon="115.084555"><time>2026-05-13T08:06:21Z</time></trkpt>
      <trkpt lat="-8.825972" lon="115.084548"><time>2026-05-13T08:06:22Z</time></trkpt>
      <trkpt lat="-8.825968" lon="115.084540"><time>2026-05-13T08:06:23Z</time></trkpt>
      <trkpt lat="-8.825964" lon="115.084533"><time>2026-05-13T08:06:24Z</time></trkpt>
      <trkpt lat="-8.825961" lon="115.084525"><time>2026-05-13T08:06:25Z</time></trkpt>
      <trkpt lat="-8.825958" lon="115.084517"><time>2026-05-13T08:06:26Z</time></trkpt>
      <trkpt lat="-8.825956" lon="115.084510"><time>2026-05-13T08:06:27Z</time></trkpt>
      <trkpt lat="-8.825955" lon="115.084502"><time>2026-05-13T08:06:28Z</time></trkpt>
      <trkpt lat="-8.825955" lon="115.084495"><time>2026-05-13T08:06:29Z</time></trkpt>
      <trkpt lat="-8.825955" lon="115.084487"><time>2026-05-13T08:06:30Z</time></trkpt>
      <trkpt lat="-8.825957" lon="115.084479"><time>2026-05-13T08:06:31Z</time></trkpt>
      <trkpt lat="-8.825960" lon="115.084472"><time>2026-05-13T08:06:32Z</time></trkpt>
      <trkpt lat="-8.825964" lon="115.084464"><time>2026-05-13T08:06:33Z</time></trkpt>
      <trkpt lat="-8.825969" lon="115.084456"><time>2026-05-13T08:06:34Z</time></trkpt>
      <trkpt lat="-8.825975" lon="115.084449"><time>2026-05-13T08:06:35Z</time></trkpt>
      <trkpt lat="-8.825982" lon="115.084441"><time>2026-05-13T08:06:36Z</time></trkpt>
      <trkpt lat="-8.825991" lon="115.084434"><time>2026-05-13T08:06:37Z</time></trkpt>
      <trkpt lat="-8.826001" lon="115.084426"><time>2026-05-13T08:06:38Z</time></trkpt>
      <trkpt lat="-8.826012" lon="115.084418"><time>2026-05-13T08:06:39Z</time></trkpt>
      <trkpt lat="-8.826024" lon="115.084411"><time>2026-05-13T08:06:40Z</time></trkpt>
      <trkpt lat="-8.826038" lon="115.084403"><time>2026-05-13T08:06:41Z</time></trkpt>
      <trkpt lat="-8.826053" lon="115.084396"><time>2026-05-13T08:06:42Z</time></trkpt>
      <trkpt lat="-8.826069" lon="115.084388"><time>2026-05-13T08:06:43Z</time></trkpt>
      <trkpt lat="-8.826086" lon="115.084380"><time>2026-05-13T08:06:44Z</time></trkpt>
      <trkpt lat="-8.826104" lon="115.084373"><time>2026-05-13T08:06:45Z</time></trkpt>
      <trkpt lat="-8.826123" lon="115.084365"><time>2026-05-13T08:06:46Z</time></trkpt>
      <trkpt lat="-8.826143" lon="115.084358"><time>2026-05-13T08:06:47Z</time></trkpt>
      <trkpt lat="-8.826164" lon="115.084350"><time>2026-05-13T08:06:48Z</time></trkpt>
      <trkpt lat="-8.826186" lon="115.084342"><time>2026-05-13T08:06:49Z</time></trkpt>
      <trkpt lat="-8.826208" lon="115.084335"><time>2026-05-13T08:06:50Z</time></trkpt>
      <trkpt lat="-8.826232" lon="115.084327"><time>2026-05-13T08:06:51Z</time></trkpt>
      <trkpt lat="-8.826255" lon="115.084320"><time>2026-05-13T08:06:52Z</time></trkpt>
      <trkpt lat="-8.826280" lon="115.084312"><time>2026-05-13T08:06:53Z</time></trkpt>
      <trkpt lat="-8.826304" lon="115.084304"><time>2026-05-13T08:06:54Z</time></trkpt>
      <trkpt lat="-8.826329" lon="115.084297"><time>2026-05-13T08:06:55Z</time></trkpt>
      <trkpt lat="-8.826354" lon="115.084289"><time>2026-05-13T08:06:56Z</time></trkpt>
      <trkpt lat="-8.826379" lon="115.084281"><time>2026-05-13T08:06:57Z</time></trkpt>
      <trkpt lat="-8.826404" lon="115.084274"><time>2026-05-13T08:06:58Z</time></trkpt>
      <trkpt lat="-8.826429" lon="115.084266"><time>2026-05-13T08:06:59Z</time></trkpt>
      <trkpt lat="-8.826453" lon="115.084259"><time>2026-05-13T08:07:00Z</time></trkpt>
      <trkpt lat="-8.826477" lon="115.084251"><time>2026-05-13T08:07:01Z</time></trkpt>
      <trkpt lat="-8.826501" lon="115.084243"><time>2026-05-13T08:07:02Z</time></trkpt>
      <trkpt lat="-8.826524" lon="115.084236"><time>2026-05-13T08:07:03Z</time></trkpt>
      <trkpt lat="-8.826547" lon="115.084228"><time>2026-05-13T08:07:04Z</time></trkpt>
      <trkpt lat="-8.826568" lon="115.084221"><time>2026-05-13T08:07:05Z</time></trkpt>
      <trkpt lat="-8.826589" lon="115.084213"><time>2026-05-13T08:07:06Z</time></trkpt>
      <trkpt lat="-8.826609" lon="115.084205"><time>2026-05-13T08:07:07Z</time></trkpt>
      <trkpt lat="-8.826628" lon="115.084198"><time>2026-05-13T08:07:08Z</time></trkpt>
      <trkpt lat="-8.826646" lon="115.084190"><time>2026-05-13T08:07:09Z</time></trkpt>
      <trkpt lat="-8.826663" lon="115.084183"><time>2026-05-13T08:07:10Z</time></trkpt>
      <trkpt lat="-8.826679" lon="115.084175"><time>2026-05-13T08:07:11Z</time></trkpt>
      <trkpt lat="-8.826694" lon="115.084167"><time>2026-05-13T08:07:12Z</time></trkpt>
      <trkpt lat="-8.826707" lon="115.084160"><time>2026-05-13T08:07:13Z</time></trkpt>
      <trkpt lat="-8.826720" lon="115.084152"><time>2026-05-13T08:07:14Z</time></trkpt>
      <trkpt lat="-8.826731" lon="115.084145"><time>2026-05-13T08:07:15Z</time></trkpt>
      <trkpt lat="-8.826740" lon="115.084137"><time>2026-05-13T08:07:16Z</time></trkpt>
      <trkpt lat="-8.826749" lon="115.084129"><time>2026-05-13T08:07:17Z</time></trkpt>
      <trkpt lat="-8.826756" lon="115.084122"><time>2026-05-13T08:07:18Z</time></trkpt>
      <trkpt lat="-8.826762" lon="115.084114"><time>2026-05-13T08:07:19Z</time></trkpt>
      <trkpt lat="-8.826767" lon="115.084107"><time>2026-05-13T08:07:20Z</time></trkpt>
      <trkpt lat="-8.826771" lon="115.084099"><time>2026-05-13T08:07:21Z</time></trkpt>
      <trkpt lat="-8.826773" lon="115.084091"><time>2026-05-13T08:07:22Z</time></trkpt>
      <trkpt lat="-8.826775" lon="115.084084"><time>2026-05-13T08:07:23Z</time></trkpt>
      <trkpt lat="-8.826775" lon="115.084076"><time>2026-05-13T08:07:24Z</time></trkpt>
      <trkpt lat="-8.826775" lon="115.084068"><time>2026-05-13T08:07:25Z</time></trkpt>
      <trkpt lat="-8.826774" lon="115.084061"><time>2026-05-13T08:07:26Z</time></trkpt>
      <trkpt lat="-8.826772" lon="115.084053"><time>2026-05-13T08:07:27Z</time></trkpt>
      <trkpt lat="-8.826769" lon="115.084046"><time>2026-05-13T08:07:28Z</time></trkpt>
      <trkpt lat="-8.826765" lon="115.084038"><time>2026-05-13T08:07:29Z</time></trkpt>
      <trkpt lat="-8.826762" lon="115.084030"><time>2026-05-13T08:07:30Z</time></trkpt>
      <trkpt lat="-8.826757" lon="115.084023"><time>2026-05-13T08:07:31Z</time></trkpt>
      <trkpt lat="-8.826753" lon="115.084015"><time>2026-05-13T08:07:32Z</time></trkpt>
      <trkpt lat="-8.826748" lon="115.084008"><time>2026-05-13T08:07:33Z</time></trkpt>
      <trkpt lat="-8.826743" lon="115.084000"><time>2026-05-13T08:07:34Z</time></trkpt>
      <trkpt lat="-8.826743" lon="115.084002"><time>2026-05-13T08:07:35Z</time></trkpt>
      <trkpt lat="-8.826743" lon="115.084004"><time>2026-05-13T08:07:36Z</time></trkpt>
      <trkpt lat="-8.826742" lon="115.084006"><time>2026-05-13T08:07:37Z</time></trkpt>
      <trkpt lat="-8.826742" lon="115.084008"><time>2026-05-13T08:07:38Z</time></trkpt>
      <trkpt lat="-8.826741" lon="115.084010"><time>2026-05-13T08:07:39Z</time></trkpt>
      <trkpt lat="-8.826740" lon="115.084011"><time>2026-05-13T08:07:40Z</time></trkpt>
      <trkpt lat="-8.826739" lon="115.084013"><time>2026-05-13T08:07:41Z</time></trkpt>
      <trkpt lat="-8.826737" lon="115.084015"><time>2026-05-13T08:07:42Z</time></trkpt>
      <trkpt lat="-8.826736" lon="115.084016"><time>2026-05-13T08:07:43Z</time></trkpt>
      <trkpt lat="-8.826734" lon="115.084017"><time>2026-05-13T08:07:44Z</time></trkpt>
      <trkpt lat="-8.826733" lon="115.084018"><time>2026-05-13T08:07:45Z</time></trkpt>
      <trkpt lat="-8.826731" lon="115.084019"><time>2026-05-13T08:07:46Z</time></trkpt>
      <trkpt lat="-8.826729" lon="115.084020"><time>2026-05-13T08:07:47Z</time></trkpt>
      <trkpt lat="-8.826727" lon="115.084021"><time>2026-05-13T08:07:48Z</time></trkpt>
      <trkpt lat="-8.826725" lon="115.084021"><time>2026-05-13T08:07:49Z</time></trkpt>
      <trkpt lat="-8.826723" lon="115.084021"><time>2026-05-13T08:07:50Z</time></trkpt>
      <trkpt lat="-8.826721" lon="115.084021"><time>2026-05-13T08:07:51Z</time></trkpt>
      <trkpt lat="-8.826719" lon="115.084021"><time>2026-05-13T08:07:52Z</time></trkpt>
      <trkpt lat="-8.826717" lon="115.084020"><time>2026-05-13T08:07:53Z</time></trkpt>
      <trkpt lat="-8.826715" lon="115.084020"><time>2026-05-13T08:07:54Z</time></trkpt>
      <trkpt lat="-8.826714" lon="115.084019"><time>2026-05-13T08:07:55Z</time></trkpt>
      <trkpt lat="-8.826712" lon="115.084018"><time>2026-05-13T08:07:56Z</time></trkpt>
      <trkpt lat="-8.826710" lon="115.084017"><time>2026-05-13T08:07:57Z</time></trkpt>
      <trkpt lat="-8.826709" lon="115.084015"><time>2026-05-13T08:07:58Z</time></trkpt>
      <trkpt lat="-8.826707" lon="115.084014"><time>2026-05-13T08:07:59Z</time></trkpt>
      <trkpt lat="-8.826706" lon="115.084012"><time>2026-05-13T08:08:00Z</time></trkpt>
      <trkpt lat="-8.826705" lon="115.084010"><time>2026-05-13T08:08:01Z</time></trkpt>
      <trkpt lat="-8.826704" lon="115.084009"><time>2026-05-13T08:08:02Z</time></trkpt>
      <trkpt lat="-8.826704" lon="115.084007"><time>2026-05-13T08:08:03Z</time></trkpt>
      <trkpt lat="-8.826703" lon="115.084005"><time>2026-05-13T08:08:04Z</time></trkpt>
      <trkpt lat="-8.826703" lon="115.084003"><time>2026-05-13T08:08:05Z</time></trkpt>
      <trkpt lat="-8.826703" lon="115.084001"><time>2026-05-13T08:08:06Z</time></trkpt>
      <trkpt lat="-8.826703" lon="115.083999"><time>2026-05-13T08:08:07Z</time></trkpt>
      <trkpt lat="-8.826703" lon="115.083997"><time>2026-05-13T08:08:08Z</time></trkpt>
      <trkpt lat="-8.826704" lon="115.083995"><time>2026-05-13T08:08:09Z</time></trkpt>
      <trkpt lat="-8.826704" lon="115.083993"><time>2026-05-13T08:08:10Z</time></trkpt>
      <trkpt lat="-8.826705" lon="115.083991"><time>2026-05-13T08:08:11Z</time></trkpt>
      <trkpt lat="-8.826706" lon="115.083990"><time>2026-05-13T08:08:12Z</time></trkpt>
      <trkpt lat="-8.826708" lon="115.083988"><time>2026-05-13T08:08:13Z</time></trkpt>
      <trkpt lat="-8.826709" lon="115.083987"><time>2026-05-13T08:08:14Z</time></trkpt>
      <trkpt lat="-8.826711" lon="115.083985"><time>2026-05-13T08:08:15Z</time></trkpt>
      <trkpt lat="-8.826712" lon="115.083984"><time>2026-05-13T08:08:16Z</time></trkpt>
      <trkpt lat="-8.826714" lon="115.083983"><time>2026-05-13T08:08:17Z</time></trkpt>
      <trkpt lat="-8.826716" lon="115.083982"><time>2026-05-13T08:08:18Z</time></trkpt>
      <trkpt lat="-8.826718" lon="115.083982"><time>2026-05-13T08:08:19Z</time></trkpt>
      <trkpt lat="-8.826720" lon="115.083981"><time>2026-05-13T08:08:20Z</time></trkpt>
      <trkpt lat="-8.826722" lon="115.083981"><time>2026-05-13T08:08:21Z</time></trkpt>
      <trkpt lat="-8.826724" lon="115.083981"><time>2026-05-13T08:08:22Z</time></trkpt>
      <trkpt lat="-8.826726" lon="115.083981"><time>2026-05-13T08:08:23Z</time></trkpt>
      <trkpt lat="-8.826728" lon="115.083982"><time>2026-05-13T08:08:24Z</time></trkpt>
      <trkpt lat="-8.826729" lon="115.083982"><time>2026-05-13T08:08:25Z</time></trkpt>
      <trkpt lat="-8.826731" lon="115.083983"><time>2026-05-13T08:08:26Z</time></trkpt>
      <trkpt lat="-8.826733" lon="115.083984"><time>2026-05-13T08:08:27Z</time></trkpt>
      <trkpt lat="-8.826735" lon="115.083985"><time>2026-05-13T08:08:28Z</time></trkpt>
      <trkpt lat="-8.826736" lon="115.083986"><time>2026-05-13T08:08:29Z</time></trkpt>
      <trkpt lat="-8.826738" lon="115.083988"><time>2026-05-13T08:08:30Z</time></trkpt>
      <trkpt lat="-8.826739" lon="115.083989"><time>2026-05-13T08:08:31Z</time></trkpt>
      <trkpt lat="-8.826740" lon="115.083991"><time>2026-05-13T08:08:32Z</time></trkpt>
      <trkpt lat="-8.826741" lon="115.083993"><time>2026-05-13T08:08:33Z</time></trkpt>
      <trkpt lat="-8.826742" lon="115.083994"><time>2026-05-13T08:08:34Z</time></trkpt>
      <trkpt lat="-8.826742" lon="115.083996"><time>2026-05-13T08:08:35Z</time></trkpt>
      <trkpt lat="-8.826743" lon="115.083998"><time>2026-05-13T08:08:36Z</time></trkpt>
      <trkpt lat="-8.826743" lon="115.084000"><time>2026-05-13T08:08:37Z</time></trkpt>
      <trkpt lat="-8.826743" lon="115.084002"><time>2026-05-13T08:08:38Z</time></trkpt>
      <trkpt lat="-8.826743" lon="115.084004"><time>2026-05-13T08:08:39Z</time></trkpt>
      <trkpt lat="-8.826742" lon="115.084006"><time>2026-05-13T08:08:40Z</time></trkpt>
      <trkpt lat="-8.826742" lon="115.084008"><time>2026-05-13T08:08:41Z</time></trkpt>
      <trkpt lat="-8.826741" lon="115.084010"><time>2026-05-13T08:08:42Z</time></trkpt>
      <trkpt lat="-8.826740" lon="115.084012"><time>2026-05-13T08:08:43Z</time></trkpt>
      <trkpt lat="-8.826739" lon="115.084013"><time>2026-05-13T08:08:44Z</time></trkpt>
      <trkpt lat="-8.826737" lon="115.084015"><time>2026-05-13T08:08:45Z</time></trkpt>
      <trkpt lat="-8.826736" lon="115.084016"><time>2026-05-13T08:08:46Z</time></trkpt>
      <trkpt lat="-8.826734" lon="115.084017"><time>2026-05-13T08:08:47Z</time></trkpt>
      <trkpt lat="-8.826732" lon="115.084019"><time>2026-05-13T08:08:48Z</time></trkpt>
      <trkpt lat="-8.826731" lon="115.084019"><time>2026-05-13T08:08:49Z</time></trkpt>
      <trkpt lat="-8.826729" lon="115.084020"><time>2026-05-13T08:08:50Z</time></trkpt>
      <trkpt lat="-8.826727" lon="115.084021"><time>2026-05-13T08:08:51Z</time></trkpt>
      <trkpt lat="-8.826725" lon="115.084021"><time>2026-05-13T08:08:52Z</time></trkpt>
      <trkpt lat="-8.826723" lon="115.084021"><time>2026-05-13T08:08:53Z</time></trkpt>
      <trkpt lat="-8.826721" lon="115.084021"><time>2026-05-13T08:08:54Z</time></trkpt>
      <trkpt lat="-8.826697" lon="115.084117"><time>2026-05-13T08:08:55Z</time></trkpt>
      <trkpt lat="-8.826673" lon="115.084213"><time>2026-05-13T08:08:56Z</time></trkpt>
      <trkpt lat="-8.826649" lon="115.084309"><time>2026-05-13T08:08:57Z</time></trkpt>
      <trkpt lat="-8.826625" lon="115.084405"><time>2026-05-13T08:08:58Z</time></trkpt>
      <trkpt lat="-8.826601" lon="115.084501"><time>2026-05-13T08:08:59Z</time></trkpt>
      <trkpt lat="-8.826577" lon="115.084597"><time>2026-05-13T08:09:00Z</time></trkpt>
      <trkpt lat="-8.826553" lon="115.084693"><time>2026-05-13T08:09:01Z</time></trkpt>
      <trkpt lat="-8.826529" lon="115.084789"><time>2026-05-13T08:09:02Z</time></trkpt>
      <trkpt lat="-8.826505" lon="115.084885"><time>2026-05-13T08:09:03Z</time></trkpt>
      <trkpt lat="-8.826481" lon="115.084981"><time>2026-05-13T08:09:04Z</time></trkpt>
      <trkpt lat="-8.826457" lon="115.085077"><time>2026-05-13T08:09:05Z</time></trkpt>
      <trkpt lat="-8.826433" lon="115.085173"><time>2026-05-13T08:09:06Z</time></trkpt>
      <trkpt lat="-8.826409" lon="115.085269"><time>2026-05-13T08:09:07Z</time></trkpt>
      <trkpt lat="-8.826385" lon="115.085365"><time>2026-05-13T08:09:08Z</time></trkpt>
      <trkpt lat="-8.826361" lon="115.085461"><time>2026-05-13T08:09:09Z</time></trkpt>
      <trkpt lat="-8.826337" lon="115.085557"><time>2026-05-13T08:09:10Z</time></trkpt>
      <trkpt lat="-8.826313" lon="115.085653"><time>2026-05-13T08:09:11Z</time></trkpt>
      <trkpt lat="-8.826289" lon="115.085749"><time>2026-05-13T08:09:12Z</time></trkpt>
      <trkpt lat="-8.826265" lon="115.085845"><time>2026-05-13T08:09:13Z</time></trkpt>
      <trkpt lat="-8.826241" lon="115.085941"><time>2026-05-13T08:09:14Z</time></trkpt>
      <trkpt lat="-8.826217" lon="115.086037"><time>2026-05-13T08:09:15Z</time></trkpt>
      <trkpt lat="-8.826193" lon="115.086133"><time>2026-05-13T08:09:16Z</time></trkpt>
      <trkpt lat="-8.826169" lon="115.086229"><time>2026-05-13T08:09:17Z</time></trkpt>
      <trkpt lat="-8.826145" lon="115.086325"><time>2026-05-13T08:09:18Z</time></trkpt>
      <trkpt lat="-8.826121" lon="115.086421"><time>2026-05-13T08:09:19Z</time></trkpt>
      <trkpt lat="-8.826097" lon="115.086517"><time>2026-05-13T08:09:20Z</time></trkpt>
      <trkpt lat="-8.826073" lon="115.086613"><time>2026-05-13T08:09:21Z</time></trkpt>
      <trkpt lat="-8.826049" lon="115.086709"><time>2026-05-13T08:09:22Z</time></trkpt>
      <trkpt lat="-8.826025" lon="115.086805"><time>2026-05-13T08:09:23Z</time></trkpt>
      <trkpt lat="-8.826001" lon="115.086901"><time>2026-05-13T08:09:24Z</time></trkpt>
      <trkpt lat="-8.825977" lon="115.086997"><time>2026-05-13T08:09:25Z</time></trkpt>
      <trkpt lat="-8.825953" lon="115.087093"><time>2026-05-13T08:09:26Z</time></trkpt>
      <trkpt lat="-8.825929" lon="115.087189"><time>2026-05-13T08:09:27Z</time></trkpt>
      <trkpt lat="-8.825905" lon="115.087285"><time>2026-05-13T08:09:28Z</time></trkpt>
      <trkpt lat="-8.825881" lon="115.087381"><time>2026-05-13T08:09:29Z</time></trkpt>
      <trkpt lat="-8.825857" lon="115.087477"><time>2026-05-13T08:09:30Z</time></trkpt>
      <trkpt lat="-8.825833" lon="115.087573"><time>2026-05-13T08:09:31Z</time></trkpt>
      <trkpt lat="-8.825809" lon="115.087669"><time>2026-05-13T08:09:32Z</time></trkpt>
      <trkpt lat="-8.825785" lon="115.087765"><time>2026-05-13T08:09:33Z</time></trkpt>
      <trkpt lat="-8.825761" lon="115.087861"><time>2026-05-13T08:09:34Z</time></trkpt>
      <trkpt lat="-8.825771" lon="115.087841"><time>2026-05-13T08:09:35Z</time></trkpt>
      <trkpt lat="-8.825780" lon="115.087820"><time>2026-05-13T08:09:36Z</time></trkpt>
      <trkpt lat="-8.825787" lon="115.087800"><time>2026-05-13T08:09:37Z</time></trkpt>
      <trkpt lat="-8.825793" lon="115.087780"><time>2026-05-13T08:09:38Z</time></trkpt>
      <trkpt lat="-8.825799" lon="115.087759"><time>2026-05-13T08:09:39Z</time></trkpt>
      <trkpt lat="-8.825802" lon="115.087739"><time>2026-05-13T08:09:40Z</time></trkpt>
      <trkpt lat="-8.825805" lon="115.087719"><time>2026-05-13T08:09:41Z</time></trkpt>
      <trkpt lat="-8.825807" lon="115.087698"><time>2026-05-13T08:09:42Z</time></trkpt>
      <trkpt lat="-8.825808" lon="115.087678"><time>2026-05-13T08:09:43Z</time></trkpt>
      <trkpt lat="-8.825808" lon="115.087658"><time>2026-05-13T08:09:44Z</time></trkpt>
      <trkpt lat="-8.825806" lon="115.087637"><time>2026-05-13T08:09:45Z</time></trkpt>
      <trkpt lat="-8.825805" lon="115.087617"><time>2026-05-13T08:09:46Z</time></trkpt>
      <trkpt lat="-8.825802" lon="115.087597"><time>2026-05-13T08:09:47Z</time></trkpt>
      <trkpt lat="-8.825799" lon="115.087576"><time>2026-05-13T08:09:48Z</time></trkpt>
      <trkpt lat="-8.825795" lon="115.087556"><time>2026-05-13T08:09:49Z</time></trkpt>
      <trkpt lat="-8.825791" lon="115.087536"><time>2026-05-13T08:09:50Z</time></trkpt>
      <trkpt lat="-8.825786" lon="115.087515"><time>2026-05-13T08:09:51Z</time></trkpt>
      <trkpt lat="-8.825781" lon="115.087495"><time>2026-05-13T08:09:52Z</time></trkpt>
      <trkpt lat="-8.825776" lon="115.087475"><time>2026-05-13T08:09:53Z</time></trkpt>
      <trkpt lat="-8.825771" lon="115.087455"><time>2026-05-13T08:09:54Z</time></trkpt>
      <trkpt lat="-8.825766" lon="115.087434"><time>2026-05-13T08:09:55Z</time></trkpt>
      <trkpt lat="-8.825762" lon="115.087414"><time>2026-05-13T08:09:56Z</time></trkpt>
      <trkpt lat="-8.825757" lon="115.087394"><time>2026-05-13T08:09:57Z</time></trkpt>
      <trkpt lat="-8.825753" lon="115.087373"><time>2026-05-13T08:09:58Z</time></trkpt>
      <trkpt lat="-8.825749" lon="115.087353"><time>2026-05-13T08:09:59Z</time></trkpt>
      <trkpt lat="-8.825746" lon="115.087333"><time>2026-05-13T08:10:00Z</time></trkpt>
      <trkpt lat="-8.825744" lon="115.087312"><time>2026-05-13T08:10:01Z</time></trkpt>
      <trkpt lat="-8.825742" lon="115.087292"><time>2026-05-13T08:10:02Z</time></trkpt>
      <trkpt lat="-8.825741" lon="115.087272"><time>2026-05-13T08:10:03Z</time></trkpt>
      <trkpt lat="-8.825741" lon="115.087251"><time>2026-05-13T08:10:04Z</time></trkpt>
      <trkpt lat="-8.825742" lon="115.087231"><time>2026-05-13T08:10:05Z</time></trkpt>
      <trkpt lat="-8.825744" lon="115.087211"><time>2026-05-13T08:10:06Z</time></trkpt>
      <trkpt lat="-8.825748" lon="115.087190"><time>2026-05-13T08:10:07Z</time></trkpt>
      <trkpt lat="-8.825752" lon="115.087170"><time>2026-05-13T08:10:08Z</time></trkpt>
      <trkpt lat="-8.825757" lon="115.087150"><time>2026-05-13T08:10:09Z</time></trkpt>
      <trkpt lat="-8.825764" lon="115.087129"><time>2026-05-13T08:10:10Z</time></trkpt>
      <trkpt lat="-8.825772" lon="115.087109"><time>2026-05-13T08:10:11Z</time></trkpt>
      <trkpt lat="-8.825781" lon="115.087089"><time>2026-05-13T08:10:12Z</time></trkpt>
      <trkpt lat="-8.825791" lon="115.087068"><time>2026-05-13T08:10:13Z</time></trkpt>
      <trkpt lat="-8.825803" lon="115.087048"><time>2026-05-13T08:10:14Z</time></trkpt>
      <trkpt lat="-8.825816" lon="115.087028"><time>2026-05-13T08:10:15Z</time></trkpt>
      <trkpt lat="-8.825830" lon="115.087007"><time>2026-05-13T08:10:16Z</time></trkpt>
      <trkpt lat="-8.825845" lon="115.086987"><time>2026-05-13T08:10:17Z</time></trkpt>
      <trkpt lat="-8.825862" lon="115.086967"><time>2026-05-13T08:10:18Z</time></trkpt>
      <trkpt lat="-8.825879" lon="115.086946"><time>2026-05-13T08:10:19Z</time></trkpt>
      <trkpt lat="-8.825898" lon="115.086926"><time>2026-05-13T08:10:20Z</time></trkpt>
      <trkpt lat="-8.825917" lon="115.086906"><time>2026-05-13T08:10:21Z</time></trkpt>
      <trkpt lat="-8.825938" lon="115.086886"><time>2026-05-13T08:10:22Z</time></trkpt>
      <trkpt lat="-8.825959" lon="115.086865"><time>2026-05-13T08:10:23Z</time></trkpt>
      <trkpt lat="-8.825981" lon="115.086845"><time>2026-05-13T08:10:24Z</time></trkpt>
      <trkpt lat="-8.826004" lon="115.086825"><time>2026-05-13T08:10:25Z</time></trkpt>
      <trkpt lat="-8.826027" lon="115.086804"><time>2026-05-13T08:10:26Z</time></trkpt>
      <trkpt lat="-8.826051" lon="115.086784"><time>2026-05-13T08:10:27Z</time></trkpt>
      <trkpt lat="-8.826076" lon="115.086764"><time>2026-05-13T08:10:28Z</time></trkpt>
      <trkpt lat="-8.826100" lon="115.086743"><time>2026-05-13T08:10:29Z</time></trkpt>
      <trkpt lat="-8.826125" lon="115.086723"><time>2026-05-13T08:10:30Z</time></trkpt>
      <trkpt lat="-8.826150" lon="115.086703"><time>2026-05-13T08:10:31Z</time></trkpt>
      <trkpt lat="-8.826175" lon="115.086682"><time>2026-05-13T08:10:32Z</time></trkpt>
      <trkpt lat="-8.826200" lon="115.086662"><time>2026-05-13T08:10:33Z</time></trkpt>
      <trkpt lat="-8.826225" lon="115.086642"><time>2026-05-13T08:10:34Z</time></trkpt>
      <trkpt lat="-8.826249" lon="115.086621"><time>2026-05-13T08:10:35Z</time></trkpt>
      <trkpt lat="-8.826273" lon="115.086601"><time>2026-05-13T08:10:36Z</time></trkpt>
      <trkpt lat="-8.826297" lon="115.086581"><time>2026-05-13T08:10:37Z</time></trkpt>
      <trkpt lat="-8.826320" lon="115.086560"><time>2026-05-13T08:10:38Z</time></trkpt>
      <trkpt lat="-8.826342" lon="115.086540"><time>2026-05-13T08:10:39Z</time></trkpt>
      <trkpt lat="-8.826363" lon="115.086520"><time>2026-05-13T08:10:40Z</time></trkpt>
      <trkpt lat="-8.826384" lon="115.086499"><time>2026-05-13T08:10:41Z</time></trkpt>
      <trkpt lat="-8.826403" lon="115.086479"><time>2026-05-13T08:10:42Z</time></trkpt>
      <trkpt lat="-8.826422" lon="115.086459"><time>2026-05-13T08:10:43Z</time></trkpt>
      <trkpt lat="-8.826440" lon="115.086438"><time>2026-05-13T08:10:44Z</time></trkpt>
      <trkpt lat="-8.826456" lon="115.086418"><time>2026-05-13T08:10:45Z</time></trkpt>
      <trkpt lat="-8.826472" lon="115.086398"><time>2026-05-13T08:10:46Z</time></trkpt>
      <trkpt lat="-8.826486" lon="115.086378"><time>2026-05-13T08:10:47Z</time></trkpt>
      <trkpt lat="-8.826499" lon="115.086357"><time>2026-05-13T08:10:48Z</time></trkpt>
      <trkpt lat="-8.826511" lon="115.086337"><time>2026-05-13T08:10:49Z</time></trkpt>
      <trkpt lat="-8.826521" lon="115.086317"><time>2026-05-13T08:10:50Z</time></trkpt>
      <trkpt lat="-8.826530" lon="115.086296"><time>2026-05-13T08:10:51Z</time></trkpt>
      <trkpt lat="-8.826538" lon="115.086276"><time>2026-05-13T08:10:52Z</time></trkpt>
      <trkpt lat="-8.826545" lon="115.086256"><time>2026-05-13T08:10:53Z</time></trkpt>
      <trkpt lat="-8.826551" lon="115.086235"><time>2026-05-13T08:10:54Z</time></trkpt>
      <trkpt lat="-8.826555" lon="115.086215"><time>2026-05-13T08:10:55Z</time></trkpt>
      <trkpt lat="-8.826558" lon="115.086195"><time>2026-05-13T08:10:56Z</time></trkpt>
      <trkpt lat="-8.826560" lon="115.086174"><time>2026-05-13T08:10:57Z</time></trkpt>
      <trkpt lat="-8.826562" lon="115.086154"><time>2026-05-13T08:10:58Z</time></trkpt>
      <trkpt lat="-8.826562" lon="115.086134"><time>2026-05-13T08:10:59Z</time></trkpt>
      <trkpt lat="-8.826561" lon="115.086113"><time>2026-05-13T08:11:00Z</time></trkpt>
      <trkpt lat="-8.826559" lon="115.086093"><time>2026-05-13T08:11:01Z</time></trkpt>
      <trkpt lat="-8.826557" lon="115.086073"><time>2026-05-13T08:11:02Z</time></trkpt>
      <trkpt lat="-8.826554" lon="115.086052"><time>2026-05-13T08:11:03Z</time></trkpt>
      <trkpt lat="-8.826550" lon="115.086032"><time>2026-05-13T08:11:04Z</time></trkpt>
      <trkpt lat="-8.826546" lon="115.086012"><time>2026-05-13T08:11:05Z</time></trkpt>
      <trkpt lat="-8.826542" lon="115.085991"><time>2026-05-13T08:11:06Z</time></trkpt>
      <trkpt lat="-8.826537" lon="115.085971"><time>2026-05-13T08:11:07Z</time></trkpt>
      <trkpt lat="-8.826532" lon="115.085951"><time>2026-05-13T08:11:08Z</time></trkpt>
      <trkpt lat="-8.826527" lon="115.085930"><time>2026-05-13T08:11:09Z</time></trkpt>
      <trkpt lat="-8.826522" lon="115.085910"><time>2026-05-13T08:11:10Z</time></trkpt>
      <trkpt lat="-8.826517" lon="115.085890"><time>2026-05-13T08:11:11Z</time></trkpt>
      <trkpt lat="-8.826513" lon="115.085869"><time>2026-05-13T08:11:12Z</time></trkpt>
      <trkpt lat="-8.826509" lon="115.085849"><time>2026-05-13T08:11:13Z</time></trkpt>
      <trkpt lat="-8.826505" lon="115.085829"><time>2026-05-13T08:11:14Z</time></trkpt>
      <trkpt lat="-8.826501" lon="115.085809"><time>2026-05-13T08:11:15Z</time></trkpt>
      <trkpt lat="-8.826499" lon="115.085788"><time>2026-05-13T08:11:16Z</time></trkpt>
      <trkpt lat="-8.826497" lon="115.085768"><time>2026-05-13T08:11:17Z</time></trkpt>
      <trkpt lat="-8.826496" lon="115.085748"><time>2026-05-13T08:11:18Z</time></trkpt>
      <trkpt lat="-8.826495" lon="115.085727"><time>2026-05-13T08:11:19Z</time></trkpt>
      <trkpt lat="-8.826496" lon="115.085707"><time>2026-05-13T08:11:20Z</time></trkpt>
      <trkpt lat="-8.826497" lon="115.085687"><time>2026-05-13T08:11:21Z</time></trkpt>
      <trkpt lat="-8.826500" lon="115.085666"><time>2026-05-13T08:11:22Z</time></trkpt>
      <trkpt lat="-8.826504" lon="115.085646"><time>2026-05-13T08:11:23Z</time></trkpt>
      <trkpt lat="-8.826509" lon="115.085626"><time>2026-05-13T08:11:24Z</time></trkpt>
      <trkpt lat="-8.826515" lon="115.085605"><time>2026-05-13T08:11:25Z</time></trkpt>
      <trkpt lat="-8.826523" lon="115.085585"><time>2026-05-13T08:11:26Z</time></trkpt>
      <trkpt lat="-8.826531" lon="115.085565"><time>2026-05-13T08:11:27Z</time></trkpt>
      <trkpt lat="-8.826541" lon="115.085544"><time>2026-05-13T08:11:28Z</time></trkpt>
      <trkpt lat="-8.826552" lon="115.085524"><time>2026-05-13T08:11:29Z</time></trkpt>
      <trkpt lat="-8.826565" lon="115.085504"><time>2026-05-13T08:11:30Z</time></trkpt>
      <trkpt lat="-8.826578" lon="115.085483"><time>2026-05-13T08:11:31Z</time></trkpt>
      <trkpt lat="-8.826593" lon="115.085463"><time>2026-05-13T08:11:32Z</time></trkpt>
      <trkpt lat="-8.826609" lon="115.085443"><time>2026-05-13T08:11:33Z</time></trkpt>
      <trkpt lat="-8.826626" lon="115.085422"><time>2026-05-13T08:11:34Z</time></trkpt>
      <trkpt lat="-8.826644" lon="115.085402"><time>2026-05-13T08:11:35Z</time></trkpt>
      <trkpt lat="-8.826663" lon="115.085382"><time>2026-05-13T08:11:36Z</time></trkpt>
      <trkpt lat="-8.826683" lon="115.085361"><time>2026-05-13T08:11:37Z</time></trkpt>
      <trkpt lat="-8.826704" lon="115.085341"><time>2026-05-13T08:11:38Z</time></trkpt>
      <trkpt lat="-8.826726" lon="115.085321"><time>2026-05-13T08:11:39Z</time></trkpt>
      <trkpt lat="-8.826749" lon="115.085301"><time>2026-05-13T08:11:40Z</time></trkpt>
      <trkpt lat="-8.826772" lon="115.085280"><time>2026-05-13T08:11:41Z</time></trkpt>
      <trkpt lat="-8.826796" lon="115.085260"><time>2026-05-13T08:11:42Z</time></trkpt>
      <trkpt lat="-8.826820" lon="115.085240"><time>2026-05-13T08:11:43Z</time></trkpt>
      <trkpt lat="-8.826845" lon="115.085219"><time>2026-05-13T08:11:44Z</time></trkpt>
      <trkpt lat="-8.826869" lon="115.085199"><time>2026-05-13T08:11:45Z</time></trkpt>
      <trkpt lat="-8.826894" lon="115.085179"><time>2026-05-13T08:11:46Z</time></trkpt>
      <trkpt lat="-8.826919" lon="115.085158"><time>2026-05-13T08:11:47Z</time></trkpt>
      <trkpt lat="-8.826944" lon="115.085138"><time>2026-05-13T08:11:48Z</time></trkpt>
      <trkpt lat="-8.826969" lon="115.085118"><time>2026-05-13T08:11:49Z</time></trkpt>
      <trkpt lat="-8.826994" lon="115.085097"><time>2026-05-13T08:11:50Z</time></trkpt>
      <trkpt lat="-8.827018" lon="115.085077"><time>2026-05-13T08:11:51Z</time></trkpt>
      <trkpt lat="-8.827041" lon="115.085057"><time>2026-05-13T08:11:52Z</time></trkpt>
      <trkpt lat="-8.827065" lon="115.085036"><time>2026-05-13T08:11:53Z</time></trkpt>
      <trkpt lat="-8.827087" lon="115.085016"><time>2026-05-13T08:11:54Z</time></trkpt>
      <trkpt lat="-8.827109" lon="115.084996"><time>2026-05-13T08:11:55Z</time></trkpt>
      <trkpt lat="-8.827130" lon="115.084975"><time>2026-05-13T08:11:56Z</time></trkpt>
      <trkpt lat="-8.827150" lon="115.084955"><time>2026-05-13T08:11:57Z</time></trkpt>
      <trkpt lat="-8.827169" lon="115.084935"><time>2026-05-13T08:11:58Z</time></trkpt>
      <trkpt lat="-8.827187" lon="115.084914"><time>2026-05-13T08:11:59Z</time></trkpt>
      <trkpt lat="-8.827204" lon="115.084894"><time>2026-05-13T08:12:00Z</time></trkpt>
      <trkpt lat="-8.827220" lon="115.084874"><time>2026-05-13T08:12:01Z</time></trkpt>
      <trkpt lat="-8.827234" lon="115.084853"><time>2026-05-13T08:12:02Z</time></trkpt>
      <trkpt lat="-8.827248" lon="115.084833"><time>2026-05-13T08:12:03Z</time></trkpt>
      <trkpt lat="-8.827260" lon="115.084813"><time>2026-05-13T08:12:04Z</time></trkpt>
      <trkpt lat="-8.827271" lon="115.084793"><time>2026-05-13T08:12:05Z</time></trkpt>
      <trkpt lat="-8.827281" lon="115.084772"><time>2026-05-13T08:12:06Z</time></trkpt>
      <trkpt lat="-8.827289" lon="115.084752"><time>2026-05-13T08:12:07Z</time></trkpt>
      <trkpt lat="-8.827297" lon="115.084732"><time>2026-05-13T08:12:08Z</time></trkpt>
      <trkpt lat="-8.827303" lon="115.084711"><time>2026-05-13T08:12:09Z</time></trkpt>
      <trkpt lat="-8.827307" lon="115.084691"><time>2026-05-13T08:12:10Z</time></trkpt>
      <trkpt lat="-8.827311" lon="115.084671"><time>2026-05-13T08:12:11Z</time></trkpt>
      <trkpt lat="-8.827314" lon="115.084650"><time>2026-05-13T08:12:12Z</time></trkpt>
      <trkpt lat="-8.827315" lon="115.084630"><time>2026-05-13T08:12:13Z</time></trkpt>
      <trkpt lat="-8.827316" lon="115.084610"><time>2026-05-13T08:12:14Z</time></trkpt>
      <trkpt lat="-8.827315" lon="115.084589"><time>2026-05-13T08:12:15Z</time></trkpt>
      <trkpt lat="-8.827314" lon="115.084569"><time>2026-05-13T08:12:16Z</time></trkpt>
      <trkpt lat="-8.827312" lon="115.084549"><time>2026-05-13T08:12:17Z</time></trkpt>
      <trkpt lat="-8.827309" lon="115.084528"><time>2026-05-13T08:12:18Z</time></trkpt>
      <trkpt lat="-8.827306" lon="115.084508"><time>2026-05-13T08:12:19Z</time></trkpt>
      <trkpt lat="-8.827302" lon="115.084488"><time>2026-05-13T08:12:20Z</time></trkpt>
      <trkpt lat="-8.827298" lon="115.084467"><time>2026-05-13T08:12:21Z</time></trkpt>
      <trkpt lat="-8.827293" lon="115.084447"><time>2026-05-13T08:12:22Z</time></trkpt>
      <trkpt lat="-8.827288" lon="115.084427"><time>2026-05-13T08:12:23Z</time></trkpt>
      <trkpt lat="-8.827283" lon="115.084406"><time>2026-05-13T08:12:24Z</time></trkpt>
      <trkpt lat="-8.827278" lon="115.084386"><time>2026-05-13T08:12:25Z</time></trkpt>
      <trkpt lat="-8.827273" lon="115.084366"><time>2026-05-13T08:12:26Z</time></trkpt>
      <trkpt lat="-8.827269" lon="115.084345"><time>2026-05-13T08:12:27Z</time></trkpt>
      <trkpt lat="-8.827264" lon="115.084325"><time>2026-05-13T08:12:28Z</time></trkpt>
      <trkpt lat="-8.827260" lon="115.084305"><time>2026-05-13T08:12:29Z</time></trkpt>
      <trkpt lat="-8.827257" lon="115.084284"><time>2026-05-13T08:12:30Z</time></trkpt>
      <trkpt lat="-8.827254" lon="115.084264"><time>2026-05-13T08:12:31Z</time></trkpt>
      <trkpt lat="-8.827251" lon="115.084244"><time>2026-05-13T08:12:32Z</time></trkpt>
      <trkpt lat="-8.827250" lon="115.084224"><time>2026-05-13T08:12:33Z</time></trkpt>
      <trkpt lat="-8.827249" lon="115.084203"><time>2026-05-13T08:12:34Z</time></trkpt>
      <trkpt lat="-8.827249" lon="115.084183"><time>2026-05-13T08:12:35Z</time></trkpt>
      <trkpt lat="-8.827251" lon="115.084163"><time>2026-05-13T08:12:36Z</time></trkpt>
      <trkpt lat="-8.827253" lon="115.084142"><time>2026-05-13T08:12:37Z</time></trkpt>
      <trkpt lat="-8.827256" lon="115.084122"><time>2026-05-13T08:12:38Z</time></trkpt>
      <trkpt lat="-8.827261" lon="115.084102"><time>2026-05-13T08:12:39Z</time></trkpt>
      <trkpt lat="-8.827267" lon="115.084081"><time>2026-05-13T08:12:40Z</time></trkpt>
      <trkpt lat="-8.827273" lon="115.084061"><time>2026-05-13T08:12:41Z</time></trkpt>
      <trkpt lat="-8.827282" lon="115.084041"><time>2026-05-13T08:12:42Z</time></trkpt>
      <trkpt lat="-8.827291" lon="115.084020"><time>2026-05-13T08:12:43Z</time></trkpt>
      <trkpt lat="-8.827302" lon="115.084000"><time>2026-05-13T08:12:44Z</time></trkpt>
      <trkpt lat="-8.827302" lon="115.084002"><time>2026-05-13T08:12:45Z</time></trkpt>
      <trkpt lat="-8.827301" lon="115.084004"><time>2026-05-13T08:12:46Z</time></trkpt>
      <trkpt lat="-8.827301" lon="115.084006"><time>2026-05-13T08:12:47Z</time></trkpt>
      <trkpt lat="-8.827300" lon="115.084008"><time>2026-05-13T08:12:48Z</time></trkpt>
      <trkpt lat="-8.827300" lon="115.084010"><time>2026-05-13T08:12:49Z</time></trkpt>
      <trkpt lat="-8.827299" lon="115.084011"><time>2026-05-13T08:12:50Z</time></trkpt>
      <trkpt lat="-8.827298" lon="115.084013"><time>2026-05-13T08:12:51Z</time></trkpt>
      <trkpt lat="-8.827296" lon="115.084015"><time>2026-05-13T08:12:52Z</time></trkpt>
      <trkpt lat="-8.827295" lon="115.084016"><time>2026-05-13T08:12:53Z</time></trkpt>
      <trkpt lat="-8.827293" lon="115.084017"><time>2026-05-13T08:12:54Z</time></trkpt>
      <trkpt lat="-8.827292" lon="115.084018"><time>2026-05-13T08:12:55Z</time></trkpt>
      <trkpt lat="-8.827290" lon="115.084019"><time>2026-05-13T08:12:56Z</time></trkpt>
      <trkpt lat="-8.827288" lon="115.084020"><time>2026-05-13T08:12:57Z</time></trkpt>
      <trkpt lat="-8.827286" lon="115.084021"><time>2026-05-13T08:12:58Z</time></trkpt>
      <trkpt lat="-8.827284" lon="115.084021"><time>2026-05-13T08:12:59Z</time></trkpt>
      <trkpt lat="-8.827282" lon="115.084021"><time>2026-05-13T08:13:00Z</time></trkpt>
      <trkpt lat="-8.827280" lon="115.084021"><time>2026-05-13T08:13:01Z</time></trkpt>
      <trkpt lat="-8.827278" lon="115.084021"><time>2026-05-13T08:13:02Z</time></trkpt>
      <trkpt lat="-8.827276" lon="115.084020"><time>2026-05-13T08:13:03Z</time></trkpt>
      <trkpt lat="-8.827274" lon="115.084020"><time>2026-05-13T08:13:04Z</time></trkpt>
      <trkpt lat="-8.827272" lon="115.084019"><time>2026-05-13T08:13:05Z</time></trkpt>
      <trkpt lat="-8.827271" lon="115.084018"><time>2026-05-13T08:13:06Z</time></trkpt>
      <trkpt lat="-8.827269" lon="115.084017"><time>2026-05-13T08:13:07Z</time></trkpt>
      <trkpt lat="-8.827268" lon="115.084015"><time>2026-05-13T08:13:08Z</time></trkpt>
      <trkpt lat="-8.827266" lon="115.084014"><time>2026-05-13T08:13:09Z</time></trkpt>
      <trkpt lat="-8.827265" lon="115.084012"><time>2026-05-13T08:13:10Z</time></trkpt>
      <trkpt lat="-8.827264" lon="115.084010"><time>2026-05-13T08:13:11Z</time></trkpt>
      <trkpt lat="-8.827263" lon="115.084009"><time>2026-05-13T08:13:12Z</time></trkpt>
      <trkpt lat="-8.827262" lon="115.084007"><time>2026-05-13T08:13:13Z</time></trkpt>
      <trkpt lat="-8.827262" lon="115.084005"><time>2026-05-13T08:13:14Z</time></trkpt>
      <trkpt lat="-8.827262" lon="115.084003"><time>2026-05-13T08:13:15Z</time></trkpt>
      <trkpt lat="-8.827262" lon="115.084001"><time>2026-05-13T08:13:16Z</time></trkpt>
      <trkpt lat="-8.827262" lon="115.083999"><time>2026-05-13T08:13:17Z</time></trkpt>
      <trkpt lat="-8.827262" lon="115.083997"><time>2026-05-13T08:13:18Z</time></trkpt>
      <trkpt lat="-8.827263" lon="115.083995"><time>2026-05-13T08:13:19Z</time></trkpt>
      <trkpt lat="-8.827263" lon="115.083993"><time>2026-05-13T08:13:20Z</time></trkpt>
      <trkpt lat="-8.827264" lon="115.083991"><time>2026-05-13T08:13:21Z</time></trkpt>
      <trkpt lat="-8.827265" lon="115.083990"><time>2026-05-13T08:13:22Z</time></trkpt>
      <trkpt lat="-8.827266" lon="115.083988"><time>2026-05-13T08:13:23Z</time></trkpt>
      <trkpt lat="-8.827268" lon="115.083987"><time>2026-05-13T08:13:24Z</time></trkpt>
      <trkpt lat="-8.827269" lon="115.083985"><time>2026-05-13T08:13:25Z</time></trkpt>
      <trkpt lat="-8.827271" lon="115.083984"><time>2026-05-13T08:13:26Z</time></trkpt>
      <trkpt lat="-8.827273" lon="115.083983"><time>2026-05-13T08:13:27Z</time></trkpt>
      <trkpt lat="-8.827275" lon="115.083982"><time>2026-05-13T08:13:28Z</time></trkpt>
      <trkpt lat="-8.827276" lon="115.083982"><time>2026-05-13T08:13:29Z</time></trkpt>
      <trkpt lat="-8.827278" lon="115.083981"><time>2026-05-13T08:13:30Z</time></trkpt>
      <trkpt lat="-8.827280" lon="115.083981"><time>2026-05-13T08:13:31Z</time></trkpt>
      <trkpt lat="-8.827282" lon="115.083981"><time>2026-05-13T08:13:32Z</time></trkpt>
      <trkpt lat="-8.827284" lon="115.083981"><time>2026-05-13T08:13:33Z</time></trkpt>
      <trkpt lat="-8.827286" lon="115.083982"><time>2026-05-13T08:13:34Z</time></trkpt>
      <trkpt lat="-8.827288" lon="115.083982"><time>2026-05-13T08:13:35Z</time></trkpt>
      <trkpt lat="-8.827290" lon="115.083983"><time>2026-05-13T08:13:36Z</time></trkpt>
      <trkpt lat="-8.827292" lon="115.083984"><time>2026-05-13T08:13:37Z</time></trkpt>
      <trkpt lat="-8.827294" lon="115.083985"><time>2026-05-13T08:13:38Z</time></trkpt>
      <trkpt lat="-8.827295" lon="115.083986"><time>2026-05-13T08:13:39Z</time></trkpt>
      <trkpt lat="-8.827296" lon="115.083988"><time>2026-05-13T08:13:40Z</time></trkpt>
      <trkpt lat="-8.827298" lon="115.083989"><time>2026-05-13T08:13:41Z</time></trkpt>
      <trkpt lat="-8.827299" lon="115.083991"><time>2026-05-13T08:13:42Z</time></trkpt>
      <trkpt lat="-8.827300" lon="115.083993"><time>2026-05-13T08:13:43Z</time></trkpt>
      <trkpt lat="-8.827301" lon="115.083994"><time>2026-05-13T08:13:44Z</time></trkpt>
      <trkpt lat="-8.827301" lon="115.083996"><time>2026-05-13T08:13:45Z</time></trkpt>
      <trkpt lat="-8.827301" lon="115.083998"><time>2026-05-13T08:13:46Z</time></trkpt>
      <trkpt lat="-8.827302" lon="115.084000"><time>2026-05-13T08:13:47Z</time></trkpt>
      <trkpt lat="-8.827302" lon="115.084002"><time>2026-05-13T08:13:48Z</time></trkpt>
      <trkpt lat="-8.827301" lon="115.084004"><time>2026-05-13T08:13:49Z</time></trkpt>
      <trkpt lat="-8.827301" lon="115.084006"><time>2026-05-13T08:13:50Z</time></trkpt>
      <trkpt lat="-8.827300" lon="115.084008"><time>2026-05-13T08:13:51Z</time></trkpt>
      <trkpt lat="-8.827299" lon="115.084010"><time>2026-05-13T08:13:52Z</time></trkpt>
      <trkpt lat="-8.827298" lon="115.084012"><time>2026-05-13T08:13:53Z</time></trkpt>
      <trkpt lat="-8.827297" lon="115.084013"><time>2026-05-13T08:13:54Z</time></trkpt>
      <trkpt lat="-8.827296" lon="115.084015"><time>2026-05-13T08:13:55Z</time></trkpt>
      <trkpt lat="-8.827295" lon="115.084016"><time>2026-05-13T08:13:56Z</time></trkpt>
      <trkpt lat="-8.827293" lon="115.084017"><time>2026-05-13T08:13:57Z</time></trkpt>
      <trkpt lat="-8.827291" lon="115.084019"><time>2026-05-13T08:13:58Z</time></trkpt>
      <trkpt lat="-8.827289" lon="115.084019"><time>2026-05-13T08:13:59Z</time></trkpt>
      <trkpt lat="-8.827288" lon="115.084020"><time>2026-05-13T08:14:00Z</time></trkpt>
      <trkpt lat="-8.827286" lon="115.084021"><time>2026-05-13T08:14:01Z</time></trkpt>
      <trkpt lat="-8.827284" lon="115.084021"><time>2026-05-13T08:14:02Z</time></trkpt>
      <trkpt lat="-8.827282" lon="115.084021"><time>2026-05-13T08:14:03Z</time></trkpt>
      <trkpt lat="-8.827280" lon="115.084021"><time>2026-05-13T08:14:04Z</time></trkpt>
      <trkpt lat="-8.827278" lon="115.084021"><time>2026-05-13T08:14:05Z</time></trkpt>
      <trkpt lat="-8.827276" lon="115.084020"><time>2026-05-13T08:14:06Z</time></trkpt>
      <trkpt lat="-8.827274" lon="115.084019"><time>2026-05-13T08:14:07Z</time></trkpt>
      <trkpt lat="-8.827272" lon="115.084019"><time>2026-05-13T08:14:08Z</time></trkpt>
      <trkpt lat="-8.827270" lon="115.084018"><time>2026-05-13T08:14:09Z</time></trkpt>
      <trkpt lat="-8.827269" lon="115.084016"><time>2026-05-13T08:14:10Z</time></trkpt>
      <trkpt lat="-8.827267" lon="115.084015"><time>2026-05-13T08:14:11Z</time></trkpt>
      <trkpt lat="-8.827266" lon="115.084013"><time>2026-05-13T08:14:12Z</time></trkpt>
      <trkpt lat="-8.827265" lon="115.084012"><time>2026-05-13T08:14:13Z</time></trkpt>
      <trkpt lat="-8.827264" lon="115.084010"><time>2026-05-13T08:14:14Z</time></trkpt>
      <trkpt lat="-8.827238" lon="115.084114"><time>2026-05-13T08:14:15Z</time></trkpt>
      <trkpt lat="-8.827212" lon="115.084218"><time>2026-05-13T08:14:16Z</time></trkpt>
      <trkpt lat="-8.827186" lon="115.084322"><time>2026-05-13T08:14:17Z</time></trkpt>
      <trkpt lat="-8.827160" lon="115.084426"><time>2026-05-13T08:14:18Z</time></trkpt>
      <trkpt lat="-8.827134" lon="115.084530"><time>2026-05-13T08:14:19Z</time></trkpt>
      <trkpt lat="-8.827108" lon="115.084634"><time>2026-05-13T08:14:20Z</time></trkpt>
      <trkpt lat="-8.827082" lon="115.084738"><time>2026-05-13T08:14:21Z</time></trkpt>
      <trkpt lat="-8.827056" lon="115.084842"><time>2026-05-13T08:14:22Z</time></trkpt>
      <trkpt lat="-8.827030" lon="115.084946"><time>2026-05-13T08:14:23Z</time></trkpt>
      <trkpt lat="-8.827004" lon="115.085050"><time>2026-05-13T08:14:24Z</time></trkpt>
      <trkpt lat="-8.826978" lon="115.085154"><time>2026-05-13T08:14:25Z</time></trkpt>
      <trkpt lat="-8.826952" lon="115.085258"><time>2026-05-13T08:14:26Z</time></trkpt>
      <trkpt lat="-8.826926" lon="115.085362"><time>2026-05-13T08:14:27Z</time></trkpt>
      <trkpt lat="-8.826900" lon="115.085466"><time>2026-05-13T08:14:28Z</time></trkpt>
      <trkpt lat="-8.826874" lon="115.085570"><time>2026-05-13T08:14:29Z</time></trkpt>
      <trkpt lat="-8.826848" lon="115.085674"><time>2026-05-13T08:14:30Z</time></trkpt>
      <trkpt lat="-8.826822" lon="115.085778"><time>2026-05-13T08:14:31Z</time></trkpt>
      <trkpt lat="-8.826796" lon="115.085882"><time>2026-05-13T08:14:32Z</time></trkpt>
      <trkpt lat="-8.826770" lon="115.085986"><time>2026-05-13T08:14:33Z</time></trkpt>
      <trkpt lat="-8.826744" lon="115.086090"><time>2026-05-13T08:14:34Z</time></trkpt>
      <trkpt lat="-8.826718" lon="115.086194"><time>2026-05-13T08:14:35Z</time></trkpt>
      <trkpt lat="-8.826692" lon="115.086298"><time>2026-05-13T08:14:36Z</time></trkpt>
      <trkpt lat="-8.826666" lon="115.086402"><time>2026-05-13T08:14:37Z</time></trkpt>
      <trkpt lat="-8.826640" lon="115.086506"><time>2026-05-13T08:14:38Z</time></trkpt>
      <trkpt lat="-8.826614" lon="115.086610"><time>2026-05-13T08:14:39Z</time></trkpt>
      <trkpt lat="-8.826588" lon="115.086714"><time>2026-05-13T08:14:40Z</time></trkpt>
      <trkpt lat="-8.826562" lon="115.086818"><time>2026-05-13T08:14:41Z</time></trkpt>
      <trkpt lat="-8.826536" lon="115.086922"><time>2026-05-13T08:14:42Z</time></trkpt>
      <trkpt lat="-8.826510" lon="115.087026"><time>2026-05-13T08:14:43Z</time></trkpt>
      <trkpt lat="-8.826484" lon="115.087130"><time>2026-05-13T08:14:44Z</time></trkpt>
      <trkpt lat="-8.826458" lon="115.087234"><time>2026-05-13T08:14:45Z</time></trkpt>
      <trkpt lat="-8.826432" lon="115.087338"><time>2026-05-13T08:14:46Z</time></trkpt>
      <trkpt lat="-8.826406" lon="115.087442"><time>2026-05-13T08:14:47Z</time></trkpt>
      <trkpt lat="-8.826380" lon="115.087546"><time>2026-05-13T08:14:48Z</time></trkpt>
      <trkpt lat="-8.826354" lon="115.087650"><time>2026-05-13T08:14:49Z</time></trkpt>
      <trkpt lat="-8.826328" lon="115.087754"><time>2026-05-13T08:14:50Z</time></trkpt>
      <trkpt lat="-8.826302" lon="115.087858"><time>2026-05-13T08:14:51Z</time></trkpt>
      <trkpt lat="-8.826276" lon="115.087962"><time>2026-05-13T08:14:52Z</time></trkpt>
      <trkpt lat="-8.826250" lon="115.088066"><time>2026-05-13T08:14:53Z</time></trkpt>
      <trkpt lat="-8.826224" lon="115.088170"><time>2026-05-13T08:14:54Z</time></trkpt>
      <trkpt lat="-8.826198" lon="115.088274"><time>2026-05-13T08:14:55Z</time></trkpt>
      <trkpt lat="-8.826172" lon="115.088378"><time>2026-05-13T08:14:56Z</time></trkpt>
      <trkpt lat="-8.826146" lon="115.088482"><time>2026-05-13T08:14:57Z</time></trkpt>
      <trkpt lat="-8.826120" lon="115.088586"><time>2026-05-13T08:14:58Z</time></trkpt>
      <trkpt lat="-8.826094" lon="115.088690"><time>2026-05-13T08:14:59Z</time></trkpt>
      <trkpt lat="-8.826104" lon="115.088668"><time>2026-05-13T08:15:00Z</time></trkpt>
      <trkpt lat="-8.826113" lon="115.088645"><time>2026-05-13T08:15:01Z</time></trkpt>
      <trkpt lat="-8.826120" lon="115.088623"><time>2026-05-13T08:15:02Z</time></trkpt>
      <trkpt lat="-8.826126" lon="115.088601"><time>2026-05-13T08:15:03Z</time></trkpt>
      <trkpt lat="-8.826131" lon="115.088578"><time>2026-05-13T08:15:04Z</time></trkpt>
      <trkpt lat="-8.826135" lon="115.088556"><time>2026-05-13T08:15:05Z</time></trkpt>
      <trkpt lat="-8.826138" lon="115.088534"><time>2026-05-13T08:15:06Z</time></trkpt>
      <trkpt lat="-8.826140" lon="115.088511"><time>2026-05-13T08:15:07Z</time></trkpt>
      <trkpt lat="-8.826141" lon="115.088489"><time>2026-05-13T08:15:08Z</time></trkpt>
      <trkpt lat="-8.826140" lon="115.088467"><time>2026-05-13T08:15:09Z</time></trkpt>
      <trkpt lat="-8.826139" lon="115.088444"><time>2026-05-13T08:15:10Z</time></trkpt>
      <trkpt lat="-8.826137" lon="115.088422"><time>2026-05-13T08:15:11Z</time></trkpt>
      <trkpt lat="-8.826135" lon="115.088400"><time>2026-05-13T08:15:12Z</time></trkpt>
      <trkpt lat="-8.826132" lon="115.088377"><time>2026-05-13T08:15:13Z</time></trkpt>
      <trkpt lat="-8.826128" lon="115.088355"><time>2026-05-13T08:15:14Z</time></trkpt>
      <trkpt lat="-8.826124" lon="115.088333"><time>2026-05-13T08:15:15Z</time></trkpt>
      <trkpt lat="-8.826119" lon="115.088310"><time>2026-05-13T08:15:16Z</time></trkpt>
      <trkpt lat="-8.826114" lon="115.088288"><time>2026-05-13T08:15:17Z</time></trkpt>
      <trkpt lat="-8.826109" lon="115.088266"><time>2026-05-13T08:15:18Z</time></trkpt>
      <trkpt lat="-8.826104" lon="115.088243"><time>2026-05-13T08:15:19Z</time></trkpt>
      <trkpt lat="-8.826099" lon="115.088221"><time>2026-05-13T08:15:20Z</time></trkpt>
      <trkpt lat="-8.826094" lon="115.088199"><time>2026-05-13T08:15:21Z</time></trkpt>
      <trkpt lat="-8.826090" lon="115.088176"><time>2026-05-13T08:15:22Z</time></trkpt>
      <trkpt lat="-8.826086" lon="115.088154"><time>2026-05-13T08:15:23Z</time></trkpt>
      <trkpt lat="-8.826082" lon="115.088132"><time>2026-05-13T08:15:24Z</time></trkpt>
      <trkpt lat="-8.826079" lon="115.088109"><time>2026-05-13T08:15:25Z</time></trkpt>
      <trkpt lat="-8.826077" lon="115.088087"><time>2026-05-13T08:15:26Z</time></trkpt>
      <trkpt lat="-8.826075" lon="115.088065"><time>2026-05-13T08:15:27Z</time></trkpt>
      <trkpt lat="-8.826074" lon="115.088042"><time>2026-05-13T08:15:28Z</time></trkpt>
      <trkpt lat="-8.826074" lon="115.088020"><time>2026-05-13T08:15:29Z</time></trkpt>
      <trkpt lat="-8.826075" lon="115.087998"><time>2026-05-13T08:15:30Z</time></trkpt>
      <trkpt lat="-8.826077" lon="115.087975"><time>2026-05-13T08:15:31Z</time></trkpt>
      <trkpt lat="-8.826081" lon="115.087953"><time>2026-05-13T08:15:32Z</time></trkpt>
      <trkpt lat="-8.826085" lon="115.087931"><time>2026-05-13T08:15:33Z</time></trkpt>
      <trkpt lat="-8.826090" lon="115.087908"><time>2026-05-13T08:15:34Z</time></trkpt>
      <trkpt lat="-8.826097" lon="115.087886"><time>2026-05-13T08:15:35Z</time></trkpt>
      <trkpt lat="-8.826105" lon="115.087864"><time>2026-05-13T08:15:36Z</time></trkpt>
      <trkpt lat="-8.826114" lon="115.087841"><time>2026-05-13T08:15:37Z</time></trkpt>
      <trkpt lat="-8.826124" lon="115.087819"><time>2026-05-13T08:15:38Z</time></trkpt>
      <trkpt lat="-8.826136" lon="115.087797"><time>2026-05-13T08:15:39Z</time></trkpt>
      <trkpt lat="-8.826149" lon="115.087774"><time>2026-05-13T08:15:40Z</time></trkpt>
      <trkpt lat="-8.826163" lon="115.087752"><time>2026-05-13T08:15:41Z</time></trkpt>
      <trkpt lat="-8.826178" lon="115.087730"><time>2026-05-13T08:15:42Z</time></trkpt>
      <trkpt lat="-8.826195" lon="115.087707"><time>2026-05-13T08:15:43Z</time></trkpt>
      <trkpt lat="-8.826212" lon="115.087685"><time>2026-05-13T08:15:44Z</time></trkpt>
      <trkpt lat="-8.826231" lon="115.087663"><time>2026-05-13T08:15:45Z</time></trkpt>
      <trkpt lat="-8.826250" lon="115.087640"><time>2026-05-13T08:15:46Z</time></trkpt>
      <trkpt lat="-8.826271" lon="115.087618"><time>2026-05-13T08:15:47Z</time></trkpt>
      <trkpt lat="-8.826292" lon="115.087596"><time>2026-05-13T08:15:48Z</time></trkpt>
      <trkpt lat="-8.826314" lon="115.087573"><time>2026-05-13T08:15:49Z</time></trkpt>
      <trkpt lat="-8.826337" lon="115.087551"><time>2026-05-13T08:15:50Z</time></trkpt>
      <trkpt lat="-8.826360" lon="115.087529"><time>2026-05-13T08:15:51Z</time></trkpt>
      <trkpt lat="-8.826384" lon="115.087506"><time>2026-05-13T08:15:52Z</time></trkpt>
      <trkpt lat="-8.826409" lon="115.087484"><time>2026-05-13T08:15:53Z</time></trkpt>
      <trkpt lat="-8.826433" lon="115.087462"><time>2026-05-13T08:15:54Z</time></trkpt>
      <trkpt lat="-8.826458" lon="115.087439"><time>2026-05-13T08:15:55Z</time></trkpt>
      <trkpt lat="-8.826483" lon="115.087417"><time>2026-05-13T08:15:56Z</time></trkpt>
      <trkpt lat="-8.826508" lon="115.087395"><time>2026-05-13T08:15:57Z</time></trkpt>
      <trkpt lat="-8.826533" lon="115.087372"><time>2026-05-13T08:15:58Z</time></trkpt>
      <trkpt lat="-8.826558" lon="115.087350"><time>2026-05-13T08:15:59Z</time></trkpt>
      <trkpt lat="-8.826582" lon="115.087328"><time>2026-05-13T08:16:00Z</time></trkpt>
      <trkpt lat="-8.826606" lon="115.087305"><time>2026-05-13T08:16:01Z</time></trkpt>
      <trkpt lat="-8.826630" lon="115.087283"><time>2026-05-13T08:16:02Z</time></trkpt>
      <trkpt lat="-8.826652" lon="115.087261"><time>2026-05-13T08:16:03Z</time></trkpt>
      <trkpt lat="-8.826675" lon="115.087238"><time>2026-05-13T08:16:04Z</time></trkpt>
      <trkpt lat="-8.826696" lon="115.087216"><time>2026-05-13T08:16:05Z</time></trkpt>
      <trkpt lat="-8.826717" lon="115.087194"><time>2026-05-13T08:16:06Z</time></trkpt>
      <trkpt lat="-8.826736" lon="115.087171"><time>2026-05-13T08:16:07Z</time></trkpt>
      <trkpt lat="-8.826755" lon="115.087149"><time>2026-05-13T08:16:08Z</time></trkpt>
      <trkpt lat="-8.826773" lon="115.087127"><time>2026-05-13T08:16:09Z</time></trkpt>
      <trkpt lat="-8.826789" lon="115.087104"><time>2026-05-13T08:16:10Z</time></trkpt>
      <trkpt lat="-8.826805" lon="115.087082"><time>2026-05-13T08:16:11Z</time></trkpt>
      <trkpt lat="-8.826819" lon="115.087060"><time>2026-05-13T08:16:12Z</time></trkpt>
      <trkpt lat="-8.826832" lon="115.087037"><time>2026-05-13T08:16:13Z</time></trkpt>
      <trkpt lat="-8.826843" lon="115.087015"><time>2026-05-13T08:16:14Z</time></trkpt>
      <trkpt lat="-8.826854" lon="115.086993"><time>2026-05-13T08:16:15Z</time></trkpt>
      <trkpt lat="-8.826863" lon="115.086970"><time>2026-05-13T08:16:16Z</time></trkpt>
      <trkpt lat="-8.826871" lon="115.086948"><time>2026-05-13T08:16:17Z</time></trkpt>
      <trkpt lat="-8.826878" lon="115.086926"><time>2026-05-13T08:16:18Z</time></trkpt>
      <trkpt lat="-8.826884" lon="115.086903"><time>2026-05-13T08:16:19Z</time></trkpt>
      <trkpt lat="-8.826888" lon="115.086881"><time>2026-05-13T08:16:20Z</time></trkpt>
      <trkpt lat="-8.826891" lon="115.086859"><time>2026-05-13T08:16:21Z</time></trkpt>
      <trkpt lat="-8.826893" lon="115.086836"><time>2026-05-13T08:16:22Z</time></trkpt>
      <trkpt lat="-8.826894" lon="115.086814"><time>2026-05-13T08:16:23Z</time></trkpt>
      <trkpt lat="-8.826895" lon="115.086792"><time>2026-05-13T08:16:24Z</time></trkpt>
      <trkpt lat="-8.826894" lon="115.086769"><time>2026-05-13T08:16:25Z</time></trkpt>
      <trkpt lat="-8.826892" lon="115.086747"><time>2026-05-13T08:16:26Z</time></trkpt>
      <trkpt lat="-8.826890" lon="115.086725"><time>2026-05-13T08:16:27Z</time></trkpt>
      <trkpt lat="-8.826887" lon="115.086702"><time>2026-05-13T08:16:28Z</time></trkpt>
      <trkpt lat="-8.826883" lon="115.086680"><time>2026-05-13T08:16:29Z</time></trkpt>
      <trkpt lat="-8.826879" lon="115.086658"><time>2026-05-13T08:16:30Z</time></trkpt>
      <trkpt lat="-8.826875" lon="115.086635"><time>2026-05-13T08:16:31Z</time></trkpt>
      <trkpt lat="-8.826870" lon="115.086613"><time>2026-05-13T08:16:32Z</time></trkpt>
      <trkpt lat="-8.826865" lon="115.086591"><time>2026-05-13T08:16:33Z</time></trkpt>
      <trkpt lat="-8.826860" lon="115.086568"><time>2026-05-13T08:16:34Z</time></trkpt>
      <trkpt lat="-8.826855" lon="115.086546"><time>2026-05-13T08:16:35Z</time></trkpt>
      <trkpt lat="-8.826850" lon="115.086524"><time>2026-05-13T08:16:36Z</time></trkpt>
      <trkpt lat="-8.826846" lon="115.086501"><time>2026-05-13T08:16:37Z</time></trkpt>
      <trkpt lat="-8.826841" lon="115.086479"><time>2026-05-13T08:16:38Z</time></trkpt>
      <trkpt lat="-8.826838" lon="115.086457"><time>2026-05-13T08:16:39Z</time></trkpt>
      <trkpt lat="-8.826834" lon="115.086434"><time>2026-05-13T08:16:40Z</time></trkpt>
      <trkpt lat="-8.826832" lon="115.086412"><time>2026-05-13T08:16:41Z</time></trkpt>
      <trkpt lat="-8.826830" lon="115.086390"><time>2026-05-13T08:16:42Z</time></trkpt>
      <trkpt lat="-8.826828" lon="115.086367"><time>2026-05-13T08:16:43Z</time></trkpt>
      <trkpt lat="-8.826828" lon="115.086345"><time>2026-05-13T08:16:44Z</time></trkpt>
      <trkpt lat="-8.826829" lon="115.086323"><time>2026-05-13T08:16:45Z</time></trkpt>
      <trkpt lat="-8.826830" lon="115.086300"><time>2026-05-13T08:16:46Z</time></trkpt>
      <trkpt lat="-8.826833" lon="115.086278"><time>2026-05-13T08:16:47Z</time></trkpt>
      <trkpt lat="-8.826837" lon="115.086256"><time>2026-05-13T08:16:48Z</time></trkpt>
      <trkpt lat="-8.826842" lon="115.086233"><time>2026-05-13T08:16:49Z</time></trkpt>
      <trkpt lat="-8.826848" lon="115.086211"><time>2026-05-13T08:16:50Z</time></trkpt>
      <trkpt lat="-8.826855" lon="115.086189"><time>2026-05-13T08:16:51Z</time></trkpt>
      <trkpt lat="-8.826864" lon="115.086166"><time>2026-05-13T08:16:52Z</time></trkpt>
      <trkpt lat="-8.826874" lon="115.086144"><time>2026-05-13T08:16:53Z</time></trkpt>
      <trkpt lat="-8.826885" lon="115.086122"><time>2026-05-13T08:16:54Z</time></trkpt>
      <trkpt lat="-8.826897" lon="115.086099"><time>2026-05-13T08:16:55Z</time></trkpt>
      <trkpt lat="-8.826911" lon="115.086077"><time>2026-05-13T08:16:56Z</time></trkpt>
      <trkpt lat="-8.826926" lon="115.086055"><time>2026-05-13T08:16:57Z</time></trkpt>
      <trkpt lat="-8.826942" lon="115.086032"><time>2026-05-13T08:16:58Z</time></trkpt>
      <trkpt lat="-8.826959" lon="115.086010"><time>2026-05-13T08:16:59Z</time></trkpt>
      <trkpt lat="-8.826977" lon="115.085988"><time>2026-05-13T08:17:00Z</time></trkpt>
      <trkpt lat="-8.826996" lon="115.085965"><time>2026-05-13T08:17:01Z</time></trkpt>
      <trkpt lat="-8.827016" lon="115.085943"><time>2026-05-13T08:17:02Z</time></trkpt>
      <trkpt lat="-8.827037" lon="115.085921"><time>2026-05-13T08:17:03Z</time></trkpt>
      <trkpt lat="-8.827059" lon="115.085898"><time>2026-05-13T08:17:04Z</time></trkpt>
      <trkpt lat="-8.827082" lon="115.085876"><time>2026-05-13T08:17:05Z</time></trkpt>
      <trkpt lat="-8.827105" lon="115.085854"><time>2026-05-13T08:17:06Z</time></trkpt>
      <trkpt lat="-8.827129" lon="115.085831"><time>2026-05-13T08:17:07Z</time></trkpt>
      <trkpt lat="-8.827153" lon="115.085809"><time>2026-05-13T08:17:08Z</time></trkpt>
      <trkpt lat="-8.827177" lon="115.085787"><time>2026-05-13T08:17:09Z</time></trkpt>
      <trkpt lat="-8.827202" lon="115.085764"><time>2026-05-13T08:17:10Z</time></trkpt>
      <trkpt lat="-8.827227" lon="115.085742"><time>2026-05-13T08:17:11Z</time></trkpt>
      <trkpt lat="-8.827252" lon="115.085720"><time>2026-05-13T08:17:12Z</time></trkpt>
      <trkpt lat="-8.827277" lon="115.085697"><time>2026-05-13T08:17:13Z</time></trkpt>
      <trkpt lat="-8.827302" lon="115.085675"><time>2026-05-13T08:17:14Z</time></trkpt>
      <trkpt lat="-8.827326" lon="115.085653"><time>2026-05-13T08:17:15Z</time></trkpt>
      <trkpt lat="-8.827351" lon="115.085630"><time>2026-05-13T08:17:16Z</time></trkpt>
      <trkpt lat="-8.827374" lon="115.085608"><time>2026-05-13T08:17:17Z</time></trkpt>
      <trkpt lat="-8.827397" lon="115.085586"><time>2026-05-13T08:17:18Z</time></trkpt>
      <trkpt lat="-8.827420" lon="115.085563"><time>2026-05-13T08:17:19Z</time></trkpt>
      <trkpt lat="-8.827442" lon="115.085541"><time>2026-05-13T08:17:20Z</time></trkpt>
      <trkpt lat="-8.827463" lon="115.085519"><time>2026-05-13T08:17:21Z</time></trkpt>
      <trkpt lat="-8.827483" lon="115.085496"><time>2026-05-13T08:17:22Z</time></trkpt>
      <trkpt lat="-8.827502" lon="115.085474"><time>2026-05-13T08:17:23Z</time></trkpt>
      <trkpt lat="-8.827520" lon="115.085452"><time>2026-05-13T08:17:24Z</time></trkpt>
      <trkpt lat="-8.827537" lon="115.085429"><time>2026-05-13T08:17:25Z</time></trkpt>
      <trkpt lat="-8.827553" lon="115.085407"><time>2026-05-13T08:17:26Z</time></trkpt>
      <trkpt lat="-8.827567" lon="115.085385"><time>2026-05-13T08:17:27Z</time></trkpt>
      <trkpt lat="-8.827581" lon="115.085362"><time>2026-05-13T08:17:28Z</time></trkpt>
      <trkpt lat="-8.827593" lon="115.085340"><time>2026-05-13T08:17:29Z</time></trkpt>
      <trkpt lat="-8.827604" lon="115.085318"><time>2026-05-13T08:17:30Z</time></trkpt>
      <trkpt lat="-8.827614" lon="115.085295"><time>2026-05-13T08:17:31Z</time></trkpt>
      <trkpt lat="-8.827622" lon="115.085273"><time>2026-05-13T08:17:32Z</time></trkpt>
      <trkpt lat="-8.827629" lon="115.085251"><time>2026-05-13T08:17:33Z</time></trkpt>
      <trkpt lat="-8.827635" lon="115.085228"><time>2026-05-13T08:17:34Z</time></trkpt>
      <trkpt lat="-8.827640" lon="115.085206"><time>2026-05-13T08:17:35Z</time></trkpt>
      <trkpt lat="-8.827644" lon="115.085184"><time>2026-05-13T08:17:36Z</time></trkpt>
      <trkpt lat="-8.827647" lon="115.085161"><time>2026-05-13T08:17:37Z</time></trkpt>
      <trkpt lat="-8.827648" lon="115.085139"><time>2026-05-13T08:17:38Z</time></trkpt>
      <trkpt lat="-8.827649" lon="115.085117"><time>2026-05-13T08:17:39Z</time></trkpt>
      <trkpt lat="-8.827648" lon="115.085094"><time>2026-05-13T08:17:40Z</time></trkpt>
      <trkpt lat="-8.827647" lon="115.085072"><time>2026-05-13T08:17:41Z</time></trkpt>
      <trkpt lat="-8.827645" lon="115.085050"><time>2026-05-13T08:17:42Z</time></trkpt>
      <trkpt lat="-8.827642" lon="115.085027"><time>2026-05-13T08:17:43Z</time></trkpt>
      <trkpt lat="-8.827639" lon="115.085005"><time>2026-05-13T08:17:44Z</time></trkpt>
      <trkpt lat="-8.827635" lon="115.084983"><time>2026-05-13T08:17:45Z</time></trkpt>
      <trkpt lat="-8.827631" lon="115.084960"><time>2026-05-13T08:17:46Z</time></trkpt>
      <trkpt lat="-8.827626" lon="115.084938"><time>2026-05-13T08:17:47Z</time></trkpt>
      <trkpt lat="-8.827621" lon="115.084916"><time>2026-05-13T08:17:48Z</time></trkpt>
      <trkpt lat="-8.827616" lon="115.084893"><time>2026-05-13T08:17:49Z</time></trkpt>
      <trkpt lat="-8.827611" lon="115.084871"><time>2026-05-13T08:17:50Z</time></trkpt>
      <trkpt lat="-8.827606" lon="115.084849"><time>2026-05-13T08:17:51Z</time></trkpt>
      <trkpt lat="-8.827602" lon="115.084826"><time>2026-05-13T08:17:52Z</time></trkpt>
      <trkpt lat="-8.827597" lon="115.084804"><time>2026-05-13T08:17:53Z</time></trkpt>
      <trkpt lat="-8.827593" lon="115.084782"><time>2026-05-13T08:17:54Z</time></trkpt>
      <trkpt lat="-8.827590" lon="115.084759"><time>2026-05-13T08:17:55Z</time></trkpt>
      <trkpt lat="-8.827587" lon="115.084737"><time>2026-05-13T08:17:56Z</time></trkpt>
      <trkpt lat="-8.827584" lon="115.084715"><time>2026-05-13T08:17:57Z</time></trkpt>
      <trkpt lat="-8.827583" lon="115.084692"><time>2026-05-13T08:17:58Z</time></trkpt>
      <trkpt lat="-8.827582" lon="115.084670"><time>2026-05-13T08:17:59Z</time></trkpt>
      <trkpt lat="-8.827582" lon="115.084648"><time>2026-05-13T08:18:00Z</time></trkpt>
      <trkpt lat="-8.827584" lon="115.084625"><time>2026-05-13T08:18:01Z</time></trkpt>
      <trkpt lat="-8.827586" lon="115.084603"><time>2026-05-13T08:18:02Z</time></trkpt>
      <trkpt lat="-8.827589" lon="115.084581"><time>2026-05-13T08:18:03Z</time></trkpt>
      <trkpt lat="-8.827594" lon="115.084558"><time>2026-05-13T08:18:04Z</time></trkpt>
      <trkpt lat="-8.827599" lon="115.084536"><time>2026-05-13T08:18:05Z</time></trkpt>
      <trkpt lat="-8.827606" lon="115.084514"><time>2026-05-13T08:18:06Z</time></trkpt>
      <trkpt lat="-8.827614" lon="115.084491"><time>2026-05-13T08:18:07Z</time></trkpt>
      <trkpt lat="-8.827624" lon="115.084469"><time>2026-05-13T08:18:08Z</time></trkpt>
      <trkpt lat="-8.827634" lon="115.084447"><time>2026-05-13T08:18:09Z</time></trkpt>
      <trkpt lat="-8.827646" lon="115.084424"><time>2026-05-13T08:18:10Z</time></trkpt>
      <trkpt lat="-8.827659" lon="115.084402"><time>2026-05-13T08:18:11Z</time></trkpt>
      <trkpt lat="-8.827674" lon="115.084380"><time>2026-05-13T08:18:12Z</time></trkpt>
      <trkpt lat="-8.827689" lon="115.084357"><time>2026-05-13T08:18:13Z</time></trkpt>
      <trkpt lat="-8.827706" lon="115.084335"><time>2026-05-13T08:18:14Z</time></trkpt>
      <trkpt lat="-8.827724" lon="115.084313"><time>2026-05-13T08:18:15Z</time></trkpt>
      <trkpt lat="-8.827742" lon="115.084290"><time>2026-05-13T08:18:16Z</time></trkpt>
      <trkpt lat="-8.827762" lon="115.084268"><time>2026-05-13T08:18:17Z</time></trkpt>
      <trkpt lat="-8.827783" lon="115.084246"><time>2026-05-13T08:18:18Z</time></trkpt>
      <trkpt lat="-8.827804" lon="115.084223"><time>2026-05-13T08:18:19Z</time></trkpt>
      <trkpt lat="-8.827827" lon="115.084201"><time>2026-05-13T08:18:20Z</time></trkpt>
      <trkpt lat="-8.827850" lon="115.084179"><time>2026-05-13T08:18:21Z</time></trkpt>
      <trkpt lat="-8.827873" lon="115.084156"><time>2026-05-13T08:18:22Z</time></trkpt>
      <trkpt lat="-8.827897" lon="115.084134"><time>2026-05-13T08:18:23Z</time></trkpt>
      <trkpt lat="-8.827922" lon="115.084112"><time>2026-05-13T08:18:24Z</time></trkpt>
      <trkpt lat="-8.827946" lon="115.084089"><time>2026-05-13T08:18:25Z</time></trkpt>
      <trkpt lat="-8.827971" lon="115.084067"><time>2026-05-13T08:18:26Z</time></trkpt>
      <trkpt lat="-8.827996" lon="115.084045"><time>2026-05-13T08:18:27Z</time></trkpt>
      <trkpt lat="-8.828021" lon="115.084022"><time>2026-05-13T08:18:28Z</time></trkpt>
      <trkpt lat="-8.828046" lon="115.084000"><time>2026-05-13T08:18:29Z</time></trkpt>
      <trkpt lat="-8.828046" lon="115.084002"><time>2026-05-13T08:18:30Z</time></trkpt>
      <trkpt lat="-8.828046" lon="115.084004"><time>2026-05-13T08:18:31Z</time></trkpt>
      <trkpt lat="-8.828045" lon="115.084006"><time>2026-05-13T08:18:32Z</time></trkpt>
      <trkpt lat="-8.828045" lon="115.084008"><time>2026-05-13T08:18:33Z</time></trkpt>
      <trkpt lat="-8.828044" lon="115.084010"><time>2026-05-13T08:18:34Z</time></trkpt>
      <trkpt lat="-8.828043" lon="115.084011"><time>2026-05-13T08:18:35Z</time></trkpt>
      <trkpt lat="-8.828042" lon="115.084013"><time>2026-05-13T08:18:36Z</time></trkpt>
      <trkpt lat="-8.828041" lon="115.084015"><time>2026-05-13T08:18:37Z</time></trkpt>
      <trkpt lat="-8.828039" lon="115.084016"><time>2026-05-13T08:18:38Z</time></trkpt>
      <trkpt lat="-8.828038" lon="115.084017"><time>2026-05-13T08:18:39Z</time></trkpt>
      <trkpt lat="-8.828036" lon="115.084018"><time>2026-05-13T08:18:40Z</time></trkpt>
      <trkpt lat="-8.828034" lon="115.084019"><time>2026-05-13T08:18:41Z</time></trkpt>
      <trkpt lat="-8.828032" lon="115.084020"><time>2026-05-13T08:18:42Z</time></trkpt>
      <trkpt lat="-8.828030" lon="115.084021"><time>2026-05-13T08:18:43Z</time></trkpt>
      <trkpt lat="-8.828029" lon="115.084021"><time>2026-05-13T08:18:44Z</time></trkpt>
      <trkpt lat="-8.828027" lon="115.084021"><time>2026-05-13T08:18:45Z</time></trkpt>
      <trkpt lat="-8.828025" lon="115.084021"><time>2026-05-13T08:18:46Z</time></trkpt>
      <trkpt lat="-8.828023" lon="115.084021"><time>2026-05-13T08:18:47Z</time></trkpt>
      <trkpt lat="-8.828021" lon="115.084020"><time>2026-05-13T08:18:48Z</time></trkpt>
      <trkpt lat="-8.828019" lon="115.084020"><time>2026-05-13T08:18:49Z</time></trkpt>
      <trkpt lat="-8.828017" lon="115.084019"><time>2026-05-13T08:18:50Z</time></trkpt>
      <trkpt lat="-8.828015" lon="115.084018"><time>2026-05-13T08:18:51Z</time></trkpt>
      <trkpt lat="-8.828014" lon="115.084017"><time>2026-05-13T08:18:52Z</time></trkpt>
      <trkpt lat="-8.828012" lon="115.084015"><time>2026-05-13T08:18:53Z</time></trkpt>
      <trkpt lat="-8.828011" lon="115.084014"><time>2026-05-13T08:18:54Z</time></trkpt>
      <trkpt lat="-8.828009" lon="115.084012"><time>2026-05-13T08:18:55Z</time></trkpt>
      <trkpt lat="-8.828008" lon="115.084010"><time>2026-05-13T08:18:56Z</time></trkpt>
      <trkpt lat="-8.828008" lon="115.084009"><time>2026-05-13T08:18:57Z</time></trkpt>
      <trkpt lat="-8.828007" lon="115.084007"><time>2026-05-13T08:18:58Z</time></trkpt>
      <trkpt lat="-8.828006" lon="115.084005"><time>2026-05-13T08:18:59Z</time></trkpt>
      <trkpt lat="-8.828006" lon="115.084003"><time>2026-05-13T08:19:00Z</time></trkpt>
      <trkpt lat="-8.828006" lon="115.084001"><time>2026-05-13T08:19:01Z</time></trkpt>
      <trkpt lat="-8.828006" lon="115.083999"><time>2026-05-13T08:19:02Z</time></trkpt>
      <trkpt lat="-8.828007" lon="115.083997"><time>2026-05-13T08:19:03Z</time></trkpt>
      <trkpt lat="-8.828007" lon="115.083995"><time>2026-05-13T08:19:04Z</time></trkpt>
      <trkpt lat="-8.828008" lon="115.083993"><time>2026-05-13T08:19:05Z</time></trkpt>
      <trkpt lat="-8.828009" lon="115.083991"><time>2026-05-13T08:19:06Z</time></trkpt>
      <trkpt lat="-8.828010" lon="115.083990"><time>2026-05-13T08:19:07Z</time></trkpt>
      <trkpt lat="-8.828011" lon="115.083988"><time>2026-05-13T08:19:08Z</time></trkpt>
      <trkpt lat="-8.828012" lon="115.083987"><time>2026-05-13T08:19:09Z</time></trkpt>
      <trkpt lat="-8.828014" lon="115.083985"><time>2026-05-13T08:19:10Z</time></trkpt>
      <trkpt lat="-8.828015" lon="115.083984"><time>2026-05-13T08:19:11Z</time></trkpt>
      <trkpt lat="-8.828017" lon="115.083983"><time>2026-05-13T08:19:12Z</time></trkpt>
      <trkpt lat="-8.828019" lon="115.083982"><time>2026-05-13T08:19:13Z</time></trkpt>
      <trkpt lat="-8.828021" lon="115.083982"><time>2026-05-13T08:19:14Z</time></trkpt>
      <trkpt lat="-8.828023" lon="115.083981"><time>2026-05-13T08:19:15Z</time></trkpt>
      <trkpt lat="-8.828025" lon="115.083981"><time>2026-05-13T08:19:16Z</time></trkpt>
      <trkpt lat="-8.828027" lon="115.083981"><time>2026-05-13T08:19:17Z</time></trkpt>
      <trkpt lat="-8.828029" lon="115.083981"><time>2026-05-13T08:19:18Z</time></trkpt>
      <trkpt lat="-8.828031" lon="115.083982"><time>2026-05-13T08:19:19Z</time></trkpt>
      <trkpt lat="-8.828033" lon="115.083982"><time>2026-05-13T08:19:20Z</time></trkpt>
      <trkpt lat="-8.828035" lon="115.083983"><time>2026-05-13T08:19:21Z</time></trkpt>
      <trkpt lat="-8.828036" lon="115.083984"><time>2026-05-13T08:19:22Z</time></trkpt>
      <trkpt lat="-8.828038" lon="115.083985"><time>2026-05-13T08:19:23Z</time></trkpt>
      <trkpt lat="-8.828040" lon="115.083986"><time>2026-05-13T08:19:24Z</time></trkpt>
      <trkpt lat="-8.828041" lon="115.083988"><time>2026-05-13T08:19:25Z</time></trkpt>
      <trkpt lat="-8.828042" lon="115.083989"><time>2026-05-13T08:19:26Z</time></trkpt>
      <trkpt lat="-8.828043" lon="115.083991"><time>2026-05-13T08:19:27Z</time></trkpt>
      <trkpt lat="-8.828044" lon="115.083993"><time>2026-05-13T08:19:28Z</time></trkpt>
      <trkpt lat="-8.828045" lon="115.083994"><time>2026-05-13T08:19:29Z</time></trkpt>
      <trkpt lat="-8.828046" lon="115.083996"><time>2026-05-13T08:19:30Z</time></trkpt>
      <trkpt lat="-8.828046" lon="115.083998"><time>2026-05-13T08:19:31Z</time></trkpt>
      <trkpt lat="-8.828046" lon="115.084000"><time>2026-05-13T08:19:32Z</time></trkpt>
      <trkpt lat="-8.828046" lon="115.084002"><time>2026-05-13T08:19:33Z</time></trkpt>
      <trkpt lat="-8.828046" lon="115.084004"><time>2026-05-13T08:19:34Z</time></trkpt>
      <trkpt lat="-8.828045" lon="115.084006"><time>2026-05-13T08:19:35Z</time></trkpt>
      <trkpt lat="-8.828045" lon="115.084008"><time>2026-05-13T08:19:36Z</time></trkpt>
      <trkpt lat="-8.828044" lon="115.084010"><time>2026-05-13T08:19:37Z</time></trkpt>
      <trkpt lat="-8.828043" lon="115.084012"><time>2026-05-13T08:19:38Z</time></trkpt>
      <trkpt lat="-8.828042" lon="115.084013"><time>2026-05-13T08:19:39Z</time></trkpt>
      <trkpt lat="-8.828041" lon="115.084015"><time>2026-05-13T08:19:40Z</time></trkpt>
      <trkpt lat="-8.828039" lon="115.084016"><time>2026-05-13T08:19:41Z</time></trkpt>
      <trkpt lat="-8.828037" lon="115.084017"><time>2026-05-13T08:19:42Z</time></trkpt>
      <trkpt lat="-8.828036" lon="115.084019"><time>2026-05-13T08:19:43Z</time></trkpt>
      <trkpt lat="-8.828034" lon="115.084019"><time>2026-05-13T08:19:44Z</time></trkpt>
      <trkpt lat="-8.828032" lon="115.084020"><time>2026-05-13T08:19:45Z</time></trkpt>
      <trkpt lat="-8.828030" lon="115.084021"><time>2026-05-13T08:19:46Z</time></trkpt>
      <trkpt lat="-8.828028" lon="115.084021"><time>2026-05-13T08:19:47Z</time></trkpt>
      <trkpt lat="-8.828026" lon="115.084021"><time>2026-05-13T08:19:48Z</time></trkpt>
      <trkpt lat="-8.828024" lon="115.084021"><time>2026-05-13T08:19:49Z</time></trkpt>
      <trkpt lat="-8.828022" lon="115.084021"><time>2026-05-13T08:19:50Z</time></trkpt>
      <trkpt lat="-8.828020" lon="115.084020"><time>2026-05-13T08:19:51Z</time></trkpt>
      <trkpt lat="-8.828018" lon="115.084019"><time>2026-05-13T08:19:52Z</time></trkpt>
      <trkpt lat="-8.828017" lon="115.084019"><time>2026-05-13T08:19:53Z</time></trkpt>
      <trkpt lat="-8.828015" lon="115.084018"><time>2026-05-13T08:19:54Z</time></trkpt>
      <trkpt lat="-8.828013" lon="115.084016"><time>2026-05-13T08:19:55Z</time></trkpt>
      <trkpt lat="-8.828012" lon="115.084015"><time>2026-05-13T08:19:56Z</time></trkpt>
      <trkpt lat="-8.828010" lon="115.084013"><time>2026-05-13T08:19:57Z</time></trkpt>
      <trkpt lat="-8.828009" lon="115.084012"><time>2026-05-13T08:19:58Z</time></trkpt>
      <trkpt lat="-8.828008" lon="115.084010"><time>2026-05-13T08:19:59Z</time></trkpt>
      <trkpt lat="-8.828007" lon="115.084008"><time>2026-05-13T08:20:00Z</time></trkpt>
      <trkpt lat="-8.828007" lon="115.084006"><time>2026-05-13T08:20:01Z</time></trkpt>
      <trkpt lat="-8.828006" lon="115.084004"><time>2026-05-13T08:20:02Z</time></trkpt>
      <trkpt lat="-8.828006" lon="115.084002"><time>2026-05-13T08:20:03Z</time></trkpt>
      <trkpt lat="-8.828006" lon="115.084000"><time>2026-05-13T08:20:04Z</time></trkpt>
      <trkpt lat="-8.828006" lon="115.083999"><time>2026-05-13T08:20:05Z</time></trkpt>
      <trkpt lat="-8.828007" lon="115.083997"><time>2026-05-13T08:20:06Z</time></trkpt>
      <trkpt lat="-8.828007" lon="115.083995"><time>2026-05-13T08:20:07Z</time></trkpt>
      <trkpt lat="-8.828008" lon="115.083993"><time>2026-05-13T08:20:08Z</time></trkpt>
      <trkpt lat="-8.828009" lon="115.083991"><time>2026-05-13T08:20:09Z</time></trkpt>
      <trkpt lat="-8.827981" lon="115.084103"><time>2026-05-13T08:20:10Z</time></trkpt>
      <trkpt lat="-8.827953" lon="115.084215"><time>2026-05-13T08:20:11Z</time></trkpt>
      <trkpt lat="-8.827925" lon="115.084327"><time>2026-05-13T08:20:12Z</time></trkpt>
      <trkpt lat="-8.827897" lon="115.084439"><time>2026-05-13T08:20:13Z</time></trkpt>
      <trkpt lat="-8.827869" lon="115.084551"><time>2026-05-13T08:20:14Z</time></trkpt>
      <trkpt lat="-8.827841" lon="115.084663"><time>2026-05-13T08:20:15Z</time></trkpt>
      <trkpt lat="-8.827813" lon="115.084775"><time>2026-05-13T08:20:16Z</time></trkpt>
      <trkpt lat="-8.827785" lon="115.084887"><time>2026-05-13T08:20:17Z</time></trkpt>
      <trkpt lat="-8.827757" lon="115.084999"><time>2026-05-13T08:20:18Z</time></trkpt>
      <trkpt lat="-8.827729" lon="115.085111"><time>2026-05-13T08:20:19Z</time></trkpt>
      <trkpt lat="-8.827701" lon="115.085223"><time>2026-05-13T08:20:20Z</time></trkpt>
      <trkpt lat="-8.827673" lon="115.085335"><time>2026-05-13T08:20:21Z</time></trkpt>
      <trkpt lat="-8.827645" lon="115.085447"><time>2026-05-13T08:20:22Z</time></trkpt>
      <trkpt lat="-8.827617" lon="115.085559"><time>2026-05-13T08:20:23Z</time></trkpt>
      <trkpt lat="-8.827589" lon="115.085671"><time>2026-05-13T08:20:24Z</time></trkpt>
      <trkpt lat="-8.827561" lon="115.085783"><time>2026-05-13T08:20:25Z</time></trkpt>
      <trkpt lat="-8.827533" lon="115.085895"><time>2026-05-13T08:20:26Z</time></trkpt>
      <trkpt lat="-8.827505" lon="115.086007"><time>2026-05-13T08:20:27Z</time></trkpt>
      <trkpt lat="-8.827477" lon="115.086119"><time>2026-05-13T08:20:28Z</time></trkpt>
      <trkpt lat="-8.827449" lon="115.086231"><time>2026-05-13T08:20:29Z</time></trkpt>
      <trkpt lat="-8.827421" lon="115.086343"><time>2026-05-13T08:20:30Z</time></trkpt>
      <trkpt lat="-8.827393" lon="115.086455"><time>2026-05-13T08:20:31Z</time></trkpt>
      <trkpt lat="-8.827365" lon="115.086567"><time>2026-05-13T08:20:32Z</time></trkpt>
      <trkpt lat="-8.827337" lon="115.086679"><time>2026-05-13T08:20:33Z</time></trkpt>
      <trkpt lat="-8.827309" lon="115.086791"><time>2026-05-13T08:20:34Z</time></trkpt>
      <trkpt lat="-8.827281" lon="115.086903"><time>2026-05-13T08:20:35Z</time></trkpt>
      <trkpt lat="-8.827253" lon="115.087015"><time>2026-05-13T08:20:36Z</time></trkpt>
      <trkpt lat="-8.827225" lon="115.087127"><time>2026-05-13T08:20:37Z</time></trkpt>
      <trkpt lat="-8.827197" lon="115.087239"><time>2026-05-13T08:20:38Z</time></trkpt>
      <trkpt lat="-8.827169" lon="115.087351"><time>2026-05-13T08:20:39Z</time></trkpt>
      <trkpt lat="-8.827179" lon="115.087336"><time>2026-05-13T08:20:40Z</time></trkpt>
      <trkpt lat="-8.827188" lon="115.087322"><time>2026-05-13T08:20:41Z</time></trkpt>
      <trkpt lat="-8.827195" lon="115.087307"><time>2026-05-13T08:20:42Z</time></trkpt>
      <trkpt lat="-8.827201" lon="115.087293"><time>2026-05-13T08:20:43Z</time></trkpt>
      <trkpt lat="-8.827206" lon="115.087278"><time>2026-05-13T08:20:44Z</time></trkpt>
      <trkpt lat="-8.827210" lon="115.087264"><time>2026-05-13T08:20:45Z</time></trkpt>
      <trkpt lat="-8.827213" lon="115.087249"><time>2026-05-13T08:20:46Z</time></trkpt>
      <trkpt lat="-8.827215" lon="115.087234"><time>2026-05-13T08:20:47Z</time></trkpt>
      <trkpt lat="-8.827216" lon="115.087220"><time>2026-05-13T08:20:48Z</time></trkpt>
      <trkpt lat="-8.827215" lon="115.087205"><time>2026-05-13T08:20:49Z</time></trkpt>
      <trkpt lat="-8.827214" lon="115.087191"><time>2026-05-13T08:20:50Z</time></trkpt>
      <trkpt lat="-8.827212" lon="115.087176"><time>2026-05-13T08:20:51Z</time></trkpt>
      <trkpt lat="-8.827210" lon="115.087162"><time>2026-05-13T08:20:52Z</time></trkpt>
      <trkpt lat="-8.827207" lon="115.087147"><time>2026-05-13T08:20:53Z</time></trkpt>
      <trkpt lat="-8.827203" lon="115.087132"><time>2026-05-13T08:20:54Z</time></trkpt>
      <trkpt lat="-8.827198" lon="115.087118"><time>2026-05-13T08:20:55Z</time></trkpt>
      <trkpt lat="-8.827194" lon="115.087103"><time>2026-05-13T08:20:56Z</time></trkpt>
      <trkpt lat="-8.827189" lon="115.087089"><time>2026-05-13T08:20:57Z</time></trkpt>
      <trkpt lat="-8.827184" lon="115.087074"><time>2026-05-13T08:20:58Z</time></trkpt>
      <trkpt lat="-8.827179" lon="115.087060"><time>2026-05-13T08:20:59Z</time></trkpt>
      <trkpt lat="-8.827174" lon="115.087045"><time>2026-05-13T08:21:00Z</time></trkpt>
      <trkpt lat="-8.827169" lon="115.087030"><time>2026-05-13T08:21:01Z</time></trkpt>
      <trkpt lat="-8.827165" lon="115.087016"><time>2026-05-13T08:21:02Z</time></trkpt>
      <trkpt lat="-8.827161" lon="115.087001"><time>2026-05-13T08:21:03Z</time></trkpt>
      <trkpt lat="-8.827157" lon="115.086987"><time>2026-05-13T08:21:04Z</time></trkpt>
      <trkpt lat="-8.827154" lon="115.086972"><time>2026-05-13T08:21:05Z</time></trkpt>
      <trkpt lat="-8.827152" lon="115.086958"><time>2026-05-13T08:21:06Z</time></trkpt>
      <trkpt lat="-8.827150" lon="115.086943"><time>2026-05-13T08:21:07Z</time></trkpt>
      <trkpt lat="-8.827149" lon="115.086928"><time>2026-05-13T08:21:08Z</time></trkpt>
      <trkpt lat="-8.827149" lon="115.086914"><time>2026-05-13T08:21:09Z</time></trkpt>
      <trkpt lat="-8.827150" lon="115.086899"><time>2026-05-13T08:21:10Z</time></trkpt>
      <trkpt lat="-8.827152" lon="115.086885"><time>2026-05-13T08:21:11Z</time></trkpt>
      <trkpt lat="-8.827155" lon="115.086870"><time>2026-05-13T08:21:12Z</time></trkpt>
      <trkpt lat="-8.827160" lon="115.086856"><time>2026-05-13T08:21:13Z</time></trkpt>
      <trkpt lat="-8.827165" lon="115.086841"><time>2026-05-13T08:21:14Z</time></trkpt>
      <trkpt lat="-8.827172" lon="115.086826"><time>2026-05-13T08:21:15Z</time></trkpt>
      <trkpt lat="-8.827180" lon="115.086812"><time>2026-05-13T08:21:16Z</time></trkpt>
      <trkpt lat="-8.827189" lon="115.086797"><time>2026-05-13T08:21:17Z</time></trkpt>
      <trkpt lat="-8.827199" lon="115.086783"><time>2026-05-13T08:21:18Z</time></trkpt>
      <trkpt lat="-8.827211" lon="115.086768"><time>2026-05-13T08:21:19Z</time></trkpt>
      <trkpt lat="-8.827224" lon="115.086754"><time>2026-05-13T08:21:20Z</time></trkpt>
      <trkpt lat="-8.827238" lon="115.086739"><time>2026-05-13T08:21:21Z</time></trkpt>
      <trkpt lat="-8.827253" lon="115.086724"><time>2026-05-13T08:21:22Z</time></trkpt>
      <trkpt lat="-8.827269" lon="115.086710"><time>2026-05-13T08:21:23Z</time></trkpt>
      <trkpt lat="-8.827287" lon="115.086695"><time>2026-05-13T08:21:24Z</time></trkpt>
      <trkpt lat="-8.827306" lon="115.086681"><time>2026-05-13T08:21:25Z</time></trkpt>
      <trkpt lat="-8.827325" lon="115.086666"><time>2026-05-13T08:21:26Z</time></trkpt>
      <trkpt lat="-8.827346" lon="115.086652"><time>2026-05-13T08:21:27Z</time></trkpt>
      <trkpt lat="-8.827367" lon="115.086637"><time>2026-05-13T08:21:28Z</time></trkpt>
      <trkpt lat="-8.827389" lon="115.086622"><time>2026-05-13T08:21:29Z</time></trkpt>
      <trkpt lat="-8.827412" lon="115.086608"><time>2026-05-13T08:21:30Z</time></trkpt>
      <trkpt lat="-8.827435" lon="115.086593"><time>2026-05-13T08:21:31Z</time></trkpt>
      <trkpt lat="-8.827459" lon="115.086579"><time>2026-05-13T08:21:32Z</time></trkpt>
      <trkpt lat="-8.827484" lon="115.086564"><time>2026-05-13T08:21:33Z</time></trkpt>
      <trkpt lat="-8.827508" lon="115.086550"><time>2026-05-13T08:21:34Z</time></trkpt>
      <trkpt lat="-8.827533" lon="115.086535"><time>2026-05-13T08:21:35Z</time></trkpt>
      <trkpt lat="-8.827558" lon="115.086521"><time>2026-05-13T08:21:36Z</time></trkpt>
      <trkpt lat="-8.827583" lon="115.086506"><time>2026-05-13T08:21:37Z</time></trkpt>
      <trkpt lat="-8.827608" lon="115.086491"><time>2026-05-13T08:21:38Z</time></trkpt>
      <trkpt lat="-8.827633" lon="115.086477"><time>2026-05-13T08:21:39Z</time></trkpt>
      <trkpt lat="-8.827657" lon="115.086462"><time>2026-05-13T08:21:40Z</time></trkpt>
      <trkpt lat="-8.827681" lon="115.086448"><time>2026-05-13T08:21:41Z</time></trkpt>
      <trkpt lat="-8.827705" lon="115.086433"><time>2026-05-13T08:21:42Z</time></trkpt>
      <trkpt lat="-8.827727" lon="115.086419"><time>2026-05-13T08:21:43Z</time></trkpt>
      <trkpt lat="-8.827750" lon="115.086404"><time>2026-05-13T08:21:44Z</time></trkpt>
      <trkpt lat="-8.827771" lon="115.086389"><time>2026-05-13T08:21:45Z</time></trkpt>
      <trkpt lat="-8.827792" lon="115.086375"><time>2026-05-13T08:21:46Z</time></trkpt>
      <trkpt lat="-8.827811" lon="115.086360"><time>2026-05-13T08:21:47Z</time></trkpt>
      <trkpt lat="-8.827830" lon="115.086346"><time>2026-05-13T08:21:48Z</time></trkpt>
      <trkpt lat="-8.827848" lon="115.086331"><time>2026-05-13T08:21:49Z</time></trkpt>
      <trkpt lat="-8.827864" lon="115.086317"><time>2026-05-13T08:21:50Z</time></trkpt>
      <trkpt lat="-8.827880" lon="115.086302"><time>2026-05-13T08:21:51Z</time></trkpt>
      <trkpt lat="-8.827894" lon="115.086287"><time>2026-05-13T08:21:52Z</time></trkpt>
      <trkpt lat="-8.827907" lon="115.086273"><time>2026-05-13T08:21:53Z</time></trkpt>
      <trkpt lat="-8.827918" lon="115.086258"><time>2026-05-13T08:21:54Z</time></trkpt>
      <trkpt lat="-8.827929" lon="115.086244"><time>2026-05-13T08:21:55Z</time></trkpt>
      <trkpt lat="-8.827938" lon="115.086229"><time>2026-05-13T08:21:56Z</time></trkpt>
      <trkpt lat="-8.827946" lon="115.086215"><time>2026-05-13T08:21:57Z</time></trkpt>
      <trkpt lat="-8.827953" lon="115.086200"><time>2026-05-13T08:21:58Z</time></trkpt>
      <trkpt lat="-8.827959" lon="115.086185"><time>2026-05-13T08:21:59Z</time></trkpt>
      <trkpt lat="-8.827963" lon="115.086171"><time>2026-05-13T08:22:00Z</time></trkpt>
      <trkpt lat="-8.827966" lon="115.086156"><time>2026-05-13T08:22:01Z</time></trkpt>
      <trkpt lat="-8.827968" lon="115.086142"><time>2026-05-13T08:22:02Z</time></trkpt>
      <trkpt lat="-8.827969" lon="115.086127"><time>2026-05-13T08:22:03Z</time></trkpt>
      <trkpt lat="-8.827970" lon="115.086113"><time>2026-05-13T08:22:04Z</time></trkpt>
      <trkpt lat="-8.827969" lon="115.086098"><time>2026-05-13T08:22:05Z</time></trkpt>
      <trkpt lat="-8.827967" lon="115.086083"><time>2026-05-13T08:22:06Z</time></trkpt>
      <trkpt lat="-8.827965" lon="115.086069"><time>2026-05-13T08:22:07Z</time></trkpt>
      <trkpt lat="-8.827962" lon="115.086054"><time>2026-05-13T08:22:08Z</time></trkpt>
      <trkpt lat="-8.827958" lon="115.086040"><time>2026-05-13T08:22:09Z</time></trkpt>
      <trkpt lat="-8.827954" lon="115.086025"><time>2026-05-13T08:22:10Z</time></trkpt>
      <trkpt lat="-8.827950" lon="115.086011"><time>2026-05-13T08:22:11Z</time></trkpt>
      <trkpt lat="-8.827945" lon="115.085996"><time>2026-05-13T08:22:12Z</time></trkpt>
      <trkpt lat="-8.827940" lon="115.085981"><time>2026-05-13T08:22:13Z</time></trkpt>
      <trkpt lat="-8.827935" lon="115.085967"><time>2026-05-13T08:22:14Z</time></trkpt>
      <trkpt lat="-8.827930" lon="115.085952"><time>2026-05-13T08:22:15Z</time></trkpt>
      <trkpt lat="-8.827925" lon="115.085938"><time>2026-05-13T08:22:16Z</time></trkpt>
      <trkpt lat="-8.827921" lon="115.085923"><time>2026-05-13T08:22:17Z</time></trkpt>
      <trkpt lat="-8.827916" lon="115.085909"><time>2026-05-13T08:22:18Z</time></trkpt>
      <trkpt lat="-8.827913" lon="115.085894"><time>2026-05-13T08:22:19Z</time></trkpt>
      <trkpt lat="-8.827909" lon="115.085879"><time>2026-05-13T08:22:20Z</time></trkpt>
      <trkpt lat="-8.827907" lon="115.085865"><time>2026-05-13T08:22:21Z</time></trkpt>
      <trkpt lat="-8.827905" lon="115.085850"><time>2026-05-13T08:22:22Z</time></trkpt>
      <trkpt lat="-8.827903" lon="115.085836"><time>2026-05-13T08:22:23Z</time></trkpt>
      <trkpt lat="-8.827903" lon="115.085821"><time>2026-05-13T08:22:24Z</time></trkpt>
      <trkpt lat="-8.827904" lon="115.085807"><time>2026-05-13T08:22:25Z</time></trkpt>
      <trkpt lat="-8.827905" lon="115.085792"><time>2026-05-13T08:22:26Z</time></trkpt>
      <trkpt lat="-8.827908" lon="115.085777"><time>2026-05-13T08:22:27Z</time></trkpt>
      <trkpt lat="-8.827912" lon="115.085763"><time>2026-05-13T08:22:28Z</time></trkpt>
      <trkpt lat="-8.827917" lon="115.085748"><time>2026-05-13T08:22:29Z</time></trkpt>
      <trkpt lat="-8.827923" lon="115.085734"><time>2026-05-13T08:22:30Z</time></trkpt>
      <trkpt lat="-8.827930" lon="115.085719"><time>2026-05-13T08:22:31Z</time></trkpt>
      <trkpt lat="-8.827939" lon="115.085705"><time>2026-05-13T08:22:32Z</time></trkpt>
      <trkpt lat="-8.827949" lon="115.085690"><time>2026-05-13T08:22:33Z</time></trkpt>
      <trkpt lat="-8.827960" lon="115.085675"><time>2026-05-13T08:22:34Z</time></trkpt>
      <trkpt lat="-8.827972" lon="115.085661"><time>2026-05-13T08:22:35Z</time></trkpt>
      <trkpt lat="-8.827986" lon="115.085646"><time>2026-05-13T08:22:36Z</time></trkpt>
      <trkpt lat="-8.828001" lon="115.085632"><time>2026-05-13T08:22:37Z</time></trkpt>
      <trkpt lat="-8.828017" lon="115.085617"><time>2026-05-13T08:22:38Z</time></trkpt>
      <trkpt lat="-8.828034" lon="115.085603"><time>2026-05-13T08:22:39Z</time></trkpt>
      <trkpt lat="-8.828052" lon="115.085588"><time>2026-05-13T08:22:40Z</time></trkpt>
      <trkpt lat="-8.828071" lon="115.085573"><time>2026-05-13T08:22:41Z</time></trkpt>
      <trkpt lat="-8.828091" lon="115.085559"><time>2026-05-13T08:22:42Z</time></trkpt>
      <trkpt lat="-8.828112" lon="115.085544"><time>2026-05-13T08:22:43Z</time></trkpt>
      <trkpt lat="-8.828134" lon="115.085530"><time>2026-05-13T08:22:44Z</time></trkpt>
      <trkpt lat="-8.828157" lon="115.085515"><time>2026-05-13T08:22:45Z</time></trkpt>
      <trkpt lat="-8.828180" lon="115.085501"><time>2026-05-13T08:22:46Z</time></trkpt>
      <trkpt lat="-8.828204" lon="115.085486"><time>2026-05-13T08:22:47Z</time></trkpt>
      <trkpt lat="-8.828228" lon="115.085472"><time>2026-05-13T08:22:48Z</time></trkpt>
      <trkpt lat="-8.828252" lon="115.085457"><time>2026-05-13T08:22:49Z</time></trkpt>
      <trkpt lat="-8.828277" lon="115.085442"><time>2026-05-13T08:22:50Z</time></trkpt>
      <trkpt lat="-8.828302" lon="115.085428"><time>2026-05-13T08:22:51Z</time></trkpt>
      <trkpt lat="-8.828327" lon="115.085413"><time>2026-05-13T08:22:52Z</time></trkpt>
      <trkpt lat="-8.828352" lon="115.085399"><time>2026-05-13T08:22:53Z</time></trkpt>
      <trkpt lat="-8.828377" lon="115.085384"><time>2026-05-13T08:22:54Z</time></trkpt>
      <trkpt lat="-8.828401" lon="115.085370"><time>2026-05-13T08:22:55Z</time></trkpt>
      <trkpt lat="-8.828426" lon="115.085355"><time>2026-05-13T08:22:56Z</time></trkpt>
      <trkpt lat="-8.828449" lon="115.085340"><time>2026-05-13T08:22:57Z</time></trkpt>
      <trkpt lat="-8.828472" lon="115.085326"><time>2026-05-13T08:22:58Z</time></trkpt>
      <trkpt lat="-8.828495" lon="115.085311"><time>2026-05-13T08:22:59Z</time></trkpt>
      <trkpt lat="-8.828517" lon="115.085297"><time>2026-05-13T08:23:00Z</time></trkpt>
      <trkpt lat="-8.828538" lon="115.085282"><time>2026-05-13T08:23:01Z</time></trkpt>
      <trkpt lat="-8.828558" lon="115.085268"><time>2026-05-13T08:23:02Z</time></trkpt>
      <trkpt lat="-8.828577" lon="115.085253"><time>2026-05-13T08:23:03Z</time></trkpt>
      <trkpt lat="-8.828595" lon="115.085238"><time>2026-05-13T08:23:04Z</time></trkpt>
      <trkpt lat="-8.828612" lon="115.085224"><time>2026-05-13T08:23:05Z</time></trkpt>
      <trkpt lat="-8.828628" lon="115.085209"><time>2026-05-13T08:23:06Z</time></trkpt>
      <trkpt lat="-8.828642" lon="115.085195"><time>2026-05-13T08:23:07Z</time></trkpt>
      <trkpt lat="-8.828656" lon="115.085180"><time>2026-05-13T08:23:08Z</time></trkpt>
      <trkpt lat="-8.828668" lon="115.085166"><time>2026-05-13T08:23:09Z</time></trkpt>
      <trkpt lat="-8.828679" lon="115.085151"><time>2026-05-13T08:23:10Z</time></trkpt>
      <trkpt lat="-8.828689" lon="115.085136"><time>2026-05-13T08:23:11Z</time></trkpt>
      <trkpt lat="-8.828697" lon="115.085122"><time>2026-05-13T08:23:12Z</time></trkpt>
      <trkpt lat="-8.828704" lon="115.085107"><time>2026-05-13T08:23:13Z</time></trkpt>
      <trkpt lat="-8.828710" lon="115.085093"><time>2026-05-13T08:23:14Z</time></trkpt>
      <trkpt lat="-8.828715" lon="115.085078"><time>2026-05-13T08:23:15Z</time></trkpt>
      <trkpt lat="-8.828719" lon="115.085064"><time>2026-05-13T08:23:16Z</time></trkpt>
      <trkpt lat="-8.828722" lon="115.085049"><time>2026-05-13T08:23:17Z</time></trkpt>
      <trkpt lat="-8.828723" lon="115.085034"><time>2026-05-13T08:23:18Z</time></trkpt>
      <trkpt lat="-8.828724" lon="115.085020"><time>2026-05-13T08:23:19Z</time></trkpt>
      <trkpt lat="-8.828723" lon="115.085005"><time>2026-05-13T08:23:20Z</time></trkpt>
      <trkpt lat="-8.828722" lon="115.084991"><time>2026-05-13T08:23:21Z</time></trkpt>
      <trkpt lat="-8.828720" lon="115.084976"><time>2026-05-13T08:23:22Z</time></trkpt>
      <trkpt lat="-8.828717" lon="115.084962"><time>2026-05-13T08:23:23Z</time></trkpt>
      <trkpt lat="-8.828714" lon="115.084947"><time>2026-05-13T08:23:24Z</time></trkpt>
      <trkpt lat="-8.828710" lon="115.084932"><time>2026-05-13T08:23:25Z</time></trkpt>
      <trkpt lat="-8.828706" lon="115.084918"><time>2026-05-13T08:23:26Z</time></trkpt>
      <trkpt lat="-8.828701" lon="115.084903"><time>2026-05-13T08:23:27Z</time></trkpt>
      <trkpt lat="-8.828696" lon="115.084889"><time>2026-05-13T08:23:28Z</time></trkpt>
      <trkpt lat="-8.828691" lon="115.084874"><time>2026-05-13T08:23:29Z</time></trkpt>
      <trkpt lat="-8.828686" lon="115.084860"><time>2026-05-13T08:23:30Z</time></trkpt>
      <trkpt lat="-8.828681" lon="115.084845"><time>2026-05-13T08:23:31Z</time></trkpt>
      <trkpt lat="-8.828676" lon="115.084830"><time>2026-05-13T08:23:32Z</time></trkpt>
      <trkpt lat="-8.828672" lon="115.084816"><time>2026-05-13T08:23:33Z</time></trkpt>
      <trkpt lat="-8.828668" lon="115.084801"><time>2026-05-13T08:23:34Z</time></trkpt>
      <trkpt lat="-8.828664" lon="115.084787"><time>2026-05-13T08:23:35Z</time></trkpt>
      <trkpt lat="-8.828662" lon="115.084772"><time>2026-05-13T08:23:36Z</time></trkpt>
      <trkpt lat="-8.828659" lon="115.084758"><time>2026-05-13T08:23:37Z</time></trkpt>
      <trkpt lat="-8.828658" lon="115.084743"><time>2026-05-13T08:23:38Z</time></trkpt>
      <trkpt lat="-8.828657" lon="115.084728"><time>2026-05-13T08:23:39Z</time></trkpt>
      <trkpt lat="-8.828657" lon="115.084714"><time>2026-05-13T08:23:40Z</time></trkpt>
      <trkpt lat="-8.828659" lon="115.084699"><time>2026-05-13T08:23:41Z</time></trkpt>
      <trkpt lat="-8.828661" lon="115.084685"><time>2026-05-13T08:23:42Z</time></trkpt>
      <trkpt lat="-8.828664" lon="115.084670"><time>2026-05-13T08:23:43Z</time></trkpt>
      <trkpt lat="-8.828669" lon="115.084656"><time>2026-05-13T08:23:44Z</time></trkpt>
      <trkpt lat="-8.828674" lon="115.084641"><time>2026-05-13T08:23:45Z</time></trkpt>
      <trkpt lat="-8.828681" lon="115.084626"><time>2026-05-13T08:23:46Z</time></trkpt>
      <trkpt lat="-8.828689" lon="115.084612"><time>2026-05-13T08:23:47Z</time></trkpt>
      <trkpt lat="-8.828699" lon="115.084597"><time>2026-05-13T08:23:48Z</time></trkpt>
      <trkpt lat="-8.828709" lon="115.084583"><time>2026-05-13T08:23:49Z</time></trkpt>
      <trkpt lat="-8.828721" lon="115.084568"><time>2026-05-13T08:23:50Z</time></trkpt>
      <trkpt lat="-8.828734" lon="115.084554"><time>2026-05-13T08:23:51Z</time></trkpt>
      <trkpt lat="-8.828749" lon="115.084539"><time>2026-05-13T08:23:52Z</time></trkpt>
      <trkpt lat="-8.828764" lon="115.084524"><time>2026-05-13T08:23:53Z</time></trkpt>
      <trkpt lat="-8.828781" lon="115.084510"><time>2026-05-13T08:23:54Z</time></trkpt>
      <trkpt lat="-8.828799" lon="115.084495"><time>2026-05-13T08:23:55Z</time></trkpt>
      <trkpt lat="-8.828817" lon="115.084481"><time>2026-05-13T08:23:56Z</time></trkpt>
      <trkpt lat="-8.828837" lon="115.084466"><time>2026-05-13T08:23:57Z</time></trkpt>
      <trkpt lat="-8.828858" lon="115.084452"><time>2026-05-13T08:23:58Z</time></trkpt>
      <trkpt lat="-8.828879" lon="115.084437"><time>2026-05-13T08:23:59Z</time></trkpt>
      <trkpt lat="-8.828902" lon="115.084423"><time>2026-05-13T08:24:00Z</time></trkpt>
      <trkpt lat="-8.828925" lon="115.084408"><time>2026-05-13T08:24:01Z</time></trkpt>
      <trkpt lat="-8.828948" lon="115.084393"><time>2026-05-13T08:24:02Z</time></trkpt>
      <trkpt lat="-8.828972" lon="115.084379"><time>2026-05-13T08:24:03Z</time></trkpt>
      <trkpt lat="-8.828997" lon="115.084364"><time>2026-05-13T08:24:04Z</time></trkpt>
      <trkpt lat="-8.829021" lon="115.084350"><time>2026-05-13T08:24:05Z</time></trkpt>
      <trkpt lat="-8.829046" lon="115.084335"><time>2026-05-13T08:24:06Z</time></trkpt>
      <trkpt lat="-8.829071" lon="115.084321"><time>2026-05-13T08:24:07Z</time></trkpt>
      <trkpt lat="-8.829096" lon="115.084306"><time>2026-05-13T08:24:08Z</time></trkpt>
      <trkpt lat="-8.829121" lon="115.084291"><time>2026-05-13T08:24:09Z</time></trkpt>
      <trkpt lat="-8.829146" lon="115.084277"><time>2026-05-13T08:24:10Z</time></trkpt>
      <trkpt lat="-8.829170" lon="115.084262"><time>2026-05-13T08:24:11Z</time></trkpt>
      <trkpt lat="-8.829194" lon="115.084248"><time>2026-05-13T08:24:12Z</time></trkpt>
      <trkpt lat="-8.829217" lon="115.084233"><time>2026-05-13T08:24:13Z</time></trkpt>
      <trkpt lat="-8.829240" lon="115.084219"><time>2026-05-13T08:24:14Z</time></trkpt>
      <trkpt lat="-8.829262" lon="115.084204"><time>2026-05-13T08:24:15Z</time></trkpt>
      <trkpt lat="-8.829283" lon="115.084189"><time>2026-05-13T08:24:16Z</time></trkpt>
      <trkpt lat="-8.829304" lon="115.084175"><time>2026-05-13T08:24:17Z</time></trkpt>
      <trkpt lat="-8.829323" lon="115.084160"><time>2026-05-13T08:24:18Z</time></trkpt>
      <trkpt lat="-8.829342" lon="115.084146"><time>2026-05-13T08:24:19Z</time></trkpt>
      <trkpt lat="-8.829359" lon="115.084131"><time>2026-05-13T08:24:20Z</time></trkpt>
      <trkpt lat="-8.829375" lon="115.084117"><time>2026-05-13T08:24:21Z</time></trkpt>
      <trkpt lat="-8.829390" lon="115.084102"><time>2026-05-13T08:24:22Z</time></trkpt>
      <trkpt lat="-8.829404" lon="115.084087"><time>2026-05-13T08:24:23Z</time></trkpt>
      <trkpt lat="-8.829417" lon="115.084073"><time>2026-05-13T08:24:24Z</time></trkpt>
      <trkpt lat="-8.829429" lon="115.084058"><time>2026-05-13T08:24:25Z</time></trkpt>
      <trkpt lat="-8.829439" lon="115.084044"><time>2026-05-13T08:24:26Z</time></trkpt>
      <trkpt lat="-8.829448" lon="115.084029"><time>2026-05-13T08:24:27Z</time></trkpt>
      <trkpt lat="-8.829456" lon="115.084015"><time>2026-05-13T08:24:28Z</time></trkpt>
      <trkpt lat="-8.829462" lon="115.084000"><time>2026-05-13T08:24:29Z</time></trkpt>
      <trkpt lat="-8.829462" lon="115.084002"><time>2026-05-13T08:24:30Z</time></trkpt>
      <trkpt lat="-8.829462" lon="115.084004"><time>2026-05-13T08:24:31Z</time></trkpt>
      <trkpt lat="-8.829462" lon="115.084006"><time>2026-05-13T08:24:32Z</time></trkpt>
      <trkpt lat="-8.829461" lon="115.084008"><time>2026-05-13T08:24:33Z</time></trkpt>
      <trkpt lat="-8.829460" lon="115.084010"><time>2026-05-13T08:24:34Z</time></trkpt>
      <trkpt lat="-8.829459" lon="115.084011"><time>2026-05-13T08:24:35Z</time></trkpt>
      <trkpt lat="-8.829458" lon="115.084013"><time>2026-05-13T08:24:36Z</time></trkpt>
      <trkpt lat="-8.829457" lon="115.084015"><time>2026-05-13T08:24:37Z</time></trkpt>
      <trkpt lat="-8.829455" lon="115.084016"><time>2026-05-13T08:24:38Z</time></trkpt>
      <trkpt lat="-8.829454" lon="115.084017"><time>2026-05-13T08:24:39Z</time></trkpt>
      <trkpt lat="-8.829452" lon="115.084018"><time>2026-05-13T08:24:40Z</time></trkpt>
      <trkpt lat="-8.829450" lon="115.084019"><time>2026-05-13T08:24:41Z</time></trkpt>
      <trkpt lat="-8.829448" lon="115.084020"><time>2026-05-13T08:24:42Z</time></trkpt>
      <trkpt lat="-8.829447" lon="115.084021"><time>2026-05-13T08:24:43Z</time></trkpt>
      <trkpt lat="-8.829445" lon="115.084021"><time>2026-05-13T08:24:44Z</time></trkpt>
      <trkpt lat="-8.829443" lon="115.084021"><time>2026-05-13T08:24:45Z</time></trkpt>
      <trkpt lat="-8.829441" lon="115.084021"><time>2026-05-13T08:24:46Z</time></trkpt>
      <trkpt lat="-8.829439" lon="115.084021"><time>2026-05-13T08:24:47Z</time></trkpt>
      <trkpt lat="-8.829437" lon="115.084020"><time>2026-05-13T08:24:48Z</time></trkpt>
      <trkpt lat="-8.829435" lon="115.084020"><time>2026-05-13T08:24:49Z</time></trkpt>
      <trkpt lat="-8.829433" lon="115.084019"><time>2026-05-13T08:24:50Z</time></trkpt>
      <trkpt lat="-8.829431" lon="115.084018"><time>2026-05-13T08:24:51Z</time></trkpt>
      <trkpt lat="-8.829430" lon="115.084017"><time>2026-05-13T08:24:52Z</time></trkpt>
      <trkpt lat="-8.829428" lon="115.084015"><time>2026-05-13T08:24:53Z</time></trkpt>
      <trkpt lat="-8.829427" lon="115.084014"><time>2026-05-13T08:24:54Z</time></trkpt>
      <trkpt lat="-8.829426" lon="115.084012"><time>2026-05-13T08:24:55Z</time></trkpt>
      <trkpt lat="-8.829425" lon="115.084010"><time>2026-05-13T08:24:56Z</time></trkpt>
      <trkpt lat="-8.829424" lon="115.084009"><time>2026-05-13T08:24:57Z</time></trkpt>
      <trkpt lat="-8.829423" lon="115.084007"><time>2026-05-13T08:24:58Z</time></trkpt>
      <trkpt lat="-8.829423" lon="115.084005"><time>2026-05-13T08:24:59Z</time></trkpt>
      <trkpt lat="-8.829422" lon="115.084003"><time>2026-05-13T08:25:00Z</time></trkpt>
      <trkpt lat="-8.829422" lon="115.084001"><time>2026-05-13T08:25:01Z</time></trkpt>
      <trkpt lat="-8.829422" lon="115.083999"><time>2026-05-13T08:25:02Z</time></trkpt>
      <trkpt lat="-8.829423" lon="115.083997"><time>2026-05-13T08:25:03Z</time></trkpt>
      <trkpt lat="-8.829423" lon="115.083995"><time>2026-05-13T08:25:04Z</time></trkpt>
      <trkpt lat="-8.829424" lon="115.083993"><time>2026-05-13T08:25:05Z</time></trkpt>
      <trkpt lat="-8.829425" lon="115.083991"><time>2026-05-13T08:25:06Z</time></trkpt>
      <trkpt lat="-8.829426" lon="115.083990"><time>2026-05-13T08:25:07Z</time></trkpt>
      <trkpt lat="-8.829427" lon="115.083988"><time>2026-05-13T08:25:08Z</time></trkpt>
      <trkpt lat="-8.829428" lon="115.083987"><time>2026-05-13T08:25:09Z</time></trkpt>
      <trkpt lat="-8.829430" lon="115.083985"><time>2026-05-13T08:25:10Z</time></trkpt>
      <trkpt lat="-8.829432" lon="115.083984"><time>2026-05-13T08:25:11Z</time></trkpt>
      <trkpt lat="-8.829433" lon="115.083983"><time>2026-05-13T08:25:12Z</time></trkpt>
      <trkpt lat="-8.829435" lon="115.083982"><time>2026-05-13T08:25:13Z</time></trkpt>
      <trkpt lat="-8.829437" lon="115.083982"><time>2026-05-13T08:25:14Z</time></trkpt>
      <trkpt lat="-8.829439" lon="115.083981"><time>2026-05-13T08:25:15Z</time></trkpt>
      <trkpt lat="-8.829441" lon="115.083981"><time>2026-05-13T08:25:16Z</time></trkpt>
      <trkpt lat="-8.829443" lon="115.083981"><time>2026-05-13T08:25:17Z</time></trkpt>
      <trkpt lat="-8.829445" lon="115.083981"><time>2026-05-13T08:25:18Z</time></trkpt>
      <trkpt lat="-8.829447" lon="115.083982"><time>2026-05-13T08:25:19Z</time></trkpt>
      <trkpt lat="-8.829449" lon="115.083982"><time>2026-05-13T08:25:20Z</time></trkpt>
      <trkpt lat="-8.829451" lon="115.083983"><time>2026-05-13T08:25:21Z</time></trkpt>
      <trkpt lat="-8.829452" lon="115.083984"><time>2026-05-13T08:25:22Z</time></trkpt>
      <trkpt lat="-8.829454" lon="115.083985"><time>2026-05-13T08:25:23Z</time></trkpt>
      <trkpt lat="-8.829456" lon="115.083986"><time>2026-05-13T08:25:24Z</time></trkpt>
      <trkpt lat="-8.829457" lon="115.083988"><time>2026-05-13T08:25:25Z</time></trkpt>
      <trkpt lat="-8.829458" lon="115.083989"><time>2026-05-13T08:25:26Z</time></trkpt>
      <trkpt lat="-8.829459" lon="115.083991"><time>2026-05-13T08:25:27Z</time></trkpt>
      <trkpt lat="-8.829460" lon="115.083993"><time>2026-05-13T08:25:28Z</time></trkpt>
      <trkpt lat="-8.829461" lon="115.083994"><time>2026-05-13T08:25:29Z</time></trkpt>
      <trkpt lat="-8.829462" lon="115.083996"><time>2026-05-13T08:25:30Z</time></trkpt>
      <trkpt lat="-8.829462" lon="115.083998"><time>2026-05-13T08:25:31Z</time></trkpt>
      <trkpt lat="-8.829462" lon="115.084000"><time>2026-05-13T08:25:32Z</time></trkpt>
      <trkpt lat="-8.829462" lon="115.084002"><time>2026-05-13T08:25:33Z</time></trkpt>
      <trkpt lat="-8.829462" lon="115.084004"><time>2026-05-13T08:25:34Z</time></trkpt>
      <trkpt lat="-8.829461" lon="115.084006"><time>2026-05-13T08:25:35Z</time></trkpt>
      <trkpt lat="-8.829461" lon="115.084008"><time>2026-05-13T08:25:36Z</time></trkpt>
      <trkpt lat="-8.829460" lon="115.084010"><time>2026-05-13T08:25:37Z</time></trkpt>
      <trkpt lat="-8.829459" lon="115.084012"><time>2026-05-13T08:25:38Z</time></trkpt>
      <trkpt lat="-8.829458" lon="115.084013"><time>2026-05-13T08:25:39Z</time></trkpt>
      <trkpt lat="-8.829457" lon="115.084015"><time>2026-05-13T08:25:40Z</time></trkpt>
      <trkpt lat="-8.829455" lon="115.084016"><time>2026-05-13T08:25:41Z</time></trkpt>
      <trkpt lat="-8.829454" lon="115.084017"><time>2026-05-13T08:25:42Z</time></trkpt>
      <trkpt lat="-8.829452" lon="115.084019"><time>2026-05-13T08:25:43Z</time></trkpt>
      <trkpt lat="-8.829450" lon="115.084019"><time>2026-05-13T08:25:44Z</time></trkpt>
      <trkpt lat="-8.829448" lon="115.084020"><time>2026-05-13T08:25:45Z</time></trkpt>
      <trkpt lat="-8.829446" lon="115.084021"><time>2026-05-13T08:25:46Z</time></trkpt>
      <trkpt lat="-8.829444" lon="115.084021"><time>2026-05-13T08:25:47Z</time></trkpt>
      <trkpt lat="-8.829442" lon="115.084021"><time>2026-05-13T08:25:48Z</time></trkpt>
      <trkpt lat="-8.829440" lon="115.084021"><time>2026-05-13T08:25:49Z</time></trkpt>
      <trkpt lat="-8.829438" lon="115.084021"><time>2026-05-13T08:25:50Z</time></trkpt>
      <trkpt lat="-8.829436" lon="115.084020"><time>2026-05-13T08:25:51Z</time></trkpt>
      <trkpt lat="-8.829434" lon="115.084019"><time>2026-05-13T08:25:52Z</time></trkpt>
      <trkpt lat="-8.829433" lon="115.084019"><time>2026-05-13T08:25:53Z</time></trkpt>
      <trkpt lat="-8.829431" lon="115.084018"><time>2026-05-13T08:25:54Z</time></trkpt>
      <trkpt lat="-8.829429" lon="115.084016"><time>2026-05-13T08:25:55Z</time></trkpt>
      <trkpt lat="-8.829428" lon="115.084015"><time>2026-05-13T08:25:56Z</time></trkpt>
      <trkpt lat="-8.829427" lon="115.084013"><time>2026-05-13T08:25:57Z</time></trkpt>
      <trkpt lat="-8.829425" lon="115.084012"><time>2026-05-13T08:25:58Z</time></trkpt>
      <trkpt lat="-8.829424" lon="115.084010"><time>2026-05-13T08:25:59Z</time></trkpt>
      <trkpt lat="-8.829424" lon="115.084008"><time>2026-05-13T08:26:00Z</time></trkpt>
      <trkpt lat="-8.829423" lon="115.084006"><time>2026-05-13T08:26:01Z</time></trkpt>
      <trkpt lat="-8.829422" lon="115.084004"><time>2026-05-13T08:26:02Z</time></trkpt>
      <trkpt lat="-8.829422" lon="115.084002"><time>2026-05-13T08:26:03Z</time></trkpt>
      <trkpt lat="-8.829422" lon="115.084000"><time>2026-05-13T08:26:04Z</time></trkpt>
      <trkpt lat="-8.829422" lon="115.083999"><time>2026-05-13T08:26:05Z</time></trkpt>
      <trkpt lat="-8.829423" lon="115.083997"><time>2026-05-13T08:26:06Z</time></trkpt>
      <trkpt lat="-8.829423" lon="115.083995"><time>2026-05-13T08:26:07Z</time></trkpt>
      <trkpt lat="-8.829424" lon="115.083993"><time>2026-05-13T08:26:08Z</time></trkpt>
      <trkpt lat="-8.829425" lon="115.083991"><time>2026-05-13T08:26:09Z</time></trkpt>
      <trkpt lat="-8.829426" lon="115.083989"><time>2026-05-13T08:26:10Z</time></trkpt>
      <trkpt lat="-8.829427" lon="115.083988"><time>2026-05-13T08:26:11Z</time></trkpt>
      <trkpt lat="-8.829429" lon="115.083986"><time>2026-05-13T08:26:12Z</time></trkpt>
      <trkpt lat="-8.829430" lon="115.083985"><time>2026-05-13T08:26:13Z</time></trkpt>
      <trkpt lat="-8.829432" lon="115.083984"><time>2026-05-13T08:26:14Z</time></trkpt>
      <trkpt lat="-8.829434" lon="115.083983"><time>2026-05-13T08:26:15Z</time></trkpt>
      <trkpt lat="-8.829435" lon="115.083982"><time>2026-05-13T08:26:16Z</time></trkpt>
      <trkpt lat="-8.829437" lon="115.083982"><time>2026-05-13T08:26:17Z</time></trkpt>
      <trkpt lat="-8.829439" lon="115.083981"><time>2026-05-13T08:26:18Z</time></trkpt>
      <trkpt lat="-8.829441" lon="115.083981"><time>2026-05-13T08:26:19Z</time></trkpt>
      <trkpt lat="-8.829411" lon="115.084101"><time>2026-05-13T08:26:20Z</time></trkpt>
      <trkpt lat="-8.829381" lon="115.084221"><time>2026-05-13T08:26:21Z</time></trkpt>
      <trkpt lat="-8.829351" lon="115.084341"><time>2026-05-13T08:26:22Z</time></trkpt>
      <trkpt lat="-8.829321" lon="115.084461"><time>2026-05-13T08:26:23Z</time></trkpt>
      <trkpt lat="-8.829291" lon="115.084581"><time>2026-05-13T08:26:24Z</time></trkpt>
      <trkpt lat="-8.829261" lon="115.084701"><time>2026-05-13T08:26:25Z</time></trkpt>
      <trkpt lat="-8.829231" lon="115.084821"><time>2026-05-13T08:26:26Z</time></trkpt>
      <trkpt lat="-8.829201" lon="115.084941"><time>2026-05-13T08:26:27Z</time></trkpt>
      <trkpt lat="-8.829171" lon="115.085061"><time>2026-05-13T08:26:28Z</time></trkpt>
      <trkpt lat="-8.829141" lon="115.085181"><time>2026-05-13T08:26:29Z</time></trkpt>
      <trkpt lat="-8.829111" lon="115.085301"><time>2026-05-13T08:26:30Z</time></trkpt>
      <trkpt lat="-8.829081" lon="115.085421"><time>2026-05-13T08:26:31Z</time></trkpt>
      <trkpt lat="-8.829051" lon="115.085541"><time>2026-05-13T08:26:32Z</time></trkpt>
      <trkpt lat="-8.829021" lon="115.085661"><time>2026-05-13T08:26:33Z</time></trkpt>
      <trkpt lat="-8.828991" lon="115.085781"><time>2026-05-13T08:26:34Z</time></trkpt>
      <trkpt lat="-8.828961" lon="115.085901"><time>2026-05-13T08:26:35Z</time></trkpt>
      <trkpt lat="-8.828931" lon="115.086021"><time>2026-05-13T08:26:36Z</time></trkpt>
      <trkpt lat="-8.828901" lon="115.086141"><time>2026-05-13T08:26:37Z</time></trkpt>
      <trkpt lat="-8.828871" lon="115.086261"><time>2026-05-13T08:26:38Z</time></trkpt>
      <trkpt lat="-8.828841" lon="115.086381"><time>2026-05-13T08:26:39Z</time></trkpt>
      <trkpt lat="-8.828811" lon="115.086501"><time>2026-05-13T08:26:40Z</time></trkpt>
      <trkpt lat="-8.828781" lon="115.086621"><time>2026-05-13T08:26:41Z</time></trkpt>
      <trkpt lat="-8.828751" lon="115.086741"><time>2026-05-13T08:26:42Z</time></trkpt>
      <trkpt lat="-8.828721" lon="115.086861"><time>2026-05-13T08:26:43Z</time></trkpt>
      <trkpt lat="-8.828691" lon="115.086981"><time>2026-05-13T08:26:44Z</time></trkpt>
      <trkpt lat="-8.828661" lon="115.087101"><time>2026-05-13T08:26:45Z</time></trkpt>
      <trkpt lat="-8.828631" lon="115.087221"><time>2026-05-13T08:26:46Z</time></trkpt>
      <trkpt lat="-8.828601" lon="115.087341"><time>2026-05-13T08:26:47Z</time></trkpt>
      <trkpt lat="-8.828571" lon="115.087461"><time>2026-05-13T08:26:48Z</time></trkpt>
      <trkpt lat="-8.828541" lon="115.087581"><time>2026-05-13T08:26:49Z</time></trkpt>
      <trkpt lat="-8.828511" lon="115.087701"><time>2026-05-13T08:26:50Z</time></trkpt>
      <trkpt lat="-8.828481" lon="115.087821"><time>2026-05-13T08:26:51Z</time></trkpt>
      <trkpt lat="-8.828451" lon="115.087941"><time>2026-05-13T08:26:52Z</time></trkpt>
      <trkpt lat="-8.828421" lon="115.088061"><time>2026-05-13T08:26:53Z</time></trkpt>
      <trkpt lat="-8.828391" lon="115.088181"><time>2026-05-13T08:26:54Z</time></trkpt>
      <trkpt lat="-8.828401" lon="115.088153"><time>2026-05-13T08:26:55Z</time></trkpt>
      <trkpt lat="-8.828410" lon="115.088125"><time>2026-05-13T08:26:56Z</time></trkpt>
      <trkpt lat="-8.828418" lon="115.088097"><time>2026-05-13T08:26:57Z</time></trkpt>
      <trkpt lat="-8.828424" lon="115.088070"><time>2026-05-13T08:26:58Z</time></trkpt>
      <trkpt lat="-8.828429" lon="115.088042"><time>2026-05-13T08:26:59Z</time></trkpt>
      <trkpt lat="-8.828433" lon="115.088014"><time>2026-05-13T08:27:00Z</time></trkpt>
      <trkpt lat="-8.828436" lon="115.087986"><time>2026-05-13T08:27:01Z</time></trkpt>
      <trkpt lat="-8.828437" lon="115.087958"><time>2026-05-13T08:27:02Z</time></trkpt>
      <trkpt lat="-8.828438" lon="115.087930"><time>2026-05-13T08:27:03Z</time></trkpt>
      <trkpt lat="-8.828438" lon="115.087902"><time>2026-05-13T08:27:04Z</time></trkpt>
      <trkpt lat="-8.828437" lon="115.087874"><time>2026-05-13T08:27:05Z</time></trkpt>
      <trkpt lat="-8.828435" lon="115.087847"><time>2026-05-13T08:27:06Z</time></trkpt>
      <trkpt lat="-8.828432" lon="115.087819"><time>2026-05-13T08:27:07Z</time></trkpt>
      <trkpt lat="-8.828429" lon="115.087791"><time>2026-05-13T08:27:08Z</time></trkpt>
      <trkpt lat="-8.828425" lon="115.087763"><time>2026-05-13T08:27:09Z</time></trkpt>
      <trkpt lat="-8.828421" lon="115.087735"><time>2026-05-13T08:27:10Z</time></trkpt>
      <trkpt lat="-8.828416" lon="115.087707"><time>2026-05-13T08:27:11Z</time></trkpt>
      <trkpt lat="-8.828412" lon="115.087679"><time>2026-05-13T08:27:12Z</time></trkpt>
      <trkpt lat="-8.828407" lon="115.087651"><time>2026-05-13T08:27:13Z</time></trkpt>
      <trkpt lat="-8.828402" lon="115.087624"><time>2026-05-13T08:27:14Z</time></trkpt>
      <trkpt lat="-8.828397" lon="115.087596"><time>2026-05-13T08:27:15Z</time></trkpt>
      <trkpt lat="-8.828392" lon="115.087568"><time>2026-05-13T08:27:16Z</time></trkpt>
      <trkpt lat="-8.828387" lon="115.087540"><time>2026-05-13T08:27:17Z</time></trkpt>
      <trkpt lat="-8.828383" lon="115.087512"><time>2026-05-13T08:27:18Z</time></trkpt>
      <trkpt lat="-8.828380" lon="115.087484"><time>2026-05-13T08:27:19Z</time></trkpt>
      <trkpt lat="-8.828377" lon="115.087456"><time>2026-05-13T08:27:20Z</time></trkpt>
      <trkpt lat="-8.828374" lon="115.087428"><time>2026-05-13T08:27:21Z</time></trkpt>
      <trkpt lat="-8.828373" lon="115.087401"><time>2026-05-13T08:27:22Z</time></trkpt>
      <trkpt lat="-8.828372" lon="115.087373"><time>2026-05-13T08:27:23Z</time></trkpt>
      <trkpt lat="-8.828372" lon="115.087345"><time>2026-05-13T08:27:24Z</time></trkpt>
      <trkpt lat="-8.828373" lon="115.087317"><time>2026-05-13T08:27:25Z</time></trkpt>
      <trkpt lat="-8.828375" lon="115.087289"><time>2026-05-13T08:27:26Z</time></trkpt>
      <trkpt lat="-8.828378" lon="115.087261"><time>2026-05-13T08:27:27Z</time></trkpt>
      <trkpt lat="-8.828382" lon="115.087233"><time>2026-05-13T08:27:28Z</time></trkpt>
      <trkpt lat="-8.828388" lon="115.087205"><time>2026-05-13T08:27:29Z</time></trkpt>
      <trkpt lat="-8.828394" lon="115.087178"><time>2026-05-13T08:27:30Z</time></trkpt>
      <trkpt lat="-8.828402" lon="115.087150"><time>2026-05-13T08:27:31Z</time></trkpt>
      <trkpt lat="-8.828411" lon="115.087122"><time>2026-05-13T08:27:32Z</time></trkpt>
      <trkpt lat="-8.828422" lon="115.087094"><time>2026-05-13T08:27:33Z</time></trkpt>
      <trkpt lat="-8.828433" lon="115.087066"><time>2026-05-13T08:27:34Z</time></trkpt>
      <trkpt lat="-8.828446" lon="115.087038"><time>2026-05-13T08:27:35Z</time></trkpt>
      <trkpt lat="-8.828460" lon="115.087010"><time>2026-05-13T08:27:36Z</time></trkpt>
      <trkpt lat="-8.828476" lon="115.086982"><time>2026-05-13T08:27:37Z</time></trkpt>
      <trkpt lat="-8.828492" lon="115.086955"><time>2026-05-13T08:27:38Z</time></trkpt>
      <trkpt lat="-8.828509" lon="115.086927"><time>2026-05-13T08:27:39Z</time></trkpt>
      <trkpt lat="-8.828528" lon="115.086899"><time>2026-05-13T08:27:40Z</time></trkpt>
      <trkpt lat="-8.828548" lon="115.086871"><time>2026-05-13T08:27:41Z</time></trkpt>
      <trkpt lat="-8.828568" lon="115.086843"><time>2026-05-13T08:27:42Z</time></trkpt>
      <trkpt lat="-8.828589" lon="115.086815"><time>2026-05-13T08:27:43Z</time></trkpt>
      <trkpt lat="-8.828612" lon="115.086787"><time>2026-05-13T08:27:44Z</time></trkpt>
      <trkpt lat="-8.828634" lon="115.086759"><time>2026-05-13T08:27:45Z</time></trkpt>
      <trkpt lat="-8.828658" lon="115.086732"><time>2026-05-13T08:27:46Z</time></trkpt>
      <trkpt lat="-8.828682" lon="115.086704"><time>2026-05-13T08:27:47Z</time></trkpt>
      <trkpt lat="-8.828706" lon="115.086676"><time>2026-05-13T08:27:48Z</time></trkpt>
      <trkpt lat="-8.828731" lon="115.086648"><time>2026-05-13T08:27:49Z</time></trkpt>
      <trkpt lat="-8.828756" lon="115.086620"><time>2026-05-13T08:27:50Z</time></trkpt>
      <trkpt lat="-8.828781" lon="115.086592"><time>2026-05-13T08:27:51Z</time></trkpt>
      <trkpt lat="-8.828806" lon="115.086564"><time>2026-05-13T08:27:52Z</time></trkpt>
      <trkpt lat="-8.828831" lon="115.086536"><time>2026-05-13T08:27:53Z</time></trkpt>
      <trkpt lat="-8.828855" lon="115.086509"><time>2026-05-13T08:27:54Z</time></trkpt>
      <trkpt lat="-8.828880" lon="115.086481"><time>2026-05-13T08:27:55Z</time></trkpt>
      <trkpt lat="-8.828904" lon="115.086453"><time>2026-05-13T08:27:56Z</time></trkpt>
      <trkpt lat="-8.828927" lon="115.086425"><time>2026-05-13T08:27:57Z</time></trkpt>
      <trkpt lat="-8.828950" lon="115.086397"><time>2026-05-13T08:27:58Z</time></trkpt>
      <trkpt lat="-8.828972" lon="115.086369"><time>2026-05-13T08:27:59Z</time></trkpt>
      <trkpt lat="-8.828994" lon="115.086341"><time>2026-05-13T08:28:00Z</time></trkpt>
      <trkpt lat="-8.829014" lon="115.086313"><time>2026-05-13T08:28:01Z</time></trkpt>
      <trkpt lat="-8.829034" lon="115.086286"><time>2026-05-13T08:28:02Z</time></trkpt>
      <trkpt lat="-8.829052" lon="115.086258"><time>2026-05-13T08:28:03Z</time></trkpt>
      <trkpt lat="-8.829070" lon="115.086230"><time>2026-05-13T08:28:04Z</time></trkpt>
      <trkpt lat="-8.829087" lon="115.086202"><time>2026-05-13T08:28:05Z</time></trkpt>
      <trkpt lat="-8.829102" lon="115.086174"><time>2026-05-13T08:28:06Z</time></trkpt>
      <trkpt lat="-8.829116" lon="115.086146"><time>2026-05-13T08:28:07Z</time></trkpt>
      <trkpt lat="-8.829129" lon="115.086118"><time>2026-05-13T08:28:08Z</time></trkpt>
      <trkpt lat="-8.829141" lon="115.086091"><time>2026-05-13T08:28:09Z</time></trkpt>
      <trkpt lat="-8.829151" lon="115.086063"><time>2026-05-13T08:28:10Z</time></trkpt>
      <trkpt lat="-8.829161" lon="115.086035"><time>2026-05-13T08:28:11Z</time></trkpt>
      <trkpt lat="-8.829169" lon="115.086007"><time>2026-05-13T08:28:12Z</time></trkpt>
      <trkpt lat="-8.829175" lon="115.085979"><time>2026-05-13T08:28:13Z</time></trkpt>
      <trkpt lat="-8.829181" lon="115.085951"><time>2026-05-13T08:28:14Z</time></trkpt>
      <trkpt lat="-8.829185" lon="115.085923"><time>2026-05-13T08:28:15Z</time></trkpt>
      <trkpt lat="-8.829189" lon="115.085895"><time>2026-05-13T08:28:16Z</time></trkpt>
      <trkpt lat="-8.829191" lon="115.085868"><time>2026-05-13T08:28:17Z</time></trkpt>
      <trkpt lat="-8.829192" lon="115.085840"><time>2026-05-13T08:28:18Z</time></trkpt>
      <trkpt lat="-8.829192" lon="115.085812"><time>2026-05-13T08:28:19Z</time></trkpt>
      <trkpt lat="-8.829191" lon="115.085784"><time>2026-05-13T08:28:20Z</time></trkpt>
      <trkpt lat="-8.829190" lon="115.085756"><time>2026-05-13T08:28:21Z</time></trkpt>
      <trkpt lat="-8.829187" lon="115.085728"><time>2026-05-13T08:28:22Z</time></trkpt>
      <trkpt lat="-8.829184" lon="115.085700"><time>2026-05-13T08:28:23Z</time></trkpt>
      <trkpt lat="-8.829181" lon="115.085672"><time>2026-05-13T08:28:24Z</time></trkpt>
      <trkpt lat="-8.829177" lon="115.085645"><time>2026-05-13T08:28:25Z</time></trkpt>
      <trkpt lat="-8.829172" lon="115.085617"><time>2026-05-13T08:28:26Z</time></trkpt>
      <trkpt lat="-8.829167" lon="115.085589"><time>2026-05-13T08:28:27Z</time></trkpt>
      <trkpt lat="-8.829163" lon="115.085561"><time>2026-05-13T08:28:28Z</time></trkpt>
      <trkpt lat="-8.829158" lon="115.085533"><time>2026-05-13T08:28:29Z</time></trkpt>
      <trkpt lat="-8.829153" lon="115.085505"><time>2026-05-13T08:28:30Z</time></trkpt>
      <trkpt lat="-8.829148" lon="115.085477"><time>2026-05-13T08:28:31Z</time></trkpt>
      <trkpt lat="-8.829143" lon="115.085449"><time>2026-05-13T08:28:32Z</time></trkpt>
      <trkpt lat="-8.829139" lon="115.085422"><time>2026-05-13T08:28:33Z</time></trkpt>
      <trkpt lat="-8.829135" lon="115.085394"><time>2026-05-13T08:28:34Z</time></trkpt>
      <trkpt lat="-8.829132" lon="115.085366"><time>2026-05-13T08:28:35Z</time></trkpt>
      <trkpt lat="-8.829129" lon="115.085338"><time>2026-05-13T08:28:36Z</time></trkpt>
      <trkpt lat="-8.829127" lon="115.085310"><time>2026-05-13T08:28:37Z</time></trkpt>
      <trkpt lat="-8.829126" lon="115.085282"><time>2026-05-13T08:28:38Z</time></trkpt>
      <trkpt lat="-8.829126" lon="115.085254"><time>2026-05-13T08:28:39Z</time></trkpt>
      <trkpt lat="-8.829126" lon="115.085226"><time>2026-05-13T08:28:40Z</time></trkpt>
      <trkpt lat="-8.829128" lon="115.085199"><time>2026-05-13T08:28:41Z</time></trkpt>
      <trkpt lat="-8.829131" lon="115.085171"><time>2026-05-13T08:28:42Z</time></trkpt>
      <trkpt lat="-8.829134" lon="115.085143"><time>2026-05-13T08:28:43Z</time></trkpt>
      <trkpt lat="-8.829139" lon="115.085115"><time>2026-05-13T08:28:44Z</time></trkpt>
      <trkpt lat="-8.829146" lon="115.085087"><time>2026-05-13T08:28:45Z</time></trkpt>
      <trkpt lat="-8.829153" lon="115.085059"><time>2026-05-13T08:28:46Z</time></trkpt>
      <trkpt lat="-8.829162" lon="115.085031"><time>2026-05-13T08:28:47Z</time></trkpt>
      <trkpt lat="-8.829171" lon="115.085003"><time>2026-05-13T08:28:48Z</time></trkpt>
      <trkpt lat="-8.829183" lon="115.084976"><time>2026-05-13T08:28:49Z</time></trkpt>
      <trkpt lat="-8.829195" lon="115.084948"><time>2026-05-13T08:28:50Z</time></trkpt>
      <trkpt lat="-8.829209" lon="115.084920"><time>2026-05-13T08:28:51Z</time></trkpt>
      <trkpt lat="-8.829223" lon="115.084892"><time>2026-05-13T08:28:52Z</time></trkpt>
      <trkpt lat="-8.829239" lon="115.084864"><time>2026-05-13T08:28:53Z</time></trkpt>
      <trkpt lat="-8.829256" lon="115.084836"><time>2026-05-13T08:28:54Z</time></trkpt>
      <trkpt lat="-8.829274" lon="115.084808"><time>2026-05-13T08:28:55Z</time></trkpt>
      <trkpt lat="-8.829294" lon="115.084780"><time>2026-05-13T08:28:56Z</time></trkpt>
      <trkpt lat="-8.829314" lon="115.084753"><time>2026-05-13T08:28:57Z</time></trkpt>
      <trkpt lat="-8.829335" lon="115.084725"><time>2026-05-13T08:28:58Z</time></trkpt>
      <trkpt lat="-8.829357" lon="115.084697"><time>2026-05-13T08:28:59Z</time></trkpt>
      <trkpt lat="-8.829379" lon="115.084669"><time>2026-05-13T08:29:00Z</time></trkpt>
      <trkpt lat="-8.829402" lon="115.084641"><time>2026-05-13T08:29:01Z</time></trkpt>
      <trkpt lat="-8.829426" lon="115.084613"><time>2026-05-13T08:29:02Z</time></trkpt>
      <trkpt lat="-8.829450" lon="115.084585"><time>2026-05-13T08:29:03Z</time></trkpt>
      <trkpt lat="-8.829475" lon="115.084557"><time>2026-05-13T08:29:04Z</time></trkpt>
      <trkpt lat="-8.829500" lon="115.084530"><time>2026-05-13T08:29:05Z</time></trkpt>
      <trkpt lat="-8.829525" lon="115.084502"><time>2026-05-13T08:29:06Z</time></trkpt>
      <trkpt lat="-8.829550" lon="115.084474"><time>2026-05-13T08:29:07Z</time></trkpt>
      <trkpt lat="-8.829575" lon="115.084446"><time>2026-05-13T08:29:08Z</time></trkpt>
      <trkpt lat="-8.829599" lon="115.084418"><time>2026-05-13T08:29:09Z</time></trkpt>
      <trkpt lat="-8.829624" lon="115.084390"><time>2026-05-13T08:29:10Z</time></trkpt>
      <trkpt lat="-8.829648" lon="115.084362"><time>2026-05-13T08:29:11Z</time></trkpt>
      <trkpt lat="-8.829672" lon="115.084334"><time>2026-05-13T08:29:12Z</time></trkpt>
      <trkpt lat="-8.829695" lon="115.084307"><time>2026-05-13T08:29:13Z</time></trkpt>
      <trkpt lat="-8.829717" lon="115.084279"><time>2026-05-13T08:29:14Z</time></trkpt>
      <trkpt lat="-8.829739" lon="115.084251"><time>2026-05-13T08:29:15Z</time></trkpt>
      <trkpt lat="-8.829760" lon="115.084223"><time>2026-05-13T08:29:16Z</time></trkpt>
      <trkpt lat="-8.829780" lon="115.084195"><time>2026-05-13T08:29:17Z</time></trkpt>
      <trkpt lat="-8.829799" lon="115.084167"><time>2026-05-13T08:29:18Z</time></trkpt>
      <trkpt lat="-8.829817" lon="115.084139"><time>2026-05-13T08:29:19Z</time></trkpt>
      <trkpt lat="-8.829834" lon="115.084111"><time>2026-05-13T08:29:20Z</time></trkpt>
      <trkpt lat="-8.829850" lon="115.084084"><time>2026-05-13T08:29:21Z</time></trkpt>
      <trkpt lat="-8.829865" lon="115.084056"><time>2026-05-13T08:29:22Z</time></trkpt>
      <trkpt lat="-8.829878" lon="115.084028"><time>2026-05-13T08:29:23Z</time></trkpt>
      <trkpt lat="-8.829890" lon="115.084000"><time>2026-05-13T08:29:24Z</time></trkpt>
    </trkseg>
  </trk>
</gpx>
