Type,Local Number,Message,Field 1,Value 1,Units 1,Field 2,Value 2,Units 2,Field 3,Value 3,Units 3,Field 4,Value 4,Units 4
Definition,0,file_id,serial_number,1,,time_created,1,,product,1,,type,1,,
Data,0,file_id,serial_number,12345,,time_created,1000000000,,product,1,,type,4,,
Definition,1,record,timestamp,1,,position_lat,1,,position_long,1,,speed,1,,heart_rate,1,,cadence,1,,
Data,1,record,timestamp,1000000000,,position_lat,-105298281,,position_long,1373005481,,speed,1200,mm/s,heart_rate,110,bpm,cadence,30,rpm
Data,1,record,timestamp,1000000001,,position_lat,-105298279,,position_long,1373005362,,speed,1200,mm/s,heart_rate,110,bpm,cadence,30,rpm
Data,1,record,timestamp,1000000002,,position_lat,-105298276,,position_long,1373005242,,speed,1200,mm/s,heart_rate,110,bpm,cadence,30,rpm
Data,1,record,timestamp,1000000003,,position_lat,-105298272,,position_long,1373005123,,speed,1200,mm/s,heart_rate,110,bpm,cadence,30,rpm
Data,1,record,timestamp,1000000004,,position_lat,-105298265,,position_long,1373005004,,speed,1200,mm/s,heart_rate,110,bpm,cadence,30,rpm
Data,1,record,timestamp,1000000005,,position_lat,-105298257,,position_long,1373004884,,speed,1200,mm/s,heart_rate,110,bpm,cadence,30,rpm
Data,1,record,timestamp,1000000006,,position_lat,-105298248,,position_long,1373004765,,speed,1200,mm/s,heart_rate,110,bpm,cadence,30,rpm
Data,1,record,timestamp,1000000007,,position_lat,-105298237,,position_long,1373004646,,speed,1200,mm/s,heart_rate,110,bpm,cadence,30,rpm
Data,1,record,timestamp,1000000008,,position_lat,-105298225,,position_long,1373004527,,speed,1200,mm/s,heart_rate,110,bpm,cadence,30,rpm
Data,1,record,timestamp,1000000009,,position_lat,-105298212,,position_long,1373004407,,speed,1200,mm/s,heart_rate,110,bpm,cadence,30,rpm
Data,1,record,timestamp,1000000010,,position_lat,-105298197,,position_long,1373004288,,speed,1200,mm/s,heart_rate,110,bpm,cadence,30,rpm
Data,1,record,timestamp,1000000011,,position_lat,-105298181,,position_long,1373004169,,speed,1200,mm/s,heart_rate,110,bpm,cadence,30,rpm
Data,1,record,timestamp,1000000012,,position_lat,-105298164,,position_long,1373004049,,speed,1200,mm/s,heart_rate,110,bpm,cadence,30,rpm
Data,1,record,timestamp,1000000013,,position_lat,-105298146,,position_long,1373003930,,speed,1200,mm/s,heart_rate,110,bpm,cadence,30,rpm
Data,1,record,timestamp,1000000014,,position_lat,-105298127,,position_long,1373003811,,speed,1200,mm/s,heart_rate,110,bpm,cadence,30,rpm
Data,1,record,timestamp,1000000015,,position_lat,-105298107,,position_long,1373003691,,speed,1200,mm/s,heart_rate,110,bpm,cadence,30,rpm
Data,1,record,timestamp,1000000016,,position_lat,-105298086,,position_long,1373003572,,speed,1200,mm/s,heart_rate,110,bpm,cadence,30,rpm
Data,1,record,timestamp,1000000017,,position_lat,-105298064,,position_long,1373003453,,speed,1200,mm/s,heart_rate,110,bpm,cadence,30,rpm
Data,1,record,timestamp,1000000018,,position_lat,-105298042,,position_long,1373003334,,speed,1200,mm/s,heart_rate,110,bpm,cadence,30,rpm
Data,1,record,timestamp,1000000019,,position_lat,-105298019,,position_long,1373003214,,speed,1200,mm/s,heart_rate,110,bpm,cadence,30,rpm
Data,1,record,timestamp,1000000020,,position_lat,-105297996,,position_long,1373003095,,speed,1200,mm/s,heart_rate,110,bpm,cadence,30,rpm
Data,1,record,timestamp,1000000021,,position_lat,-105297972,,position_long,1373002976,,speed,1200,mm/s,heart_rate,110,bpm,cadence,30,rpm
Data,1,record,timestamp,1000000022,,position_lat,-105297949,,position_long,1373002856,,speed,1200,mm/s,heart_rate,110,bpm,cadence,30,rpm
Data,1,record,timestamp,1000000023,,position_lat,-105297925,,position_long,1373002737,,speed,1200,mm/s,heart_rate,110,bpm,cadence,30,rpm
Data,1,record,timestamp,1000000024,,position_lat,-105297901,,position_long,1373002618,,speed,1200,mm/s,heart_rate,110,bpm,cadence,30,rpm
Data,1,record,timestamp,1000000025,,position_lat,-105297877,,position_long,1373002498,,speed,1200,mm/s,heart_rate,110,bpm,cadence,30,rpm
Data,1,record,timestamp,1000000026,,position_lat,-105297854,,position_long,1373002379,,speed,1200,mm/s,heart_rate,110,bpm,cadence,30,rpm
Data,1,record,timestamp,1000000027,,position_lat,-105297830,,position_long,1373002260,,speed,1200,mm/s,heart_rate,110,bpm,cadence,30,rpm
Data,1,record,timestamp,1000000028,,position_lat,-105297808,,position_long,1373002140,,speed,1200,mm/s,heart_rate,110,bpm,cadence,30,rpm
Data,1,record,timestamp,1000000029,,position_lat,-105297785,,position_long,1373002021,,speed,1200,mm/s,heart_rate,110,bpm,cadence,30,rpm
Data,1,record,timestamp,1000000030,,position_lat,-105297764,,position_long,1373001902,,speed,1200,mm/s,heart_rate,110,bpm,cadence,30,rpm
Data,1,record,timestamp,1000000031,,position_lat,-105297743,,position_long,1373001783,,speed,1200,mm/s,heart_rate,110,bpm,cadence,30,rpm
Data,1,record,timestamp,1000000032,,position_lat,-105297722,,position_long,1373001663,,speed,1200,mm/s,heart_rate,110,bpm,cadence,30,rpm
Data,1,record,timestamp,1000000033,,position_lat,-105297703,,position_long,1373001544,,speed,1200,mm/s,heart_rate,110,bpm,cadence,30,rpm
Data,1,record,timestamp,1000000034,,position_lat,-105297685,,position_long,1373001425,,speed,1200,mm/s,heart_rate,110,bpm,cadence,30,rpm
Data,1,record,timestamp,1000000035,,position_lat,-105297667,,position_long,1373001305,,speed,1200,mm/s,heart_rate,110,bpm,cadence,30,rpm
Data,1,record,timestamp,1000000036,,position_lat,-105297651,,position_long,1373001186,,speed,1200,mm/s,heart_rate,110,bpm,cadence,30,rpm
Data,1,record,timestamp,1000000037,,position_lat,-105297636,,position_long,1373001067,,speed,1200,mm/s,heart_rate,110,bpm,cadence,30,rpm
Data,1,record,timestamp,1000000038,,position_lat,-105297623,,position_long,1373000947,,speed,1200,mm/s,heart_rate,110,bpm,cadence,30,rpm
Data,1,record,timestamp,1000000039,,position_lat,-105297611,,position_long,1373000828,,speed,1200,mm/s,heart_rate,110,bpm,cadence,30,rpm
Data,1,record,timestamp,1000000040,,position_lat,-105297600,,position_long,1373000709,,speed,1200,mm/s,heart_rate,110,bpm,cadence,30,rpm
Data,1,record,timestamp,1000000041,,position_lat,-105297590,,position_long,1373000590,,speed,1200,mm/s,heart_rate,110,bpm,cadence,30,rpm
Data,1,record,timestamp,1000000042,,position_lat,-105297582,,position_long,1373000470,,speed,1200,mm/s,heart_rate,110,bpm,cadence,30,rpm
Data,1,record,timestamp,1000000043,,position_lat,-105297576,,position_long,1373000351,,speed,1200,mm/s,heart_rate,110,bpm,cadence,30,rpm
Data,1,record,timestamp,1000000044,,position_lat,-105297571,,position_long,1373000232,,speed,1200,mm/s,heart_rate,110,bpm,cadence,30,rpm
Data,1,record,timestamp,1000000045,,position_lat,-105297567,,position_long,1373000112,,speed,1200,mm/s,heart_rate,110,bpm,cadence,30,rpm
Data,1,record,timestamp,1000000046,,position_lat,-105297566,,position_long,1372999993,,speed,1200,mm/s,heart_rate,110,bpm,cadence,30,rpm
Data,1,record,timestamp,1000000047,,position_lat,-105297565,,position_long,1372999874,,speed,1200,mm/s,heart_rate,110,bpm,cadence,30,rpm
Data,1,record,timestamp,1000000048,,position_lat,-105297567,,position_long,1372999754,,speed,1200,mm/s,heart_rate,110,bpm,cadence,30,rpm
Data,1,record,timestamp,1000000049,,position_lat,-105297570,,position_long,1372999635,,speed,1200,mm/s,heart_rate,110,bpm,cadence,30,rpm
Data,1,record,timestamp,1000000050,,position_lat,-105297574,,position_long,1372999516,,speed,1200,mm/s,heart_rate,110,bpm,cadence,30,rpm
Data,1,record,timestamp,1000000051,,position_lat,-105297580,,position_long,1372999396,,speed,1200,mm/s,heart_rate,110,bpm,cadence,30,rpm
Data,1,record,timestamp,1000000052,,position_lat,-105297588,,position_long,1372999277,,speed,1200,mm/s,heart_rate,110,bpm,cadence,30,rpm
Data,1,record,timestamp,1000000053,,position_lat,-105297597,,position_long,1372999158,,speed,1200,mm/s,heart_rate,110,bpm,cadence,30,rpm
Data,1,record,timestamp,1000000054,,position_lat,-105297608,,position_long,1372999039,,speed,1200,mm/s,heart_rate,110,bpm,cadence,30,rpm
Data,1,record,timestamp,1000000055,,position_lat,-105297620,,position_long,1372998919,,speed,1200,mm/s,heart_rate,110,bpm,cadence,30,rpm
Data,1,record,timestamp,1000000056,,position_lat,-105297633,,position_long,1372998800,,speed,1200,mm/s,heart_rate,110,bpm,cadence,30,rpm
Data,1,record,timestamp,1000000057,,position_lat,-105297648,,position_long,1372998681,,speed,1200,mm/s,heart_rate,110,bpm,cadence,30,rpm
Data,1,record,timestamp,1000000058,,position_lat,-105297663,,position_long,1372998561,,speed,1200,mm/s,heart_rate,110,bpm,cadence,30,rpm
Data,1,record,timestamp,1000000059,,position_lat,-105297680,,position_long,1372998442,,speed,1200,mm/s,heart_rate,110,bpm,cadence,30,rpm
Data,1,record,timestamp,1000000060,,position_lat,-105297698,,position_long,1372998323,,speed,1200,mm/s,heart_rate,110,bpm,cadence,30,rpm
Data,1,record,timestamp,1000000061,,position_lat,-105297717,,position_long,1372998203,,speed,1200,mm/s,heart_rate,110,bpm,cadence,30,rpm
Data,1,record,timestamp,1000000062,,position_lat,-105297737,,position_long,1372998084,,speed,1200,mm/s,heart_rate,110,bpm,cadence,30,rpm
Data,1,record,timestamp,1000000063,,position_lat,-105297758,,position_long,1372997965,,speed,1200,mm/s,heart_rate,110,bpm,cadence,30,rpm
Data,1,record,timestamp,1000000064,,position_lat,-105297780,,position_long,1372997846,,speed,1200,mm/s,heart_rate,110,bpm,cadence,30,rpm
Data,1,record,timestamp,1000000065,,position_lat,-105297802,,position_long,1372997726,,speed,1200,mm/s,heart_rate,110,bpm,cadence,30,rpm
Data,1,record,timestamp,1000000066,,position_lat,-105297825,,position_long,1372997607,,speed,1200,mm/s,heart_rate,110,bpm,cadence,30,rpm
Data,1,record,timestamp,1000000067,,position_lat,-105297848,,position_long,1372997488,,speed,1200,mm/s,heart_rate,110,bpm,cadence,30,rpm
Data,1,record,timestamp,1000000068,,position_lat,-105297871,,position_long,1372997368,,speed,1200,mm/s,heart_rate,110,bpm,cadence,30,rpm
Data,1,record,timestamp,1000000069,,position_lat,-105297895,,position_long,1372997249,,speed,1200,mm/s,heart_rate,110,bpm,cadence,30,rpm
Data,1,record,timestamp,1000000070,,position_lat,-105297919,,position_long,1372997130,,speed,1200,mm/s,heart_rate,110,bpm,cadence,30,rpm
Data,1,record,timestamp,1000000071,,position_lat,-105297943,,position_long,1372997010,,speed,1200,mm/s,heart_rate,110,bpm,cadence,30,rpm
Data,1,record,timestamp,1000000072,,position_lat,-105297966,,position_long,1372996891,,speed,1200,mm/s,heart_rate,110,bpm,cadence,30,rpm
Data,1,record,timestamp,1000000073,,position_lat,-105297990,,position_long,1372996772,,speed,1200,mm/s,heart_rate,110,bpm,cadence,30,rpm
Data,1,record,timestamp,1000000074,,position_lat,-105298013,,position_long,1372996652,,speed,1200,mm/s,heart_rate,110,bpm,cadence,30,rpm
Data,1,record,timestamp,1000000075,,position_lat,-105298036,,position_long,1372996533,,speed,1200,mm/s,heart_rate,110,bpm,cadence,30,rpm
Data,1,record,timestamp,1000000076,,position_lat,-105298059,,position_long,1372996414,,speed,1200,mm/s,heart_rate,110,bpm,cadence,30,rpm
Data,1,record,timestamp,1000000077,,position_lat,-105298080,,position_long,1372996295,,speed,1200,mm/s,heart_rate,110,bpm,cadence,30,rpm
Data,1,record,timestamp,1000000078,,position_lat,-105298101,,position_long,1372996175,,speed,1200,mm/s,heart_rate,110,bpm,cadence,30,rpm
Data,1,record,timestamp,1000000079,,position_lat,-105298122,,position_long,1372996056,,speed,1200,mm/s,heart_rate,110,bpm,cadence,30,rpm
Data,1,record,timestamp,1000000080,,position_lat,-105298141,,position_long,1372995937,,speed,1200,mm/s,heart_rate,110,bpm,cadence,30,rpm
Data,1,record,timestamp,1000000081,,position_lat,-105298160,,position_long,1372995817,,speed,1200,mm/s,heart_rate,110,bpm,cadence,30,rpm
Data,1,record,timestamp,1000000082,,position_lat,-105298177,,position_long,1372995698,,speed,1200,mm/s,heart_rate,110,bpm,cadence,30,rpm
Data,1,record,timestamp,1000000083,,position_lat,-105298193,,position_long,1372995579,,speed,1200,mm/s,heart_rate,110,bpm,cadence,30,rpm
Data,1,record,timestamp,1000000084,,position_lat,-105298208,,position_long,1372995459,,speed,1200,mm/s,heart_rate,110,bpm,cadence,30,rpm
Data,1,record,timestamp,1000000085,,position_lat,-105298222,,position_long,1372995340,,speed,1200,mm/s,heart_rate,110,bpm,cadence,30,rpm
Data,1,record,timestamp,1000000086,,position_lat,-105298235,,position_long,1372995221,,speed,1200,mm/s,heart_rate,110,bpm,cadence,30,rpm
Data,1,record,timestamp,1000000087,,position_lat,-105298246,,position_long,1372995102,,speed,1200,mm/s,heart_rate,110,bpm,cadence,30,rpm
Data,1,record,timestamp,1000000088,,position_lat,-105298255,,position_long,1372994982,,speed,1200,mm/s,heart_rate,110,bpm,cadence,30,rpm
Data,1,record,timestamp,1000000089,,position_lat,-105298263,,position_long,1372994863,,speed,1200,mm/s,heart_rate,110,bpm,cadence,30,rpm
Data,1,record,timestamp,1000000090,,position_lat,-105298270,,position_long,1372994744,,speed,1200,mm/s,heart_rate,110,bpm,cadence,30,rpm
Data,1,record,timestamp,1000000091,,position_lat,-105298275,,position_long,1372994624,,speed,1200,mm/s,heart_rate,110,bpm,cadence,30,rpm
Data,1,record,timestamp,1000000092,,position_lat,-105298279,,position_long,1372994505,,speed,1200,mm/s,heart_rate,110,bpm,cadence,30,rpm
Data,1,record,timestamp,1000000093,,position_lat,-105298281,,position_long,1372994386,,speed,1200,mm/s,heart_rate,110,bpm,cadence,30,rpm
Data,1,record,timestamp,1000000094,,position_lat,-105298281,,position_long,1372994266,,speed,1200,mm/s,heart_rate,110,bpm,cadence,30,rpm
Data,1,record,timestamp,1000000095,,position_lat,-105298280,,position_long,1372994147,,speed,1200,mm/s,heart_rate,110,bpm,cadence,30,rpm
Data,1,record,timestamp,1000000096,,position_lat,-105298277,,position_long,1372994028,,speed,1200,mm/s,heart_rate,110,bpm,cadence,30,rpm
Data,1,record,timestamp,1000000097,,position_lat,-105298273,,position_long,1372993908,,speed,1200,mm/s,heart_rate,110,bpm,cadence,30,rpm
Data,1,record,timestamp,1000000098,,position_lat,-105298267,,position_long,1372993789,,speed,1200,mm/s,heart_rate,110,bpm,cadence,30,rpm
Data,1,record,timestamp,1000000099,,position_lat,-105298260,,position_long,1372993670,,speed,1200,mm/s,heart_rate,110,bpm,cadence,30,rpm
Data,1,record,timestamp,1000000100,,position_lat,-105298251,,position_long,1372993551,,speed,1200,mm/s,heart_rate,110,bpm,cadence,30,rpm
Data,1,record,timestamp,1000000101,,position_lat,-105298240,,position_long,1372993431,,speed,1200,mm/s,heart_rate,110,bpm,cadence,30,rpm
Data,1,record,timestamp,1000000102,,position_lat,-105298228,,position_long,1372993312,,speed,1200,mm/s,heart_rate,110,bpm,cadence,30,rpm
Data,1,record,timestamp,1000000103,,position_lat,-105298215,,position_long,1372993193,,speed,1200,mm/s,heart_rate,110,bpm,cadence,30,rpm
Data,1,record,timestamp,1000000104,,position_lat,-105298201,,position_long,1372993073,,speed,1200,mm/s,heart_rate,110,bpm,cadence,30,rpm
Data,1,record,timestamp,1000000105,,position_lat,-105298185,,position_long,1372992954,,speed,1200,mm/s,heart_rate,110,bpm,cadence,30,rpm
Data,1,record,timestamp,1000000106,,position_lat,-105298168,,position_long,1372992835,,speed,1200,mm/s,heart_rate,110,bpm,cadence,30,rpm
Data,1,record,timestamp,1000000107,,position_lat,-105298150,,position_long,1372992715,,speed,1200,mm/s,heart_rate,110,bpm,cadence,30,rpm
Data,1,record,timestamp,1000000108,,position_lat,-105298131,,position_long,1372992596,,speed,1200,mm/s,heart_rate,110,bpm,cadence,30,rpm
Data,1,record,timestamp,1000000109,,position_lat,-105298112,,position_long,1372992477,,speed,1200,mm/s,heart_rate,110,bpm,cadence,30,rpm
Data,1,record,timestamp,1000000110,,position_lat,-105298091,,position_long,1372992357,,speed,1200,mm/s,heart_rate,110,bpm,cadence,30,rpm
Data,1,record,timestamp,1000000111,,position_lat,-105298069,,position_long,1372992238,,speed,1200,mm/s,heart_rate,110,bpm,cadence,30,rpm
Data,1,record,timestamp,1000000112,,position_lat,-105298047,,position_long,1372992119,,speed,1200,mm/s,heart_rate,110,bpm,cadence,30,rpm
Data,1,record,timestamp,1000000113,,position_lat,-105298025,,position_long,1372992000,,speed,1200,mm/s,heart_rate,110,bpm,cadence,30,rpm
Data,1,record,timestamp,1000000114,,position_lat,-105298002,,position_long,1372991880,,speed,1200,mm/s,heart_rate,110,bpm,cadence,30,rpm
Data,1,record,timestamp,1000000115,,position_lat,-105297978,,position_long,1372991761,,speed,1200,mm/s,heart_rate,110,bpm,cadence,30,rpm
Data,1,record,timestamp,1000000116,,position_lat,-105297954,,position_long,1372991642,,speed,1200,mm/s,heart_rate,110,bpm,cadence,30,rpm
Data,1,record,timestamp,1000000117,,position_lat,-105297931,,position_long,1372991522,,speed,1200,mm/s,heart_rate,110,bpm,cadence,30,rpm
Data,1,record,timestamp,1000000118,,position_lat,-105297907,,position_long,1372991403,,speed,1200,mm/s,heart_rate,110,bpm,cadence,30,rpm
Data,1,record,timestamp,1000000119,,position_lat,-105297883,,position_long,1372991284,,speed,1200,mm/s,heart_rate,110,bpm,cadence,30,rpm
Data,1,record,timestamp,1000000120,,position_lat,-105297859,,position_long,1372991164,,speed,1200,mm/s,heart_rate,110,bpm,cadence,30,rpm
Data,1,record,timestamp,1000000121,,position_lat,-105297836,,position_long,1372991045,,speed,1200,mm/s,heart_rate,110,bpm,cadence,30,rpm
Data,1,record,timestamp,1000000122,,position_lat,-105297813,,position_long,1372990926,,speed,1200,mm/s,heart_rate,110,bpm,cadence,30,rpm
Data,1,record,timestamp,1000000123,,position_lat,-105297791,,position_long,1372990807,,speed,1200,mm/s,heart_rate,110,bpm,cadence,30,rpm
Data,1,record,timestamp,1000000124,,position_lat,-105297769,,position_long,1372990687,,speed,1200,mm/s,heart_rate,110,bpm,cadence,30,rpm
Data,1,record,timestamp,1000000125,,position_lat,-105297748,,position_long,1372990568,,speed,1200,mm/s,heart_rate,110,bpm,cadence,30,rpm
Data,1,record,timestamp,1000000126,,position_lat,-105297727,,position_long,1372990449,,speed,1200,mm/s,heart_rate,110,bpm,cadence,30,rpm
Data,1,record,timestamp,1000000127,,position_lat,-105297708,,position_long,1372990329,,speed,1200,mm/s,heart_rate,110,bpm,cadence,30,rpm
Data,1,record,timestamp,1000000128,,position_lat,-105297689,,position_long,1372990210,,speed,1200,mm/s,heart_rate,110,bpm,cadence,30,rpm
Data,1,record,timestamp,1000000129,,position_lat,-105297672,,position_long,1372990091,,speed,1200,mm/s,heart_rate,110,bpm,cadence,30,rpm
Data,1,record,timestamp,1000000130,,position_lat,-105297655,,position_long,1372989971,,speed,1200,mm/s,heart_rate,110,bpm,cadence,30,rpm
Data,1,record,timestamp,1000000131,,position_lat,-105297640,,position_long,1372989852,,speed,1200,mm/s,heart_rate,110,bpm,cadence,30,rpm
Data,1,record,timestamp,1000000132,,position_lat,-105297626,,position_long,1372989733,,speed,1200,mm/s,heart_rate,110,bpm,cadence,30,rpm
Data,1,record,timestamp,1000000133,,position_lat,-105297613,,position_long,1372989613,,speed,1200,mm/s,heart_rate,110,bpm,cadence,30,rpm
Data,1,record,timestamp,1000000134,,position_lat,-105297602,,position_long,1372989494,,speed,1200,mm/s,heart_rate,110,bpm,cadence,30,rpm
Data,1,record,timestamp,1000000135,,position_lat,-105297592,,position_long,1372989375,,speed,1200,mm/s,heart_rate,110,bpm,cadence,30,rpm
Data,1,record,timestamp,1000000136,,position_lat,-105297584,,position_long,1372989256,,speed,1200,mm/s,heart_rate,110,bpm,cadence,30,rpm
Data,1,record,timestamp,1000000137,,position_lat,-105297577,,position_long,1372989136,,speed,1200,mm/s,heart_rate,110,bpm,cadence,30,rpm
Data,1,record,timestamp,1000000138,,position_lat,-105297572,,position_long,1372989017,,speed,1200,mm/s,heart_rate,110,bpm,cadence,30,rpm
Data,1,record,timestamp,1000000139,,position_lat,-105297568,,position_long,1372988898,,speed,1200,mm/s,heart_rate,110,bpm,cadence,30,rpm
Data,1,record,timestamp,1000000140,,position_lat,-105297566,,position_long,1372988778,,speed,1200,mm/s,heart_rate,110,bpm,cadence,30,rpm
Data,1,record,timestamp,1000000141,,position_lat,-105297565,,position_long,1372988659,,speed,1200,mm/s,heart_rate,110,bpm,cadence,30,rpm
Data,1,record,timestamp,1000000142,,position_lat,-105297566,,position_long,1372988540,,speed,1200,mm/s,heart_rate,110,bpm,cadence,30,rpm
Data,1,record,timestamp,1000000143,,position_lat,-105297569,,position_long,1372988420,,speed,1200,mm/s,heart_rate,110,bpm,cadence,30,rpm
Data,1,record,timestamp,1000000144,,position_lat,-105297573,,position_long,1372988301,,speed,1200,mm/s,heart_rate,110,bpm,cadence,30,rpm
Data,1,record,timestamp,1000000145,,position_lat,-105297579,,position_long,1372988182,,speed,1200,mm/s,heart_rate,110,bpm,cadence,30,rpm
Data,1,record,timestamp,1000000146,,position_lat,-105297586,,position_long,1372988063,,speed,1200,mm/s,heart_rate,110,bpm,cadence,30,rpm
Data,1,record,timestamp,1000000147,,position_lat,-105297595,,position_long,1372987943,,speed,1200,mm/s,heart_rate,110,bpm,cadence,30,rpm
Data,1,record,timestamp,1000000148,,position_lat,-105297605,,position_long,1372987824,,speed,1200,mm/s,heart_rate,110,bpm,cadence,30,rpm
Data,1,record,timestamp,1000000149,,position_lat,-105297617,,position_long,1372987705,,speed,1200,mm/s,heart_rate,110,bpm,cadence,30,rpm
Data,1,record,timestamp,1000000150,,position_lat,-105297630,,position_long,1372987585,,speed,1200,mm/s,heart_rate,110,bpm,cadence,30,rpm
Data,1,record,timestamp,1000000151,,position_lat,-105297644,,position_long,1372987466,,speed,1200,mm/s,heart_rate,110,bpm,cadence,30,rpm
Data,1,record,timestamp,1000000152,,position_lat,-105297659,,position_long,1372987347,,speed,1200,mm/s,heart_rate,110,bpm,cadence,30,rpm
Data,1,record,timestamp,1000000153,,position_lat,-105297676,,position_long,1372987227,,speed,1200,mm/s,heart_rate,110,bpm,cadence,30,rpm
Data,1,record,timestamp,1000000154,,position_lat,-105297694,,position_long,1372987108,,speed,1200,mm/s,heart_rate,110,bpm,cadence,30,rpm
Data,1,record,timestamp,1000000155,,position_lat,-105297713,,position_long,1372986989,,speed,1200,mm/s,heart_rate,110,bpm,cadence,30,rpm
Data,1,record,timestamp,1000000156,,position_lat,-105297732,,position_long,1372986869,,speed,1200,mm/s,heart_rate,110,bpm,cadence,30,rpm
Data,1,record,timestamp,1000000157,,position_lat,-105297753,,position_long,1372986750,,speed,1200,mm/s,heart_rate,110,bpm,cadence,30,rpm
Data,1,record,timestamp,1000000158,,position_lat,-105297774,,position_long,1372986631,,speed,1200,mm/s,heart_rate,110,bpm,cadence,30,rpm
Data,1,record,timestamp,1000000159,,position_lat,-105297796,,position_long,1372986512,,speed,1200,mm/s,heart_rate,110,bpm,cadence,30,rpm
Data,1,record,timestamp,1000000160,,position_lat,-105297819,,position_long,1372986392,,speed,1200,mm/s,heart_rate,110,bpm,cadence,30,rpm
Data,1,record,timestamp,1000000161,,position_lat,-105297842,,position_long,1372986273,,speed,1200,mm/s,heart_rate,110,bpm,cadence,30,rpm
Data,1,record,timestamp,1000000162,,position_lat,-105297865,,position_long,1372986154,,speed,1200,mm/s,heart_rate,110,bpm,cadence,30,rpm
Data,1,record,timestamp,1000000163,,position_lat,-105297889,,position_long,1372986034,,speed,1200,mm/s,heart_rate,110,bpm,cadence,30,rpm
Data,1,record,timestamp,1000000164,,position_lat,-105297913,,position_long,1372985915,,speed,1200,mm/s,heart_rate,110,bpm,cadence,30,rpm
Data,1,record,timestamp,1000000165,,position_lat,-105297937,,position_long,1372985796,,speed,1200,mm/s,heart_rate,110,bpm,cadence,30,rpm
Data,1,record,timestamp,1000000166,,position_lat,-105297961,,position_long,1372985676,,speed,1200,mm/s,heart_rate,110,bpm,cadence,30,rpm
Data,1,record,timestamp,1000000167,,position_lat,-105297984,,position_long,1372985557,,speed,1200,mm/s,heart_rate,110,bpm,cadence,30,rpm
Data,1,record,timestamp,1000000168,,position_lat,-105298008,,position_long,1372985438,,speed,1200,mm/s,heart_rate,110,bpm,cadence,30,rpm
Data,1,record,timestamp,1000000169,,position_lat,-105298031,,position_long,1372985319,,speed,1200,mm/s,heart_rate,110,bpm,cadence,30,rpm
Data,1,record,timestamp,1000000170,,position_lat,-105298053,,position_long,1372985199,,speed,1200,mm/s,heart_rate,110,bpm,cadence,30,rpm
Data,1,record,timestamp,1000000171,,position_lat,-105298075,,position_long,1372985080,,speed,1200,mm/s,heart_rate,110,bpm,cadence,30,rpm
Data,1,record,timestamp,1000000172,,position_lat,-105298096,,position_long,1372984961,,speed,1200,mm/s,heart_rate,110,bpm,cadence,30,rpm
Data,1,record,timestamp,1000000173,,position_lat,-105298117,,position_long,1372984841,,speed,1200,mm/s,heart_rate,110,bpm,cadence,30,rpm
Data,1,record,timestamp,1000000174,,position_lat,-105298136,,position_long,1372984722,,speed,1200,mm/s,heart_rate,110,bpm,cadence,30,rpm
Data,1,record,timestamp,1000000175,,position_lat,-105298155,,position_long,1372984603,,speed,1200,mm/s,heart_rate,110,bpm,cadence,30,rpm
Data,1,record,timestamp,1000000176,,position_lat,-105298173,,position_long,1372984483,,speed,1200,mm/s,heart_rate,110,bpm,cadence,30,rpm
Data,1,record,timestamp,1000000177,,position_lat,-105298189,,position_long,1372984364,,speed,1200,mm/s,heart_rate,110,bpm,cadence,30,rpm
Data,1,record,timestamp,1000000178,,position_lat,-105298205,,position_long,1372984245,,speed,1200,mm/s,heart_rate,110,bpm,cadence,30,rpm
Data,1,record,timestamp,1000000179,,position_lat,-105298219,,position_long,1372984125,,speed,1200,mm/s,heart_rate,110,bpm,cadence,30,rpm
Data,1,record,timestamp,1000000180,,position_lat,-105298219,,position_long,1372984149,,speed,100,mm/s,heart_rate,95,bpm,cadence,0,rpm
Data,1,record,timestamp,1000000181,,position_lat,-105298216,,position_long,1372984173,,speed,100,mm/s,heart_rate,95,bpm,cadence,0,rpm
Data,1,record,timestamp,1000000182,,position_lat,-105298212,,position_long,1372984196,,speed,100,mm/s,heart_rate,95,bpm,cadence,0,rpm
Data,1,record,timestamp,1000000183,,position_lat,-105298205,,position_long,1372984219,,speed,100,mm/s,heart_rate,95,bpm,cadence,0,rpm
Data,1,record,timestamp,1000000184,,position_lat,-105298195,,position_long,1372984241,,speed,100,mm/s,heart_rate,95,bpm,cadence,0,rpm
Data,1,record,timestamp,1000000185,,position_lat,-105298184,,position_long,1372984262,,speed,100,mm/s,heart_rate,95,bpm,cadence,0,rpm
Data,1,record,timestamp,1000000186,,position_lat,-105298170,,position_long,1372984282,,speed,100,mm/s,heart_rate,95,bpm,cadence,0,rpm
Data,1,record,timestamp,1000000187,,position_lat,-105298155,,position_long,1372984300,,speed,100,mm/s,heart_rate,95,bpm,cadence,0,rpm
Data,1,record,timestamp,1000000188,,position_lat,-105298138,,position_long,1372984317,,speed,100,mm/s,heart_rate,95,bpm,cadence,0,rpm
Data,1,record,timestamp,1000000189,,position_lat,-105298119,,position_long,1372984332,,speed,100,mm/s,heart_rate,95,bpm,cadence,0,rpm
Data,1,record,timestamp,1000000190,,position_lat,-105298099,,position_long,1372984344,,speed,100,mm/s,heart_rate,95,bpm,cadence,0,rpm
Data,1,record,timestamp,1000000191,,position_lat,-105298078,,position_long,1372984355,,speed,100,mm/s,heart_rate,95,bpm,cadence,0,rpm
Data,1,record,timestamp,1000000192,,position_lat,-105298056,,position_long,1372984364,,speed,100,mm/s,heart_rate,95,bpm,cadence,0,rpm
Data,1,record,timestamp,1000000193,,position_lat,-105298033,,position_long,1372984370,,speed,100,mm/s,heart_rate,95,bpm,cadence,0,rpm
Data,1,record,timestamp,1000000194,,position_lat,-105298009,,position_long,1372984374,,speed,100,mm/s,heart_rate,95,bpm,cadence,0,rpm
Data,1,record,timestamp,1000000195,,position_lat,-105297985,,position_long,1372984376,,speed,100,mm/s,heart_rate,95,bpm,cadence,0,rpm
Data,1,record,timestamp,1000000196,,position_lat,-105297961,,position_long,1372984375,,speed,100,mm/s,heart_rate,95,bpm,cadence,0,rpm
Data,1,record,timestamp,1000000197,,position_lat,-105297938,,position_long,1372984372,,speed,100,mm/s,heart_rate,95,bpm,cadence,0,rpm
Data,1,record,timestamp,1000000198,,position_lat,-105297915,,position_long,1372984367,,speed,100,mm/s,heart_rate,95,bpm,cadence,0,rpm
Data,1,record,timestamp,1000000199,,position_lat,-105297892,,position_long,1372984359,,speed,100,mm/s,heart_rate,95,bpm,cadence,0,rpm
Data,1,record,timestamp,1000000200,,position_lat,-105297870,,position_long,1372984349,,speed,100,mm/s,heart_rate,95,bpm,cadence,0,rpm
Data,1,record,timestamp,1000000201,,position_lat,-105297850,,position_long,1372984337,,speed,100,mm/s,heart_rate,95,bpm,cadence,0,rpm
Data,1,record,timestamp,1000000202,,position_lat,-105297830,,position_long,1372984323,,speed,100,mm/s,heart_rate,95,bpm,cadence,0,rpm
Data,1,record,timestamp,1000000203,,position_lat,-105297813,,position_long,1372984307,,speed,100,mm/s,heart_rate,95,bpm,cadence,0,rpm
Data,1,record,timestamp,1000000204,,position_lat,-105297797,,position_long,1372984290,,speed,100,mm/s,heart_rate,95,bpm,cadence,0,rpm
Data,1,record,timestamp,1000000205,,position_lat,-105297782,,position_long,1372984271,,speed,100,mm/s,heart_rate,95,bpm,cadence,0,rpm
Data,1,record,timestamp,1000000206,,position_lat,-105297770,,position_long,1372984250,,speed,100,mm/s,heart_rate,95,bpm,cadence,0,rpm
Data,1,record,timestamp,1000000207,,position_lat,-105297760,,position_long,1372984229,,speed,100,mm/s,heart_rate,95,bpm,cadence,0,rpm
Data,1,record,timestamp,1000000208,,position_lat,-105297752,,position_long,1372984206,,speed,100,mm/s,heart_rate,95,bpm,cadence,0,rpm
Data,1,record,timestamp,1000000209,,position_lat,-105297746,,position_long,1372984183,,speed,100,mm/s,heart_rate,95,bpm,cadence,0,rpm
Data,1,record,timestamp,1000000210,,position_lat,-105297743,,position_long,1372984159,,speed,100,mm/s,heart_rate,95,bpm,cadence,0,rpm
Data,1,record,timestamp,1000000211,,position_lat,-105297742,,position_long,1372984135,,speed,100,mm/s,heart_rate,95,bpm,cadence,0,rpm
Data,1,record,timestamp,1000000212,,position_lat,-105297743,,position_long,1372984112,,speed,100,mm/s,heart_rate,95,bpm,cadence,0,rpm
Data,1,record,timestamp,1000000213,,position_lat,-105297747,,position_long,1372984088,,speed,100,mm/s,heart_rate,95,bpm,cadence,0,rpm
Data,1,record,timestamp,1000000214,,position_lat,-105297753,,position_long,1372984065,,speed,100,mm/s,heart_rate,95,bpm,cadence,0,rpm
Data,1,record,timestamp,1000000215,,position_lat,-105297761,,position_long,1372984043,,speed,100,mm/s,heart_rate,95,bpm,cadence,0,rpm
Data,1,record,timestamp,1000000216,,position_lat,-105297772,,position_long,1372984021,,speed,100,mm/s,heart_rate,95,bpm,cadence,0,rpm
Data,1,record,timestamp,1000000217,,position_lat,-105297784,,position_long,1372984001,,speed,100,mm/s,heart_rate,95,bpm,cadence,0,rpm
Data,1,record,timestamp,1000000218,,position_lat,-105297799,,position_long,1372983982,,speed,100,mm/s,heart_rate,95,bpm,cadence,0,rpm
Data,1,record,timestamp,1000000219,,position_lat,-105297815,,position_long,1372983965,,speed,100,mm/s,heart_rate,95,bpm,cadence,0,rpm
Data,1,record,timestamp,1000000220,,position_lat,-105297834,,position_long,1372983949,,speed,100,mm/s,heart_rate,95,bpm,cadence,0,rpm
Data,1,record,timestamp,1000000221,,position_lat,-105297853,,position_long,1372983935,,speed,100,mm/s,heart_rate,95,bpm,cadence,0,rpm
Data,1,record,timestamp,1000000222,,position_lat,-105297874,,position_long,1372983924,,speed,100,mm/s,heart_rate,95,bpm,cadence,0,rpm
Data,1,record,timestamp,1000000223,,position_lat,-105297896,,position_long,1372983914,,speed,100,mm/s,heart_rate,95,bpm,cadence,0,rpm
Data,1,record,timestamp,1000000224,,position_lat,-105297918,,position_long,1372983907,,speed,100,mm/s,heart_rate,95,bpm,cadence,0,rpm
Data,1,record,timestamp,1000000225,,position_lat,-105297942,,position_long,1372983902,,speed,100,mm/s,heart_rate,95,bpm,cadence,0,rpm
Data,1,record,timestamp,1000000226,,position_lat,-105297965,,position_long,1372983899,,speed,100,mm/s,heart_rate,95,bpm,cadence,0,rpm
Data,1,record,timestamp,1000000227,,position_lat,-105297989,,position_long,1372983899,,speed,100,mm/s,heart_rate,95,bpm,cadence,0,rpm
Data,1,record,timestamp,1000000228,,position_lat,-105298013,,position_long,1372983901,,speed,100,mm/s,heart_rate,95,bpm,cadence,0,rpm
Data,1,record,timestamp,1000000229,,position_lat,-105298037,,position_long,1372983905,,speed,100,mm/s,heart_rate,95,bpm,cadence,0,rpm
Data,1,record,timestamp,1000000230,,position_lat,-105298059,,position_long,1372983912,,speed,100,mm/s,heart_rate,95,bpm,cadence,0,rpm
Data,1,record,timestamp,1000000231,,position_lat,-105298082,,position_long,1372983921,,speed,100,mm/s,heart_rate,95,bpm,cadence,0,rpm
Data,1,record,timestamp,1000000232,,position_lat,-105298103,,position_long,1372983932,,speed,100,mm/s,heart_rate,95,bpm,cadence,0,rpm
Data,1,record,timestamp,1000000233,,position_lat,-105298122,,position_long,1372983946,,speed,100,mm/s,heart_rate,95,bpm,cadence,0,rpm
Data,1,record,timestamp,1000000234,,position_lat,-105298141,,position_long,1372983961,,speed,100,mm/s,heart_rate,95,bpm,cadence,0,rpm
Data,1,record,timestamp,1000000235,,position_lat,-105298158,,position_long,1372983978,,speed,100,mm/s,heart_rate,95,bpm,cadence,0,rpm
Data,1,record,timestamp,1000000236,,position_lat,-105298173,,position_long,1372983996,,speed,100,mm/s,heart_rate,95,bpm,cadence,0,rpm
Data,1,record,timestamp,1000000237,,position_lat,-105298186,,position_long,1372984016,,speed,100,mm/s,heart_rate,95,bpm,cadence,0,rpm
Data,1,record,timestamp,1000000238,,position_lat,-105298197,,position_long,1372984037,,speed,100,mm/s,heart_rate,95,bpm,cadence,0,rpm
Data,1,record,timestamp,1000000239,,position_lat,-105298206,,position_long,1372984059,,speed,100,mm/s,heart_rate,95,bpm,cadence,0,rpm
Data,1,record,timestamp,1000000240,,position_lat,-105298213,,position_long,1372984082,,speed,100,mm/s,heart_rate,95,bpm,cadence,0,rpm
Data,1,record,timestamp,1000000241,,position_lat,-105298217,,position_long,1372984106,,speed,100,mm/s,heart_rate,95,bpm,cadence,0,rpm
Data,1,record,timestamp,1000000242,,position_lat,-105298219,,position_long,1372984129,,speed,100,mm/s,heart_rate,95,bpm,cadence,0,rpm
Data,1,record,timestamp,1000000243,,position_lat,-105298219,,position_long,1372984153,,speed,100,mm/s,heart_rate,95,bpm,cadence,0,rpm
Data,1,record,timestamp,1000000244,,position_lat,-105298216,,position_long,1372984177,,speed,100,mm/s,heart_rate,95,bpm,cadence,0,rpm
Data,1,record,timestamp,1000000245,,position_lat,-105298211,,position_long,1372984200,,speed,100,mm/s,heart_rate,95,bpm,cadence,0,rpm
Data,1,record,timestamp,1000000246,,position_lat,-105298203,,position_long,1372984223,,speed,100,mm/s,heart_rate,95,bpm,cadence,0,rpm
Data,1,record,timestamp,1000000247,,position_lat,-105298194,,position_long,1372984245,,speed,100,mm/s,heart_rate,95,bpm,cadence,0,rpm
Data,1,record,timestamp,1000000248,,position_lat,-105298182,,position_long,1372984266,,speed,100,mm/s,heart_rate,95,bpm,cadence,0,rpm
Data,1,record,timestamp,1000000249,,position_lat,-105298168,,position_long,1372984285,,speed,100,mm/s,heart_rate,95,bpm,cadence,0,rpm
Data,1,record,timestamp,1000000250,,position_lat,-105297905,,position_long,1372985335,,speed,9350,mm/s,heart_rate,155,bpm,cadence,0,rpm
Data,1,record,timestamp,1000000251,,position_lat,-105297643,,position_long,1372986385,,speed,9350,mm/s,heart_rate,155,bpm,cadence,0,rpm
Data,1,record,timestamp,1000000252,,position_lat,-105297381,,position_long,1372987435,,speed,9350,mm/s,heart_rate,155,bpm,cadence,0,rpm
Data,1,record,timestamp,1000000253,,position_lat,-105297118,,position_long,1372988485,,speed,9350,mm/s,heart_rate,155,bpm,cadence,0,rpm
Data,1,record,timestamp,1000000254,,position_lat,-105296856,,position_long,1372989534,,speed,9350,mm/s,heart_rate,155,bpm,cadence,0,rpm
Data,1,record,timestamp,1000000255,,position_lat,-105296593,,position_long,1372990584,,speed,9350,mm/s,heart_rate,155,bpm,cadence,0,rpm
Data,1,record,timestamp,1000000256,,position_lat,-105296331,,position_long,1372991634,,speed,9350,mm/s,heart_rate,155,bpm,cadence,0,rpm
Data,1,record,timestamp,1000000257,,position_lat,-105296068,,position_long,1372992684,,speed,9350,mm/s,heart_rate,155,bpm,cadence,0,rpm
Data,1,record,timestamp,1000000258,,position_lat,-105295806,,position_long,1372993734,,speed,9350,mm/s,heart_rate,155,bpm,cadence,0,rpm
Data,1,record,timestamp,1000000259,,position_lat,-105295543,,position_long,1372994784,,speed,9350,mm/s,heart_rate,155,bpm,cadence,0,rpm
Data,1,record,timestamp,1000000260,,position_lat,-105295281,,position_long,1372995834,,speed,9350,mm/s,heart_rate,155,bpm,cadence,0,rpm
Data,1,record,timestamp,1000000261,,position_lat,-105295018,,position_long,1372996884,,speed,9350,mm/s,heart_rate,155,bpm,cadence,0,rpm
Data,1,record,timestamp,1000000262,,position_lat,-105294756,,position_long,1372997933,,speed,9350,mm/s,heart_rate,155,bpm,cadence,0,rpm
Data,1,record,timestamp,1000000263,,position_lat,-105294493,,position_long,1372998983,,speed,9350,mm/s,heart_rate,155,bpm,cadence,0,rpm
Data,1,record,timestamp,1000000264,,position_lat,-105294231,,position_long,1373000033,,speed,9350,mm/s,heart_rate,155,bpm,cadence,0,rpm
Data,1,record,timestamp,1000000265,,position_lat,-105293968,,position_long,1373001083,,speed,9350,mm/s,heart_rate,155,bpm,cadence,0,rpm
Data,1,record,timestamp,1000000266,,position_lat,-105293706,,position_long,1373002133,,speed,9350,mm/s,heart_rate,155,bpm,cadence,0,rpm
Data,1,record,timestamp,1000000267,,position_lat,-105293443,,position_long,1373003183,,speed,9350,mm/s,heart_rate,155,bpm,cadence,0,rpm
Data,1,record,timestamp,1000000268,,position_lat,-105293181,,position_long,1373004233,,speed,9350,mm/s,heart_rate,155,bpm,cadence,0,rpm
Data,1,record,timestamp,1000000269,,position_lat,-105292919,,position_long,1373005283,,speed,9350,mm/s,heart_rate,155,bpm,cadence,0,rpm
Data,1,record,timestamp,1000000270,,position_lat,-105292656,,position_long,1373006333,,speed,9350,mm/s,heart_rate,155,bpm,cadence,0,rpm
Data,1,record,timestamp,1000000271,,position_lat,-105292394,,position_long,1373007382,,speed,9350,mm/s,heart_rate,155,bpm,cadence,0,rpm
Data,1,record,timestamp,1000000272,,position_lat,-105292131,,position_long,1373008432,,speed,9350,mm/s,heart_rate,155,bpm,cadence,0,rpm
Data,1,record,timestamp,1000000273,,position_lat,-105291869,,position_long,1373009482,,speed,9350,mm/s,heart_rate,155,bpm,cadence,0,rpm
Data,1,record,timestamp,1000000274,,position_lat,-105291606,,position_long,1373010532,,speed,9350,mm/s,heart_rate,155,bpm,cadence,0,rpm
Data,1,record,timestamp,1000000275,,position_lat,-105291344,,position_long,1373011582,,speed,9350,mm/s,heart_rate,155,bpm,cadence,0,rpm
Data,1,record,timestamp,1000000276,,position_lat,-105291081,,position_long,1373012632,,speed,9350,mm/s,heart_rate,155,bpm,cadence,0,rpm
Data,1,record,timestamp,1000000277,,position_lat,-105290819,,position_long,1373013682,,speed,9350,mm/s,heart_rate,155,bpm,cadence,0,rpm
Data,1,record,timestamp,1000000278,,position_lat,-105290556,,position_long,1373014732,,speed,9350,mm/s,heart_rate,155,bpm,cadence,0,rpm
Data,1,record,timestamp,1000000279,,position_lat,-105290294,,position_long,1373015781,,speed,9350,mm/s,heart_rate,155,bpm,cadence,0,rpm
Data,1,record,timestamp,1000000280,,position_lat,-105290031,,position_long,1373016831,,speed,9350,mm/s,heart_rate,155,bpm,cadence,0,rpm
Data,1,record,timestamp,1000000281,,position_lat,-105289769,,position_long,1373017881,,speed,9350,mm/s,heart_rate,155,bpm,cadence,0,rpm
Data,1,record,timestamp,1000000282,,position_lat,-105289506,,position_long,1373018931,,speed,9350,mm/s,heart_rate,155,bpm,cadence,0,rpm
Data,1,record,timestamp,1000000283,,position_lat,-105289244,,position_long,1373019981,,speed,9350,mm/s,heart_rate,155,bpm,cadence,0,rpm
Data,1,record,timestamp,1000000284,,position_lat,-105288981,,position_long,1373021031,,speed,9350,mm/s,heart_rate,155,bpm,cadence,0,rpm
Data,1,record,timestamp,1000000285,,position_lat,-105289101,,position_long,1373020940,,speed,1500,mm/s,heart_rate,135,bpm,cadence,35,rpm
Data,1,record,timestamp,1000000286,,position_lat,-105289205,,position_long,1373020849,,speed,1500,mm/s,heart_rate,135,bpm,cadence,35,rpm
Data,1,record,timestamp,1000000287,,position_lat,-105289295,,position_long,1373020759,,speed,1500,mm/s,heart_rate,135,bpm,cadence,35,rpm
Data,1,record,timestamp,1000000288,,position_lat,-105289370,,position_long,1373020668,,speed,1500,mm/s,heart_rate,135,bpm,cadence,35,rpm
Data,1,record,timestamp,1000000289,,position_lat,-105289431,,position_long,1373020577,,speed,1500,mm/s,heart_rate,135,bpm,cadence,35,rpm
Data,1,record,timestamp,1000000290,,position_lat,-105289477,,position_long,1373020486,,speed,1500,mm/s,heart_rate,135,bpm,cadence,35,rpm
Data,1,record,timestamp,1000000291,,position_lat,-105289511,,position_long,1373020396,,speed,1500,mm/s,heart_rate,135,bpm,cadence,35,rpm
Data,1,record,timestamp,1000000292,,position_lat,-105289532,,position_long,1373020305,,speed,1500,mm/s,heart_rate,135,bpm,cadence,35,rpm
Data,1,record,timestamp,1000000293,,position_lat,-105289540,,position_long,1373020214,,speed,1500,mm/s,heart_rate,135,bpm,cadence,35,rpm
Data,1,record,timestamp,1000000294,,position_lat,-105289538,,position_long,1373020123,,speed,1500,mm/s,heart_rate,135,bpm,cadence,35,rpm
Data,1,record,timestamp,1000000295,,position_lat,-105289525,,position_long,1373020032,,speed,1500,mm/s,heart_rate,135,bpm,cadence,35,rpm
Data,1,record,timestamp,1000000296,,position_lat,-105289502,,position_long,1373019942,,speed,1500,mm/s,heart_rate,135,bpm,cadence,35,rpm
Data,1,record,timestamp,1000000297,,position_lat,-105289471,,position_long,1373019851,,speed,1500,mm/s,heart_rate,135,bpm,cadence,35,rpm
Data,1,record,timestamp,1000000298,,position_lat,-105289432,,position_long,1373019760,,speed,1500,mm/s,heart_rate,135,bpm,cadence,35,rpm
Data,1,record,timestamp,1000000299,,position_lat,-105289386,,position_long,1373019669,,speed,1500,mm/s,heart_rate,135,bpm,cadence,35,rpm
Data,1,record,timestamp,1000000300,,position_lat,-105289336,,position_long,1373019579,,speed,1500,mm/s,heart_rate,135,bpm,cadence,35,rpm
Data,1,record,timestamp,1000000301,,position_lat,-105289281,,position_long,1373019488,,speed,1500,mm/s,heart_rate,135,bpm,cadence,35,rpm
Data,1,record,timestamp,1000000302,,position_lat,-105289224,,position_long,1373019397,,speed,1500,mm/s,heart_rate,135,bpm,cadence,35,rpm
Data,1,record,timestamp,1000000303,,position_lat,-105289165,,position_long,1373019306,,speed,1500,mm/s,heart_rate,135,bpm,cadence,35,rpm
Data,1,record,timestamp,1000000304,,position_lat,-105289105,,position_long,1373019216,,speed,1500,mm/s,heart_rate,135,bpm,cadence,35,rpm
Data,1,record,timestamp,1000000305,,position_lat,-105289046,,position_long,1373019125,,speed,1500,mm/s,heart_rate,135,bpm,cadence,35,rpm
Data,1,record,timestamp,1000000306,,position_lat,-105288989,,position_long,1373019034,,speed,1500,mm/s,heart_rate,135,bpm,cadence,35,rpm
Data,1,record,timestamp,1000000307,,position_lat,-105288936,,position_long,1373018943,,speed,1500,mm/s,heart_rate,135,bpm,cadence,35,rpm
Data,1,record,timestamp,1000000308,,position_lat,-105288887,,position_long,1373018852,,speed,1500,mm/s,heart_rate,135,bpm,cadence,35,rpm
Data,1,record,timestamp,1000000309,,position_lat,-105288843,,position_long,1373018762,,speed,1500,mm/s,heart_rate,135,bpm,cadence,35,rpm
Data,1,record,timestamp,1000000310,,position_lat,-105288807,,position_long,1373018671,,speed,1500,mm/s,heart_rate,135,bpm,cadence,35,rpm
Data,1,record,timestamp,1000000311,,position_lat,-105288778,,position_long,1373018580,,speed,1500,mm/s,heart_rate,135,bpm,cadence,35,rpm
Data,1,record,timestamp,1000000312,,position_lat,-105288758,,position_long,1373018489,,speed,1500,mm/s,heart_rate,135,bpm,cadence,35,rpm
Data,1,record,timestamp,1000000313,,position_lat,-105288748,,position_long,1373018399,,speed,1500,mm/s,heart_rate,135,bpm,cadence,35,rpm
Data,1,record,timestamp,1000000314,,position_lat,-105288748,,position_long,1373018308,,speed,1500,mm/s,heart_rate,135,bpm,cadence,35,rpm
Data,1,record,timestamp,1000000315,,position_lat,-105288761,,position_long,1373018217,,speed,1500,mm/s,heart_rate,135,bpm,cadence,35,rpm
Data,1,record,timestamp,1000000316,,position_lat,-105288785,,position_long,1373018126,,speed,1500,mm/s,heart_rate,135,bpm,cadence,35,rpm
Data,1,record,timestamp,1000000317,,position_lat,-105288823,,position_long,1373018036,,speed,1500,mm/s,heart_rate,135,bpm,cadence,35,rpm
Data,1,record,timestamp,1000000318,,position_lat,-105288874,,position_long,1373017945,,speed,1500,mm/s,heart_rate,135,bpm,cadence,35,rpm
Data,1,record,timestamp,1000000319,,position_lat,-105288939,,position_long,1373017854,,speed,1500,mm/s,heart_rate,135,bpm,cadence,35,rpm
Data,1,record,timestamp,1000000320,,position_lat,-105289018,,position_long,1373017763,,speed,1500,mm/s,heart_rate,135,bpm,cadence,35,rpm
Data,1,record,timestamp,1000000321,,position_lat,-105289112,,position_long,1373017672,,speed,1500,mm/s,heart_rate,135,bpm,cadence,35,rpm
Data,1,record,timestamp,1000000322,,position_lat,-105289221,,position_long,1373017582,,speed,1500,mm/s,heart_rate,135,bpm,cadence,35,rpm
Data,1,record,timestamp,1000000323,,position_lat,-105289345,,position_long,1373017491,,speed,1500,mm/s,heart_rate,135,bpm,cadence,35,rpm
Data,1,record,timestamp,1000000324,,position_lat,-105289483,,position_long,1373017400,,speed,1500,mm/s,heart_rate,135,bpm,cadence,35,rpm
Data,1,record,timestamp,1000000325,,position_lat,-105289637,,position_long,1373017309,,speed,1500,mm/s,heart_rate,135,bpm,cadence,35,rpm
Data,1,record,timestamp,1000000326,,position_lat,-105289805,,position_long,1373017219,,speed,1500,mm/s,heart_rate,135,bpm,cadence,35,rpm
Data,1,record,timestamp,1000000327,,position_lat,-105289987,,position_long,1373017128,,speed,1500,mm/s,heart_rate,135,bpm,cadence,35,rpm
Data,1,record,timestamp,1000000328,,position_lat,-105290183,,position_long,1373017037,,speed,1500,mm/s,heart_rate,135,bpm,cadence,35,rpm
Data,1,record,timestamp,1000000329,,position_lat,-105290392,,position_long,1373016946,,speed,1500,mm/s,heart_rate,135,bpm,cadence,35,rpm
Data,1,record,timestamp,1000000330,,position_lat,-105290613,,position_long,1373016856,,speed,1500,mm/s,heart_rate,135,bpm,cadence,35,rpm
Data,1,record,timestamp,1000000331,,position_lat,-105290847,,position_long,1373016765,,speed,1500,mm/s,heart_rate,135,bpm,cadence,35,rpm
Data,1,record,timestamp,1000000332,,position_lat,-105291091,,position_long,1373016674,,speed,1500,mm/s,heart_rate,135,bpm,cadence,35,rpm
Data,1,record,timestamp,1000000333,,position_lat,-105291346,,position_long,1373016583,,speed,1500,mm/s,heart_rate,135,bpm,cadence,35,rpm
Data,1,record,timestamp,1000000334,,position_lat,-105291610,,position_long,1373016492,,speed,1500,mm/s,heart_rate,135,bpm,cadence,35,rpm
Data,1,record,timestamp,1000000335,,position_lat,-105291882,,position_long,1373016402,,speed,1500,mm/s,heart_rate,135,bpm,cadence,35,rpm
Data,1,record,timestamp,1000000336,,position_lat,-105292162,,position_long,1373016311,,speed,1500,mm/s,heart_rate,135,bpm,cadence,35,rpm
Data,1,record,timestamp,1000000337,,position_lat,-105292447,,position_long,1373016220,,speed,1500,mm/s,heart_rate,135,bpm,cadence,35,rpm
Data,1,record,timestamp,1000000338,,position_lat,-105292738,,position_long,1373016129,,speed,1500,mm/s,heart_rate,135,bpm,cadence,35,rpm
Data,1,record,timestamp,1000000339,,position_lat,-105293032,,position_long,1373016039,,speed,1500,mm/s,heart_rate,135,bpm,cadence,35,rpm
Data,1,record,timestamp,1000000340,,position_lat,-105293329,,position_long,1373015948,,speed,1500,mm/s,heart_rate,135,bpm,cadence,35,rpm
Data,1,record,timestamp,1000000341,,position_lat,-105293627,,position_long,1373015857,,speed,1500,mm/s,heart_rate,135,bpm,cadence,35,rpm
Data,1,record,timestamp,1000000342,,position_lat,-105293925,,position_long,1373015766,,speed,1500,mm/s,heart_rate,135,bpm,cadence,35,rpm
Data,1,record,timestamp,1000000343,,position_lat,-105294222,,position_long,1373015676,,speed,1500,mm/s,heart_rate,135,bpm,cadence,35,rpm
Data,1,record,timestamp,1000000344,,position_lat,-105294517,,position_long,1373015585,,speed,1500,mm/s,heart_rate,135,bpm,cadence,35,rpm
Data,1,record,timestamp,1000000345,,position_lat,-105294807,,position_long,1373015494,,speed,1500,mm/s,heart_rate,135,bpm,cadence,35,rpm
Data,1,record,timestamp,1000000346,,position_lat,-105295094,,position_long,1373015403,,speed,1500,mm/s,heart_rate,135,bpm,cadence,35,rpm
Data,1,record,timestamp,1000000347,,position_lat,-105295374,,position_long,1373015312,,speed,1500,mm/s,heart_rate,135,bpm,cadence,35,rpm
Data,1,record,timestamp,1000000348,,position_lat,-105295647,,position_long,1373015222,,speed,1500,mm/s,heart_rate,135,bpm,cadence,35,rpm
Data,1,record,timestamp,1000000349,,position_lat,-105295912,,position_long,1373015131,,speed,1500,mm/s,heart_rate,135,bpm,cadence,35,rpm
Data,1,record,timestamp,1000000350,,position_lat,-105296167,,position_long,1373015040,,speed,1500,mm/s,heart_rate,135,bpm,cadence,35,rpm
Data,1,record,timestamp,1000000351,,position_lat,-105296413,,position_long,1373014949,,speed,1500,mm/s,heart_rate,135,bpm,cadence,35,rpm
Data,1,record,timestamp,1000000352,,position_lat,-105296647,,position_long,1373014859,,speed,1500,mm/s,heart_rate,135,bpm,cadence,35,rpm
Data,1,record,timestamp,1000000353,,position_lat,-105296870,,position_long,1373014768,,speed,1500,mm/s,heart_rate,135,bpm,cadence,35,rpm
Data,1,record,timestamp,1000000354,,position_lat,-105297080,,position_long,1373014677,,speed,1500,mm/s,heart_rate,135,bpm,cadence,35,rpm
Data,1,record,timestamp,1000000355,,position_lat,-105297277,,position_long,1373014586,,speed,1500,mm/s,heart_rate,135,bpm,cadence,35,rpm
Data,1,record,timestamp,1000000356,,position_lat,-105297461,,position_long,1373014496,,speed,1500,mm/s,heart_rate,135,bpm,cadence,35,rpm
Data,1,record,timestamp,1000000357,,position_lat,-105297630,,position_long,1373014405,,speed,1500,mm/s,heart_rate,135,bpm,cadence,35,rpm
Data,1,record,timestamp,1000000358,,position_lat,-105297785,,position_long,1373014314,,speed,1500,mm/s,heart_rate,135,bpm,cadence,35,rpm
Data,1,record,timestamp,1000000359,,position_lat,-105297925,,position_long,1373014223,,speed,1500,mm/s,heart_rate,135,bpm,cadence,35,rpm
Data,1,record,timestamp,1000000360,,position_lat,-105298050,,position_long,1373014133,,speed,1500,mm/s,heart_rate,135,bpm,cadence,35,rpm
Data,1,record,timestamp,1000000361,,position_lat,-105298161,,position_long,1373014042,,speed,1500,mm/s,heart_rate,135,bpm,cadence,35,rpm
Data,1,record,timestamp,1000000362,,position_lat,-105298256,,position_long,1373013951,,speed,1500,mm/s,heart_rate,135,bpm,cadence,35,rpm
Data,1,record,timestamp,1000000363,,position_lat,-105298337,,position_long,1373013860,,speed,1500,mm/s,heart_rate,135,bpm,cadence,35,rpm
Data,1,record,timestamp,1000000364,,position_lat,-105298403,,position_long,1373013769,,speed,1500,mm/s,heart_rate,135,bpm,cadence,35,rpm
Data,1,record,timestamp,1000000365,,position_lat,-105298456,,position_long,1373013679,,speed,1500,mm/s,heart_rate,135,bpm,cadence,35,rpm
Data,1,record,timestamp,1000000366,,position_lat,-105298495,,position_long,1373013588,,speed,1500,mm/s,heart_rate,135,bpm,cadence,35,rpm
Data,1,record,timestamp,1000000367,,position_lat,-105298520,,position_long,1373013497,,speed,1500,mm/s,heart_rate,135,bpm,cadence,35,rpm
Data,1,record,timestamp,1000000368,,position_lat,-105298534,,position_long,1373013406,,speed,1500,mm/s,heart_rate,135,bpm,cadence,35,rpm
Data,1,record,timestamp,1000000369,,position_lat,-105298535,,position_long,1373013316,,speed,1500,mm/s,heart_rate,135,bpm,cadence,35,rpm
Data,1,record,timestamp,1000000370,,position_lat,-105298526,,position_long,1373013225,,speed,1500,mm/s,heart_rate,135,bpm,cadence,35,rpm
Data,1,record,timestamp,1000000371,,position_lat,-105298507,,position_long,1373013134,,speed,1500,mm/s,heart_rate,135,bpm,cadence,35,rpm
Data,1,record,timestamp,1000000372,,position_lat,-105298479,,position_long,1373013043,,speed,1500,mm/s,heart_rate,135,bpm,cadence,35,rpm
Data,1,record,timestamp,1000000373,,position_lat,-105298443,,position_long,1373012953,,speed,1500,mm/s,heart_rate,135,bpm,cadence,35,rpm
Data,1,record,timestamp,1000000374,,position_lat,-105298401,,position_long,1373012862,,speed,1500,mm/s,heart_rate,135,bpm,cadence,35,rpm
Data,1,record,timestamp,1000000375,,position_lat,-105298352,,position_long,1373012771,,speed,1500,mm/s,heart_rate,135,bpm,cadence,35,rpm
Data,1,record,timestamp,1000000376,,position_lat,-105298299,,position_long,1373012680,,speed,1500,mm/s,heart_rate,135,bpm,cadence,35,rpm
Data,1,record,timestamp,1000000377,,position_lat,-105298242,,position_long,1373012589,,speed,1500,mm/s,heart_rate,135,bpm,cadence,35,rpm
Data,1,record,timestamp,1000000378,,position_lat,-105298184,,position_long,1373012499,,speed,1500,mm/s,heart_rate,135,bpm,cadence,35,rpm
Data,1,record,timestamp,1000000379,,position_lat,-105298124,,position_long,1373012408,,speed,1500,mm/s,heart_rate,135,bpm,cadence,35,rpm
Data,1,record,timestamp,1000000380,,position_lat,-105298065,,position_long,1373012317,,speed,1500,mm/s,heart_rate,135,bpm,cadence,35,rpm
Data,1,record,timestamp,1000000381,,position_lat,-105298007,,position_long,1373012226,,speed,1500,mm/s,heart_rate,135,bpm,cadence,35,rpm
Data,1,record,timestamp,1000000382,,position_lat,-105297952,,position_long,1373012136,,speed,1500,mm/s,heart_rate,135,bpm,cadence,35,rpm
Data,1,record,timestamp,1000000383,,position_lat,-105297901,,position_long,1373012045,,speed,1500,mm/s,heart_rate,135,bpm,cadence,35,rpm
Data,1,record,timestamp,1000000384,,position_lat,-105297855,,position_long,1373011954,,speed,1500,mm/s,heart_rate,135,bpm,cadence,35,rpm
Data,1,record,timestamp,1000000385,,position_lat,-105297816,,position_long,1373011863,,speed,1500,mm/s,heart_rate,135,bpm,cadence,35,rpm
Data,1,record,timestamp,1000000386,,position_lat,-105297784,,position_long,1373011773,,speed,1500,mm/s,heart_rate,135,bpm,cadence,35,rpm
Data,1,record,timestamp,1000000387,,position_lat,-105297760,,position_long,1373011682,,speed,1500,mm/s,heart_rate,135,bpm,cadence,35,rpm
Data,1,record,timestamp,1000000388,,position_lat,-105297746,,position_long,1373011591,,speed,1500,mm/s,heart_rate,135,bpm,cadence,35,rpm
Data,1,record,timestamp,1000000389,,position_lat,-105297742,,position_long,1373011500,,speed,1500,mm/s,heart_rate,135,bpm,cadence,35,rpm
Data,1,record,timestamp,1000000390,,position_lat,-105297750,,position_long,1373011409,,speed,1500,mm/s,heart_rate,135,bpm,cadence,35,rpm
Data,1,record,timestamp,1000000391,,position_lat,-105297769,,position_long,1373011319,,speed,1500,mm/s,heart_rate,135,bpm,cadence,35,rpm
Data,1,record,timestamp,1000000392,,position_lat,-105297802,,position_long,1373011228,,speed,1500,mm/s,heart_rate,135,bpm,cadence,35,rpm
Data,1,record,timestamp,1000000393,,position_lat,-105297847,,position_long,1373011137,,speed,1500,mm/s,heart_rate,135,bpm,cadence,35,rpm
Data,1,record,timestamp,1000000394,,position_lat,-105297906,,position_long,1373011046,,speed,1500,mm/s,heart_rate,135,bpm,cadence,35,rpm
Data,1,record,timestamp,1000000395,,position_lat,-105297980,,position_long,1373010956,,speed,1500,mm/s,heart_rate,135,bpm,cadence,35,rpm
Data,1,record,timestamp,1000000396,,position_lat,-105298068,,position_long,1373010865,,speed,1500,mm/s,heart_rate,135,bpm,cadence,35,rpm
Data,1,record,timestamp,1000000397,,position_lat,-105298171,,position_long,1373010774,,speed,1500,mm/s,heart_rate,135,bpm,cadence,35,rpm
Data,1,record,timestamp,1000000398,,position_lat,-105298289,,position_long,1373010683,,speed,1500,mm/s,heart_rate,135,bpm,cadence,35,rpm
Data,1,record,timestamp,1000000399,,position_lat,-105298422,,position_long,1373010593,,speed,1500,mm/s,heart_rate,135,bpm,cadence,35,rpm
Data,1,record,timestamp,1000000400,,position_lat,-105298569,,position_long,1373010502,,speed,1500,mm/s,heart_rate,135,bpm,cadence,35,rpm
Data,1,record,timestamp,1000000401,,position_lat,-105298732,,position_long,1373010411,,speed,1500,mm/s,heart_rate,135,bpm,cadence,35,rpm
Data,1,record,timestamp,1000000402,,position_lat,-105298908,,position_long,1373010320,,speed,1500,mm/s,heart_rate,135,bpm,cadence,35,rpm
Data,1,record,timestamp,1000000403,,position_lat,-105299098,,position_long,1373010229,,speed,1500,mm/s,heart_rate,135,bpm,cadence,35,rpm
Data,1,record,timestamp,1000000404,,position_lat,-105299302,,position_long,1373010139,,speed,1500,mm/s,heart_rate,135,bpm,cadence,35,rpm
Data,1,record,timestamp,1000000405,,position_lat,-105299519,,position_long,1373010048,,speed,1500,mm/s,heart_rate,135,bpm,cadence,35,rpm
Data,1,record,timestamp,1000000406,,position_lat,-105299748,,position_long,1373009957,,speed,1500,mm/s,heart_rate,135,bpm,cadence,35,rpm
Data,1,record,timestamp,1000000407,,position_lat,-105299988,,position_long,1373009866,,speed,1500,mm/s,heart_rate,135,bpm,cadence,35,rpm
Data,1,record,timestamp,1000000408,,position_lat,-105300239,,position_long,1373009776,,speed,1500,mm/s,heart_rate,135,bpm,cadence,35,rpm
Data,1,record,timestamp,1000000409,,position_lat,-105300499,,position_long,1373009685,,speed,1500,mm/s,heart_rate,135,bpm,cadence,35,rpm
Data,1,record,timestamp,1000000410,,position_lat,-105300768,,position_long,1373009594,,speed,1500,mm/s,heart_rate,135,bpm,cadence,35,rpm
Data,1,record,timestamp,1000000411,,position_lat,-105301045,,position_long,1373009503,,speed,1500,mm/s,heart_rate,135,bpm,cadence,35,rpm
Data,1,record,timestamp,1000000412,,position_lat,-105301328,,position_long,1373009413,,speed,1500,mm/s,heart_rate,135,bpm,cadence,35,rpm
Data,1,record,timestamp,1000000413,,position_lat,-105301617,,position_long,1373009322,,speed,1500,mm/s,heart_rate,135,bpm,cadence,35,rpm
Data,1,record,timestamp,1000000414,,position_lat,-105301910,,position_long,1373009231,,speed,1500,mm/s,heart_rate,135,bpm,cadence,35,rpm
Data,1,record,timestamp,1000000415,,position_lat,-105302206,,position_long,1373009140,,speed,1500,mm/s,heart_rate,135,bpm,cadence,35,rpm
Data,1,record,timestamp,1000000416,,position_lat,-105302503,,position_long,1373009049,,speed,1500,mm/s,heart_rate,135,bpm,cadence,35,rpm
Data,1,record,timestamp,1000000417,,position_lat,-105302802,,position_long,1373008959,,speed,1500,mm/s,heart_rate,135,bpm,cadence,35,rpm
Data,1,record,timestamp,1000000418,,position_lat,-105303099,,position_long,1373008868,,speed,1500,mm/s,heart_rate,135,bpm,cadence,35,rpm
Data,1,record,timestamp,1000000419,,position_lat,-105303395,,position_long,1373008777,,speed,1500,mm/s,heart_rate,135,bpm,cadence,35,rpm
Data,1,record,timestamp,1000000420,,position_lat,-105303687,,position_long,1373008686,,speed,1500,mm/s,heart_rate,135,bpm,cadence,35,rpm
Data,1,record,timestamp,1000000421,,position_lat,-105303976,,position_long,1373008596,,speed,1500,mm/s,heart_rate,135,bpm,cadence,35,rpm
Data,1,record,timestamp,1000000422,,position_lat,-105304258,,position_long,1373008505,,speed,1500,mm/s,heart_rate,135,bpm,cadence,35,rpm
Data,1,record,timestamp,1000000423,,position_lat,-105304534,,position_long,1373008414,,speed,1500,mm/s,heart_rate,135,bpm,cadence,35,rpm
Data,1,record,timestamp,1000000424,,position_lat,-105304802,,position_long,1373008323,,speed,1500,mm/s,heart_rate,135,bpm,cadence,35,rpm
Data,1,record,timestamp,1000000425,,position_lat,-105305062,,position_long,1373008233,,speed,1500,mm/s,heart_rate,135,bpm,cadence,35,rpm
Data,1,record,timestamp,1000000426,,position_lat,-105305312,,position_long,1373008142,,speed,1500,mm/s,heart_rate,135,bpm,cadence,35,rpm
Data,1,record,timestamp,1000000427,,position_lat,-105305551,,position_long,1373008051,,speed,1500,mm/s,heart_rate,135,bpm,cadence,35,rpm
Data,1,record,timestamp,1000000428,,position_lat,-105305778,,position_long,1373007960,,speed,1500,mm/s,heart_rate,135,bpm,cadence,35,rpm
Data,1,record,timestamp,1000000429,,position_lat,-105305994,,position_long,1373007870,,speed,1500,mm/s,heart_rate,135,bpm,cadence,35,rpm
Data,1,record,timestamp,1000000430,,position_lat,-105306196,,position_long,1373007779,,speed,1500,mm/s,heart_rate,135,bpm,cadence,35,rpm
Data,1,record,timestamp,1000000431,,position_lat,-105306385,,position_long,1373007688,,speed,1500,mm/s,heart_rate,135,bpm,cadence,35,rpm
Data,1,record,timestamp,1000000432,,position_lat,-105306560,,position_long,1373007597,,speed,1500,mm/s,heart_rate,135,bpm,cadence,35,rpm
Data,1,record,timestamp,1000000433,,position_lat,-105306721,,position_long,1373007506,,speed,1500,mm/s,heart_rate,135,bpm,cadence,35,rpm
Data,1,record,timestamp,1000000434,,position_lat,-105306867,,position_long,1373007416,,speed,1500,mm/s,heart_rate,135,bpm,cadence,35,rpm
Data,1,record,timestamp,1000000435,,position_lat,-105306998,,position_long,1373007325,,speed,1500,mm/s,heart_rate,135,bpm,cadence,35,rpm
Data,1,record,timestamp,1000000436,,position_lat,-105307114,,position_long,1373007234,,speed,1500,mm/s,heart_rate,135,bpm,cadence,35,rpm
Data,1,record,timestamp,1000000437,,position_lat,-105307215,,position_long,1373007143,,speed,1500,mm/s,heart_rate,135,bpm,cadence,35,rpm
Data,1,record,timestamp,1000000438,,position_lat,-105307302,,position_long,1373007053,,speed,1500,mm/s,heart_rate,135,bpm,cadence,35,rpm
Data,1,record,timestamp,1000000439,,position_lat,-105307374,,position_long,1373006962,,speed,1500,mm/s,heart_rate,135,bpm,cadence,35,rpm
Data,1,record,timestamp,1000000440,,position_lat,-105307432,,position_long,1373006871,,speed,1500,mm/s,heart_rate,135,bpm,cadence,35,rpm
Data,1,record,timestamp,1000000441,,position_lat,-105307476,,position_long,1373006780,,speed,1500,mm/s,heart_rate,135,bpm,cadence,35,rpm
Data,1,record,timestamp,1000000442,,position_lat,-105307507,,position_long,1373006690,,speed,1500,mm/s,heart_rate,135,bpm,cadence,35,rpm
Data,1,record,timestamp,1000000443,,position_lat,-105307525,,position_long,1373006599,,speed,1500,mm/s,heart_rate,135,bpm,cadence,35,rpm
Data,1,record,timestamp,1000000444,,position_lat,-105307531,,position_long,1373006508,,speed,1500,mm/s,heart_rate,135,bpm,cadence,35,rpm
Data,1,record,timestamp,1000000445,,position_lat,-105307527,,position_long,1373006417,,speed,1500,mm/s,heart_rate,135,bpm,cadence,35,rpm
Data,1,record,timestamp,1000000446,,position_lat,-105307511,,position_long,1373006326,,speed,1500,mm/s,heart_rate,135,bpm,cadence,35,rpm
Data,1,record,timestamp,1000000447,,position_lat,-105307487,,position_long,1373006236,,speed,1500,mm/s,heart_rate,135,bpm,cadence,35,rpm
Data,1,record,timestamp,1000000448,,position_lat,-105307454,,position_long,1373006145,,speed,1500,mm/s,heart_rate,135,bpm,cadence,35,rpm
Data,1,record,timestamp,1000000449,,position_lat,-105307414,,position_long,1373006054,,speed,1500,mm/s,heart_rate,135,bpm,cadence,35,rpm
Data,1,record,timestamp,1000000450,,position_lat,-105307367,,position_long,1373005963,,speed,1500,mm/s,heart_rate,135,bpm,cadence,35,rpm
Data,1,record,timestamp,1000000451,,position_lat,-105307316,,position_long,1373005873,,speed,1500,mm/s,heart_rate,135,bpm,cadence,35,rpm
Data,1,record,timestamp,1000000452,,position_lat,-105307261,,position_long,1373005782,,speed,1500,mm/s,heart_rate,135,bpm,cadence,35,rpm
Data,1,record,timestamp,1000000453,,position_lat,-105307203,,position_long,1373005691,,speed,1500,mm/s,heart_rate,135,bpm,cadence,35,rpm
Data,1,record,timestamp,1000000454,,position_lat,-105307143,,position_long,1373005600,,speed,1500,mm/s,heart_rate,135,bpm,cadence,35,rpm
Data,1,record,timestamp,1000000455,,position_lat,-105307143,,position_long,1373005624,,speed,100,mm/s,heart_rate,95,bpm,cadence,0,rpm
Data,1,record,timestamp,1000000456,,position_lat,-105307141,,position_long,1373005648,,speed,100,mm/s,heart_rate,95,bpm,cadence,0,rpm
Data,1,record,timestamp,1000000457,,position_lat,-105307136,,position_long,1373005671,,speed,100,mm/s,heart_rate,95,bpm,cadence,0,rpm
Data,1,record,timestamp,1000000458,,position_lat,-105307129,,position_long,1373005694,,speed,100,mm/s,heart_rate,95,bpm,cadence,0,rpm
Data,1,record,timestamp,1000000459,,position_lat,-105307120,,position_long,1373005716,,speed,100,mm/s,heart_rate,95,bpm,cadence,0,rpm
Data,1,record,timestamp,1000000460,,position_lat,-105307108,,position_long,1373005737,,speed,100,mm/s,heart_rate,95,bpm,cadence,0,rpm
Data,1,record,timestamp,1000000461,,position_lat,-105307095,,position_long,1373005757,,speed,100,mm/s,heart_rate,95,bpm,cadence,0,rpm
Data,1,record,timestamp,1000000462,,position_lat,-105307079,,position_long,1373005775,,speed,100,mm/s,heart_rate,95,bpm,cadence,0,rpm
Data,1,record,timestamp,1000000463,,position_lat,-105307062,,position_long,1373005792,,speed,100,mm/s,heart_rate,95,bpm,cadence,0,rpm
Data,1,record,timestamp,1000000464,,position_lat,-105307044,,position_long,1373005806,,speed,100,mm/s,heart_rate,95,bpm,cadence,0,rpm
Data,1,record,timestamp,1000000465,,position_lat,-105307024,,position_long,1373005819,,speed,100,mm/s,heart_rate,95,bpm,cadence,0,rpm
Data,1,record,timestamp,1000000466,,position_lat,-105307002,,position_long,1373005830,,speed,100,mm/s,heart_rate,95,bpm,cadence,0,rpm
Data,1,record,timestamp,1000000467,,position_lat,-105306980,,position_long,1373005839,,speed,100,mm/s,heart_rate,95,bpm,cadence,0,rpm
Data,1,record,timestamp,1000000468,,position_lat,-105306957,,position_long,1373005845,,speed,100,mm/s,heart_rate,95,bpm,cadence,0,rpm
Data,1,record,timestamp,1000000469,,position_lat,-105306934,,position_long,1373005849,,speed,100,mm/s,heart_rate,95,bpm,cadence,0,rpm
Data,1,record,timestamp,1000000470,,position_lat,-105306910,,position_long,1373005851,,speed,100,mm/s,heart_rate,95,bpm,cadence,0,rpm
Data,1,record,timestamp,1000000471,,position_lat,-105306886,,position_long,1373005850,,speed,100,mm/s,heart_rate,95,bpm,cadence,0,rpm
Data,1,record,timestamp,1000000472,,position_lat,-105306862,,position_long,1373005847,,speed,100,mm/s,heart_rate,95,bpm,cadence,0,rpm
Data,1,record,timestamp,1000000473,,position_lat,-105306839,,position_long,1373005842,,speed,100,mm/s,heart_rate,95,bpm,cadence,0,rpm
Data,1,record,timestamp,1000000474,,position_lat,-105306816,,position_long,1373005834,,speed,100,mm/s,heart_rate,95,bpm,cadence,0,rpm
Data,1,record,timestamp,1000000475,,position_lat,-105306795,,position_long,1373005824,,speed,100,mm/s,heart_rate,95,bpm,cadence,0,rpm
Data,1,record,timestamp,1000000476,,position_lat,-105306774,,position_long,1373005812,,speed,100,mm/s,heart_rate,95,bpm,cadence,0,rpm
Data,1,record,timestamp,1000000477,,position_lat,-105306755,,position_long,1373005798,,speed,100,mm/s,heart_rate,95,bpm,cadence,0,rpm
Data,1,record,timestamp,1000000478,,position_lat,-105306737,,position_long,1373005782,,speed,100,mm/s,heart_rate,95,bpm,cadence,0,rpm
Data,1,record,timestamp,1000000479,,position_lat,-105306721,,position_long,1373005764,,speed,100,mm/s,heart_rate,95,bpm,cadence,0,rpm
Data,1,record,timestamp,1000000480,,position_lat,-105306707,,position_long,1373005745,,speed,100,mm/s,heart_rate,95,bpm,cadence,0,rpm
Data,1,record,timestamp,1000000481,,position_lat,-105306694,,position_long,1373005725,,speed,100,mm/s,heart_rate,95,bpm,cadence,0,rpm
Data,1,record,timestamp,1000000482,,position_lat,-105306684,,position_long,1373005703,,speed,100,mm/s,heart_rate,95,bpm,cadence,0,rpm
Data,1,record,timestamp,1000000483,,position_lat,-105306676,,position_long,1373005681,,speed,100,mm/s,heart_rate,95,bpm,cadence,0,rpm
Data,1,record,timestamp,1000000484,,position_lat,-105306670,,position_long,1373005658,,speed,100,mm/s,heart_rate,95,bpm,cadence,0,rpm
Data,1,record,timestamp,1000000485,,position_lat,-105306667,,position_long,1373005634,,speed,100,mm/s,heart_rate,95,bpm,cadence,0,rpm
Data,1,record,timestamp,1000000486,,position_lat,-105306666,,position_long,1373005610,,speed,100,mm/s,heart_rate,95,bpm,cadence,0,rpm
Data,1,record,timestamp,1000000487,,position_lat,-105306667,,position_long,1373005586,,speed,100,mm/s,heart_rate,95,bpm,cadence,0,rpm
Data,1,record,timestamp,1000000488,,position_lat,-105306671,,position_long,1373005563,,speed,100,mm/s,heart_rate,95,bpm,cadence,0,rpm
Data,1,record,timestamp,1000000489,,position_lat,-105306677,,position_long,1373005540,,speed,100,mm/s,heart_rate,95,bpm,cadence,0,rpm
Data,1,record,timestamp,1000000490,,position_lat,-105306686,,position_long,1373005517,,speed,100,mm/s,heart_rate,95,bpm,cadence,0,rpm
Data,1,record,timestamp,1000000491,,position_lat,-105306696,,position_long,1373005496,,speed,100,mm/s,heart_rate,95,bpm,cadence,0,rpm
Data,1,record,timestamp,1000000492,,position_lat,-105306709,,position_long,1373005476,,speed,100,mm/s,heart_rate,95,bpm,cadence,0,rpm
Data,1,record,timestamp,1000000493,,position_lat,-105306723,,position_long,1373005457,,speed,100,mm/s,heart_rate,95,bpm,cadence,0,rpm
Data,1,record,timestamp,1000000494,,position_lat,-105306740,,position_long,1373005440,,speed,100,mm/s,heart_rate,95,bpm,cadence,0,rpm
Data,1,record,timestamp,1000000495,,position_lat,-105306758,,position_long,1373005424,,speed,100,mm/s,heart_rate,95,bpm,cadence,0,rpm
Data,1,record,timestamp,1000000496,,position_lat,-105306777,,position_long,1373005410,,speed,100,mm/s,heart_rate,95,bpm,cadence,0,rpm
Data,1,record,timestamp,1000000497,,position_lat,-105306798,,position_long,1373005399,,speed,100,mm/s,heart_rate,95,bpm,cadence,0,rpm
Data,1,record,timestamp,1000000498,,position_lat,-105306820,,position_long,1373005389,,speed,100,mm/s,heart_rate,95,bpm,cadence,0,rpm
Data,1,record,timestamp,1000000499,,position_lat,-105306843,,position_long,1373005382,,speed,100,mm/s,heart_rate,95,bpm,cadence,0,rpm
Data,1,record,timestamp,1000000500,,position_lat,-105306866,,position_long,1373005377,,speed,100,mm/s,heart_rate,95,bpm,cadence,0,rpm
Data,1,record,timestamp,1000000501,,position_lat,-105306890,,position_long,1373005374,,speed,100,mm/s,heart_rate,95,bpm,cadence,0,rpm
Data,1,record,timestamp,1000000502,,position_lat,-105306914,,position_long,1373005374,,speed,100,mm/s,heart_rate,95,bpm,cadence,0,rpm
Data,1,record,timestamp,1000000503,,position_lat,-105306938,,position_long,1373005376,,speed,100,mm/s,heart_rate,95,bpm,cadence,0,rpm
Data,1,record,timestamp,1000000504,,position_lat,-105306961,,position_long,1373005380,,speed,100,mm/s,heart_rate,95,bpm,cadence,0,rpm
Data,1,record,timestamp,1000000505,,position_lat,-105306984,,position_long,1373005387,,speed,100,mm/s,heart_rate,95,bpm,cadence,0,rpm
Data,1,record,timestamp,1000000506,,position_lat,-105307006,,position_long,1373005396,,speed,100,mm/s,heart_rate,95,bpm,cadence,0,rpm
Data,1,record,timestamp,1000000507,,position_lat,-105307027,,position_long,1373005407,,speed,100,mm/s,heart_rate,95,bpm,cadence,0,rpm
Data,1,record,timestamp,1000000508,,position_lat,-105307047,,position_long,1373005420,,speed,100,mm/s,heart_rate,95,bpm,cadence,0,rpm
Data,1,record,timestamp,1000000509,,position_lat,-105307065,,position_long,1373005436,,speed,100,mm/s,heart_rate,95,bpm,cadence,0,rpm
Data,1,record,timestamp,1000000510,,position_lat,-105307082,,position_long,1373005452,,speed,100,mm/s,heart_rate,95,bpm,cadence,0,rpm
Data,1,record,timestamp,1000000511,,position_lat,-105307097,,position_long,1373005471,,speed,100,mm/s,heart_rate,95,bpm,cadence,0,rpm
Data,1,record,timestamp,1000000512,,position_lat,-105307110,,position_long,1373005491,,speed,100,mm/s,heart_rate,95,bpm,cadence,0,rpm
Data,1,record,timestamp,1000000513,,position_lat,-105307121,,position_long,1373005512,,speed,100,mm/s,heart_rate,95,bpm,cadence,0,rpm
Data,1,record,timestamp,1000000514,,position_lat,-105307130,,position_long,1373005534,,speed,100,mm/s,heart_rate,95,bpm,cadence,0,rpm
Data,1,record,timestamp,1000000515,,position_lat,-105307137,,position_long,1373005557,,speed,100,mm/s,heart_rate,95,bpm,cadence,0,rpm
Data,1,record,timestamp,1000000516,,position_lat,-105307141,,position_long,1373005581,,speed,100,mm/s,heart_rate,95,bpm,cadence,0,rpm
Data,1,record,timestamp,1000000517,,position_lat,-105307143,,position_long,1373005604,,speed,100,mm/s,heart_rate,95,bpm,cadence,0,rpm
Data,1,record,timestamp,1000000518,,position_lat,-105307143,,position_long,1373005628,,speed,100,mm/s,heart_rate,95,bpm,cadence,0,rpm
Data,1,record,timestamp,1000000519,,position_lat,-105307140,,position_long,1373005652,,speed,100,mm/s,heart_rate,95,bpm,cadence,0,rpm
Data,1,record,timestamp,1000000520,,position_lat,-105307135,,position_long,1373005675,,speed,100,mm/s,heart_rate,95,bpm,cadence,0,rpm
Data,1,record,timestamp,1000000521,,position_lat,-105307128,,position_long,1373005698,,speed,100,mm/s,heart_rate,95,bpm,cadence,0,rpm
Data,1,record,timestamp,1000000522,,position_lat,-105307118,,position_long,1373005720,,speed,100,mm/s,heart_rate,95,bpm,cadence,0,rpm
Data,1,record,timestamp,1000000523,,position_lat,-105307106,,position_long,1373005740,,speed,100,mm/s,heart_rate,95,bpm,cadence,0,rpm
Data,1,record,timestamp,1000000524,,position_lat,-105307092,,position_long,1373005760,,speed,100,mm/s,heart_rate,95,bpm,cadence,0,rpm
Data,1,record,timestamp,1000000525,,position_lat,-105307077,,position_long,1373005778,,speed,100,mm/s,heart_rate,95,bpm,cadence,0,rpm
Data,1,record,timestamp,1000000526,,position_lat,-105307059,,position_long,1373005794,,speed,100,mm/s,heart_rate,95,bpm,cadence,0,rpm
Data,1,record,timestamp,1000000527,,position_lat,-105307040,,position_long,1373005809,,speed,100,mm/s,heart_rate,95,bpm,cadence,0,rpm
Data,1,record,timestamp,1000000528,,position_lat,-105307020,,position_long,1373005821,,speed,100,mm/s,heart_rate,95,bpm,cadence,0,rpm
Data,1,record,timestamp,1000000529,,position_lat,-105306999,,position_long,1373005832,,speed,100,mm/s,heart_rate,95,bpm,cadence,0,rpm
Data,1,record,timestamp,1000000530,,position_lat,-105306976,,position_long,1373005840,,speed,100,mm/s,heart_rate,95,bpm,cadence,0,rpm
Data,1,record,timestamp,1000000531,,position_lat,-105306953,,position_long,1373005846,,speed,100,mm/s,heart_rate,95,bpm,cadence,0,rpm
Data,1,record,timestamp,1000000532,,position_lat,-105306930,,position_long,1373005850,,speed,100,mm/s,heart_rate,95,bpm,cadence,0,rpm
Data,1,record,timestamp,1000000533,,position_lat,-105306906,,position_long,1373005851,,speed,100,mm/s,heart_rate,95,bpm,cadence,0,rpm
Data,1,record,timestamp,1000000534,,position_lat,-105306882,,position_long,1373005850,,speed,100,mm/s,heart_rate,95,bpm,cadence,0,rpm
Data,1,record,timestamp,1000000535,,position_lat,-105306596,,position_long,1373006995,,speed,10200,mm/s,heart_rate,155,bpm,cadence,0,rpm
Data,1,record,timestamp,1000000536,,position_lat,-105306309,,position_long,1373008141,,speed,10200,mm/s,heart_rate,155,bpm,cadence,0,rpm
Data,1,record,timestamp,1000000537,,position_lat,-105306023,,position_long,1373009286,,speed,10200,mm/s,heart_rate,155,bpm,cadence,0,rpm
Data,1,record,timestamp,1000000538,,position_lat,-105305737,,position_long,1373010431,,speed,10200,mm/s,heart_rate,155,bpm,cadence,0,rpm
Data,1,record,timestamp,1000000539,,position_lat,-105305450,,position_long,1373011576,,speed,10200,mm/s,heart_rate,155,bpm,cadence,0,rpm
Data,1,record,timestamp,1000000540,,position_lat,-105305164,,position_long,1373012722,,speed,10200,mm/s,heart_rate,155,bpm,cadence,0,rpm
Data,1,record,timestamp,1000000541,,position_lat,-105304878,,position_long,1373013867,,speed,10200,mm/s,heart_rate,155,bpm,cadence,0,rpm
Data,1,record,timestamp,1000000542,,position_lat,-105304591,,position_long,1373015012,,speed,10200,mm/s,heart_rate,155,bpm,cadence,0,rpm
Data,1,record,timestamp,1000000543,,position_lat,-105304305,,position_long,1373016158,,speed,10200,mm/s,heart_rate,155,bpm,cadence,0,rpm
Data,1,record,timestamp,1000000544,,position_lat,-105304019,,position_long,1373017303,,speed,10200,mm/s,heart_rate,155,bpm,cadence,0,rpm
Data,1,record,timestamp,1000000545,,position_lat,-105303732,,position_long,1373018448,,speed,10200,mm/s,heart_rate,155,bpm,cadence,0,rpm
Data,1,record,timestamp,1000000546,,position_lat,-105303446,,position_long,1373019594,,speed,10200,mm/s,heart_rate,155,bpm,cadence,0,rpm
Data,1,record,timestamp,1000000547,,position_lat,-105303160,,position_long,1373020739,,speed,10200,mm/s,heart_rate,155,bpm,cadence,0,rpm
Data,1,record,timestamp,1000000548,,position_lat,-105302873,,position_long,1373021884,,speed,10200,mm/s,heart_rate,155,bpm,cadence,0,rpm
Data,1,record,timestamp,1000000549,,position_lat,-105302587,,position_long,1373023030,,speed,10200,mm/s,heart_rate,155,bpm,cadence,0,rpm
Data,1,record,timestamp,1000000550,,position_lat,-105302301,,position_long,1373024175,,speed,10200,mm/s,heart_rate,155,bpm,cadence,0,rpm
Data,1,record,timestamp,1000000551,,position_lat,-105302014,,position_long,1373025320,,speed,10200,mm/s,heart_rate,155,bpm,cadence,0,rpm
Data,1,record,timestamp,1000000552,,position_lat,-105301728,,position_long,1373026466,,speed,10200,mm/s,heart_rate,155,bpm,cadence,0,rpm
Data,1,record,timestamp,1000000553,,position_lat,-105301442,,position_long,1373027611,,speed,10200,mm/s,heart_rate,155,bpm,cadence,0,rpm
Data,1,record,timestamp,1000000554,,position_lat,-105301155,,position_long,1373028756,,speed,10200,mm/s,heart_rate,155,bpm,cadence,0,rpm
Data,1,record,timestamp,1000000555,,position_lat,-105300869,,position_long,1373029902,,speed,10200,mm/s,heart_rate,155,bpm,cadence,0,rpm
Data,1,record,timestamp,1000000556,,position_lat,-105300583,,position_long,1373031047,,speed,10200,mm/s,heart_rate,155,bpm,cadence,0,rpm
Data,1,record,timestamp,1000000557,,position_lat,-105300296,,position_long,1373032192,,speed,10200,mm/s,heart_rate,155,bpm,cadence,0,rpm
Data,1,record,timestamp,1000000558,,position_lat,-105300010,,position_long,1373033338,,speed,10200,mm/s,heart_rate,155,bpm,cadence,0,rpm
Data,1,record,timestamp,1000000559,,position_lat,-105299724,,position_long,1373034483,,speed,10200,mm/s,heart_rate,155,bpm,cadence,0,rpm
Data,1,record,timestamp,1000000560,,position_lat,-105299437,,position_long,1373035628,,speed,10200,mm/s,heart_rate,155,bpm,cadence,0,rpm
Data,1,record,timestamp,1000000561,,position_lat,-105299151,,position_long,1373036774,,speed,10200,mm/s,heart_rate,155,bpm,cadence,0,rpm
Data,1,record,timestamp,1000000562,,position_lat,-105298865,,position_long,1373037919,,speed,10200,mm/s,heart_rate,155,bpm,cadence,0,rpm
Data,1,record,timestamp,1000000563,,position_lat,-105298578,,position_long,1373039064,,speed,10200,mm/s,heart_rate,155,bpm,cadence,0,rpm
Data,1,record,timestamp,1000000564,,position_lat,-105298292,,position_long,1373040210,,speed,10200,mm/s,heart_rate,155,bpm,cadence,0,rpm
Data,1,record,timestamp,1000000565,,position_lat,-105298006,,position_long,1373041355,,speed,10200,mm/s,heart_rate,155,bpm,cadence,0,rpm
Data,1,record,timestamp,1000000566,,position_lat,-105297719,,position_long,1373042500,,speed,10200,mm/s,heart_rate,155,bpm,cadence,0,rpm
Data,1,record,timestamp,1000000567,,position_lat,-105297433,,position_long,1373043646,,speed,10200,mm/s,heart_rate,155,bpm,cadence,0,rpm
Data,1,record,timestamp,1000000568,,position_lat,-105297147,,position_long,1373044791,,speed,10200,mm/s,heart_rate,155,bpm,cadence,0,rpm
Data,1,record,timestamp,1000000569,,position_lat,-105296860,,position_long,1373045936,,speed,10200,mm/s,heart_rate,155,bpm,cadence,0,rpm
Data,1,record,timestamp,1000000570,,position_lat,-105296574,,position_long,1373047082,,speed,10200,mm/s,heart_rate,155,bpm,cadence,0,rpm
Data,1,record,timestamp,1000000571,,position_lat,-105296288,,position_long,1373048227,,speed,10200,mm/s,heart_rate,155,bpm,cadence,0,rpm
Data,1,record,timestamp,1000000572,,position_lat,-105296001,,position_long,1373049372,,speed,10200,mm/s,heart_rate,155,bpm,cadence,0,rpm
Data,1,record,timestamp,1000000573,,position_lat,-105295715,,position_long,1373050518,,speed,10200,mm/s,heart_rate,155,bpm,cadence,0,rpm
Data,1,record,timestamp,1000000574,,position_lat,-105295429,,position_long,1373051663,,speed,10200,mm/s,heart_rate,155,bpm,cadence,0,rpm
Data,1,record,timestamp,1000000575,,position_lat,-105295548,,position_long,1373051420,,speed,1500,mm/s,heart_rate,135,bpm,cadence,35,rpm
Data,1,record,timestamp,1000000576,,position_lat,-105295652,,position_long,1373051178,,speed,1500,mm/s,heart_rate,135,bpm,cadence,35,rpm
Data,1,record,timestamp,1000000577,,position_lat,-105295742,,position_long,1373050936,,speed,1500,mm/s,heart_rate,135,bpm,cadence,35,rpm
Data,1,record,timestamp,1000000578,,position_lat,-105295817,,position_long,1373050693,,speed,1500,mm/s,heart_rate,135,bpm,cadence,35,rpm
Data,1,record,timestamp,1000000579,,position_lat,-105295878,,position_long,1373050451,,speed,1500,mm/s,heart_rate,135,bpm,cadence,35,rpm
Data,1,record,timestamp,1000000580,,position_lat,-105295925,,position_long,1373050208,,speed,1500,mm/s,heart_rate,135,bpm,cadence,35,rpm
Data,1,record,timestamp,1000000581,,position_lat,-105295958,,position_long,1373049966,,speed,1500,mm/s,heart_rate,135,bpm,cadence,35,rpm
Data,1,record,timestamp,1000000582,,position_lat,-105295979,,position_long,1373049723,,speed,1500,mm/s,heart_rate,135,bpm,cadence,35,rpm
Data,1,record,timestamp,1000000583,,position_lat,-105295987,,position_long,1373049481,,speed,1500,mm/s,heart_rate,135,bpm,cadence,35,rpm
Data,1,record,timestamp,1000000584,,position_lat,-105295985,,position_long,1373049238,,speed,1500,mm/s,heart_rate,135,bpm,cadence,35,rpm
Data,1,record,timestamp,1000000585,,position_lat,-105295972,,position_long,1373048996,,speed,1500,mm/s,heart_rate,135,bpm,cadence,35,rpm
Data,1,record,timestamp,1000000586,,position_lat,-105295949,,position_long,1373048754,,speed,1500,mm/s,heart_rate,135,bpm,cadence,35,rpm
Data,1,record,timestamp,1000000587,,position_lat,-105295918,,position_long,1373048511,,speed,1500,mm/s,heart_rate,135,bpm,cadence,35,rpm
Data,1,record,timestamp,1000000588,,position_lat,-105295879,,position_long,1373048269,,speed,1500,mm/s,heart_rate,135,bpm,cadence,35,rpm
Data,1,record,timestamp,1000000589,,position_lat,-105295834,,position_long,1373048026,,speed,1500,mm/s,heart_rate,135,bpm,cadence,35,rpm
Data,1,record,timestamp,1000000590,,position_lat,-105295783,,position_long,1373047784,,speed,1500,mm/s,heart_rate,135,bpm,cadence,35,rpm
Data,1,record,timestamp,1000000591,,position_lat,-105295728,,position_long,1373047541,,speed,1500,mm/s,heart_rate,135,bpm,cadence,35,rpm
Data,1,record,timestamp,1000000592,,position_lat,-105295671,,position_long,1373047299,,speed,1500,mm/s,heart_rate,135,bpm,cadence,35,rpm
Data,1,record,timestamp,1000000593,,position_lat,-105295612,,position_long,1373047057,,speed,1500,mm/s,heart_rate,135,bpm,cadence,35,rpm
Data,1,record,timestamp,1000000594,,position_lat,-105295552,,position_long,1373046814,,speed,1500,mm/s,heart_rate,135,bpm,cadence,35,rpm
Data,1,record,timestamp,1000000595,,position_lat,-105295493,,position_long,1373046572,,speed,1500,mm/s,heart_rate,135,bpm,cadence,35,rpm
Data,1,record,timestamp,1000000596,,position_lat,-105295436,,position_long,1373046329,,speed,1500,mm/s,heart_rate,135,bpm,cadence,35,rpm
Data,1,record,timestamp,1000000597,,position_lat,-105295383,,position_long,1373046087,,speed,1500,mm/s,heart_rate,135,bpm,cadence,35,rpm
Data,1,record,timestamp,1000000598,,position_lat,-105295334,,position_long,1373045844,,speed,1500,mm/s,heart_rate,135,bpm,cadence,35,rpm
Data,1,record,timestamp,1000000599,,position_lat,-105295290,,position_long,1373045602,,speed,1500,mm/s,heart_rate,135,bpm,cadence,35,rpm
Data,1,record,timestamp,1000000600,,position_lat,-105295254,,position_long,1373045360,,speed,1500,mm/s,heart_rate,135,bpm,cadence,35,rpm
Data,1,record,timestamp,1000000601,,position_lat,-105295225,,position_long,1373045117,,speed,1500,mm/s,heart_rate,135,bpm,cadence,35,rpm
Data,1,record,timestamp,1000000602,,position_lat,-105295205,,position_long,1373044875,,speed,1500,mm/s,heart_rate,135,bpm,cadence,35,rpm
Data,1,record,timestamp,1000000603,,position_lat,-105295195,,position_long,1373044632,,speed,1500,mm/s,heart_rate,135,bpm,cadence,35,rpm
Data,1,record,timestamp,1000000604,,position_lat,-105295196,,position_long,1373044390,,speed,1500,mm/s,heart_rate,135,bpm,cadence,35,rpm
Data,1,record,timestamp,1000000605,,position_lat,-105295208,,position_long,1373044147,,speed,1500,mm/s,heart_rate,135,bpm,cadence,35,rpm
Data,1,record,timestamp,1000000606,,position_lat,-105295232,,position_long,1373043905,,speed,1500,mm/s,heart_rate,135,bpm,cadence,35,rpm
Data,1,record,timestamp,1000000607,,position_lat,-105295270,,position_long,1373043663,,speed,1500,mm/s,heart_rate,135,bpm,cadence,35,rpm
Data,1,record,timestamp,1000000608,,position_lat,-105295321,,position_long,1373043420,,speed,1500,mm/s,heart_rate,135,bpm,cadence,35,rpm
Data,1,record,timestamp,1000000609,,position_lat,-105295386,,position_long,1373043178,,speed,1500,mm/s,heart_rate,135,bpm,cadence,35,rpm
Data,1,record,timestamp,1000000610,,position_lat,-105295465,,position_long,1373042935,,speed,1500,mm/s,heart_rate,135,bpm,cadence,35,rpm
Data,1,record,timestamp,1000000611,,position_lat,-105295559,,position_long,1373042693,,speed,1500,mm/s,heart_rate,135,bpm,cadence,35,rpm
Data,1,record,timestamp,1000000612,,position_lat,-105295668,,position_long,1373042450,,speed,1500,mm/s,heart_rate,135,bpm,cadence,35,rpm
Data,1,record,timestamp,1000000613,,position_lat,-105295792,,position_long,1373042208,,speed,1500,mm/s,heart_rate,135,bpm,cadence,35,rpm
Data,1,record,timestamp,1000000614,,position_lat,-105295931,,position_long,1373041965,,speed,1500,mm/s,heart_rate,135,bpm,cadence,35,rpm
Data,1,record,timestamp,1000000615,,position_lat,-105296084,,position_long,1373041723,,speed,1500,mm/s,heart_rate,135,bpm,cadence,35,rpm
Data,1,record,timestamp,1000000616,,position_lat,-105296252,,position_long,1373041481,,speed,1500,mm/s,heart_rate,135,bpm,cadence,35,rpm
Data,1,record,timestamp,1000000617,,position_lat,-105296434,,position_long,1373041238,,speed,1500,mm/s,heart_rate,135,bpm,cadence,35,rpm
Data,1,record,timestamp,1000000618,,position_lat,-105296630,,position_long,1373040996,,speed,1500,mm/s,heart_rate,135,bpm,cadence,35,rpm
Data,1,record,timestamp,1000000619,,position_lat,-105296839,,position_long,1373040753,,speed,1500,mm/s,heart_rate,135,bpm,cadence,35,rpm
Data,1,record,timestamp,1000000620,,position_lat,-105297060,,position_long,1373040511,,speed,1500,mm/s,heart_rate,135,bpm,cadence,35,rpm
Data,1,record,timestamp,1000000621,,position_lat,-105297294,,position_long,1373040268,,speed,1500,mm/s,heart_rate,135,bpm,cadence,35,rpm
Data,1,record,timestamp,1000000622,,position_lat,-105297538,,position_long,1373040026,,speed,1500,mm/s,heart_rate,135,bpm,cadence,35,rpm
Data,1,record,timestamp,1000000623,,position_lat,-105297793,,position_long,1373039784,,speed,1500,mm/s,heart_rate,135,bpm,cadence,35,rpm
Data,1,record,timestamp,1000000624,,position_lat,-105298057,,position_long,1373039541,,speed,1500,mm/s,heart_rate,135,bpm,cadence,35,rpm
Data,1,record,timestamp,1000000625,,position_lat,-105298329,,position_long,1373039299,,speed,1500,mm/s,heart_rate,135,bpm,cadence,35,rpm
Data,1,record,timestamp,1000000626,,position_lat,-105298609,,position_long,1373039056,,speed,1500,mm/s,heart_rate,135,bpm,cadence,35,rpm
Data,1,record,timestamp,1000000627,,position_lat,-105298894,,position_long,1373038814,,speed,1500,mm/s,heart_rate,135,bpm,cadence,35,rpm
Data,1,record,timestamp,1000000628,,position_lat,-105299185,,position_long,1373038571,,speed,1500,mm/s,heart_rate,135,bpm,cadence,35,rpm
Data,1,record,timestamp,1000000629,,position_lat,-105299479,,position_long,1373038329,,speed,1500,mm/s,heart_rate,135,bpm,cadence,35,rpm
Data,1,record,timestamp,1000000630,,position_lat,-105299776,,position_long,1373038087,,speed,1500,mm/s,heart_rate,135,bpm,cadence,35,rpm
Data,1,record,timestamp,1000000631,,position_lat,-105300074,,position_long,1373037844,,speed,1500,mm/s,heart_rate,135,bpm,cadence,35,rpm
Data,1,record,timestamp,1000000632,,position_lat,-105300372,,position_long,1373037602,,speed,1500,mm/s,heart_rate,135,bpm,cadence,35,rpm
Data,1,record,timestamp,1000000633,,position_lat,-105300669,,position_long,1373037359,,speed,1500,mm/s,heart_rate,135,bpm,cadence,35,rpm
Data,1,record,timestamp,1000000634,,position_lat,-105300964,,position_long,1373037117,,speed,1500,mm/s,heart_rate,135,bpm,cadence,35,rpm
Data,1,record,timestamp,1000000635,,position_lat,-105301255,,position_long,1373036874,,speed,1500,mm/s,heart_rate,135,bpm,cadence,35,rpm
Data,1,record,timestamp,1000000636,,position_lat,-105301541,,position_long,1373036632,,speed,1500,mm/s,heart_rate,135,bpm,cadence,35,rpm
Data,1,record,timestamp,1000000637,,position_lat,-105301821,,position_long,1373036389,,speed,1500,mm/s,heart_rate,135,bpm,cadence,35,rpm
Data,1,record,timestamp,1000000638,,position_lat,-105302094,,position_long,1373036147,,speed,1500,mm/s,heart_rate,135,bpm,cadence,35,rpm
Data,1,record,timestamp,1000000639,,position_lat,-105302359,,position_long,1373035905,,speed,1500,mm/s,heart_rate,135,bpm,cadence,35,rpm
Data,1,record,timestamp,1000000640,,position_lat,-105302614,,position_long,1373035662,,speed,1500,mm/s,heart_rate,135,bpm,cadence,35,rpm
Data,1,record,timestamp,1000000641,,position_lat,-105302860,,position_long,1373035420,,speed,1500,mm/s,heart_rate,135,bpm,cadence,35,rpm
Data,1,record,timestamp,1000000642,,position_lat,-105303094,,position_long,1373035177,,speed,1500,mm/s,heart_rate,135,bpm,cadence,35,rpm
Data,1,record,timestamp,1000000643,,position_lat,-105303317,,position_long,1373034935,,speed,1500,mm/s,heart_rate,135,bpm,cadence,35,rpm
Data,1,record,timestamp,1000000644,,position_lat,-105303528,,position_long,1373034692,,speed,1500,mm/s,heart_rate,135,bpm,cadence,35,rpm
Data,1,record,timestamp,1000000645,,position_lat,-105303725,,position_long,1373034450,,speed,1500,mm/s,heart_rate,135,bpm,cadence,35,rpm
Data,1,record,timestamp,1000000646,,position_lat,-105303908,,position_long,1373034208,,speed,1500,mm/s,heart_rate,135,bpm,cadence,35,rpm
Data,1,record,timestamp,1000000647,,position_lat,-105304077,,position_long,1373033965,,speed,1500,mm/s,heart_rate,135,bpm,cadence,35,rpm
Data,1,record,timestamp,1000000648,,position_lat,-105304232,,position_long,1373033723,,speed,1500,mm/s,heart_rate,135,bpm,cadence,35,rpm
Data,1,record,timestamp,1000000649,,position_lat,-105304372,,position_long,1373033480,,speed,1500,mm/s,heart_rate,135,bpm,cadence,35,rpm
Data,1,record,timestamp,1000000650,,position_lat,-105304498,,position_long,1373033238,,speed,1500,mm/s,heart_rate,135,bpm,cadence,35,rpm
Data,1,record,timestamp,1000000651,,position_lat,-105304608,,position_long,1373032995,,speed,1500,mm/s,heart_rate,135,bpm,cadence,35,rpm
Data,1,record,timestamp,1000000652,,position_lat,-105304703,,position_long,1373032753,,speed,1500,mm/s,heart_rate,135,bpm,cadence,35,rpm
Data,1,record,timestamp,1000000653,,position_lat,-105304784,,position_long,1373032511,,speed,1500,mm/s,heart_rate,135,bpm,cadence,35,rpm
Data,1,record,timestamp,1000000654,,position_lat,-105304851,,position_long,1373032268,,speed,1500,mm/s,heart_rate,135,bpm,cadence,35,rpm
Data,1,record,timestamp,1000000655,,position_lat,-105304903,,position_long,1373032026,,speed,1500,mm/s,heart_rate,135,bpm,cadence,35,rpm
Data,1,record,timestamp,1000000656,,position_lat,-105304942,,position_long,1373031783,,speed,1500,mm/s,heart_rate,135,bpm,cadence,35,rpm
Data,1,record,timestamp,1000000657,,position_lat,-105304967,,position_long,1373031541,,speed,1500,mm/s,heart_rate,135,bpm,cadence,35,rpm
Data,1,record,timestamp,1000000658,,position_lat,-105304981,,position_long,1373031298,,speed,1500,mm/s,heart_rate,135,bpm,cadence,35,rpm
Data,1,record,timestamp,1000000659,,position_lat,-105304983,,position_long,1373031056,,speed,1500,mm/s,heart_rate,135,bpm,cadence,35,rpm
Data,1,record,timestamp,1000000660,,position_lat,-105304973,,position_long,1373030813,,speed,1500,mm/s,heart_rate,135,bpm,cadence,35,rpm
Data,1,record,timestamp,1000000661,,position_lat,-105304954,,position_long,1373030571,,speed,1500,mm/s,heart_rate,135,bpm,cadence,35,rpm
Data,1,record,timestamp,1000000662,,position_lat,-105304926,,position_long,1373030329,,speed,1500,mm/s,heart_rate,135,bpm,cadence,35,rpm
Data,1,record,timestamp,1000000663,,position_lat,-105304891,,position_long,1373030086,,speed,1500,mm/s,heart_rate,135,bpm,cadence,35,rpm
Data,1,record,timestamp,1000000664,,position_lat,-105304848,,position_long,1373029844,,speed,1500,mm/s,heart_rate,135,bpm,cadence,35,rpm
Data,1,record,timestamp,1000000665,,position_lat,-105304799,,position_long,1373029601,,speed,1500,mm/s,heart_rate,135,bpm,cadence,35,rpm
Data,1,record,timestamp,1000000666,,position_lat,-105304746,,position_long,1373029359,,speed,1500,mm/s,heart_rate,135,bpm,cadence,35,rpm
Data,1,record,timestamp,1000000667,,position_lat,-105304689,,position_long,1373029116,,speed,1500,mm/s,heart_rate,135,bpm,cadence,35,rpm
Data,1,record,timestamp,1000000668,,position_lat,-105304631,,position_long,1373028874,,speed,1500,mm/s,heart_rate,135,bpm,cadence,35,rpm
Data,1,record,timestamp,1000000669,,position_lat,-105304571,,position_long,1373028632,,speed,1500,mm/s,heart_rate,135,bpm,cadence,35,rpm
Data,1,record,timestamp,1000000670,,position_lat,-105304512,,position_long,1373028389,,speed,1500,mm/s,heart_rate,135,bpm,cadence,35,rpm
Data,1,record,timestamp,1000000671,,position_lat,-105304454,,position_long,1373028147,,speed,1500,mm/s,heart_rate,135,bpm,cadence,35,rpm
Data,1,record,timestamp,1000000672,,position_lat,-105304399,,position_long,1373027904,,speed,1500,mm/s,heart_rate,135,bpm,cadence,35,rpm
Data,1,record,timestamp,1000000673,,position_lat,-105304348,,position_long,1373027662,,speed,1500,mm/s,heart_rate,135,bpm,cadence,35,rpm
Data,1,record,timestamp,1000000674,,position_lat,-105304302,,position_long,1373027419,,speed,1500,mm/s,heart_rate,135,bpm,cadence,35,rpm
Data,1,record,timestamp,1000000675,,position_lat,-105304263,,position_long,1373027177,,speed,1500,mm/s,heart_rate,135,bpm,cadence,35,rpm
Data,1,record,timestamp,1000000676,,position_lat,-105304231,,position_long,1373026935,,speed,1500,mm/s,heart_rate,135,bpm,cadence,35,rpm
Data,1,record,timestamp,1000000677,,position_lat,-105304207,,position_long,1373026692,,speed,1500,mm/s,heart_rate,135,bpm,cadence,35,rpm
Data,1,record,timestamp,1000000678,,position_lat,-105304193,,position_long,1373026450,,speed,1500,mm/s,heart_rate,135,bpm,cadence,35,rpm
Data,1,record,timestamp,1000000679,,position_lat,-105304189,,position_long,1373026207,,speed,1500,mm/s,heart_rate,135,bpm,cadence,35,rpm
Data,1,record,timestamp,1000000680,,position_lat,-105304197,,position_long,1373025965,,speed,1500,mm/s,heart_rate,135,bpm,cadence,35,rpm
Data,1,record,timestamp,1000000681,,position_lat,-105304216,,position_long,1373025722,,speed,1500,mm/s,heart_rate,135,bpm,cadence,35,rpm
Data,1,record,timestamp,1000000682,,position_lat,-105304249,,position_long,1373025480,,speed,1500,mm/s,heart_rate,135,bpm,cadence,35,rpm
Data,1,record,timestamp,1000000683,,position_lat,-105304294,,position_long,1373025237,,speed,1500,mm/s,heart_rate,135,bpm,cadence,35,rpm
Data,1,record,timestamp,1000000684,,position_lat,-105304354,,position_long,1373024995,,speed,1500,mm/s,heart_rate,135,bpm,cadence,35,rpm
Data,1,record,timestamp,1000000685,,position_lat,-105304427,,position_long,1373024753,,speed,1500,mm/s,heart_rate,135,bpm,cadence,35,rpm
Data,1,record,timestamp,1000000686,,position_lat,-105304515,,position_long,1373024510,,speed,1500,mm/s,heart_rate,135,bpm,cadence,35,rpm
Data,1,record,timestamp,1000000687,,position_lat,-105304618,,position_long,1373024268,,speed,1500,mm/s,heart_rate,135,bpm,cadence,35,rpm
Data,1,record,timestamp,1000000688,,position_lat,-105304736,,position_long,1373024025,,speed,1500,mm/s,heart_rate,135,bpm,cadence,35,rpm
Data,1,record,timestamp,1000000689,,position_lat,-105304869,,position_long,1373023783,,speed,1500,mm/s,heart_rate,135,bpm,cadence,35,rpm
Data,1,record,timestamp,1000000690,,position_lat,-105305017,,position_long,1373023540,,speed,1500,mm/s,heart_rate,135,bpm,cadence,35,rpm
Data,1,record,timestamp,1000000691,,position_lat,-105305179,,position_long,1373023298,,speed,1500,mm/s,heart_rate,135,bpm,cadence,35,rpm
Data,1,record,timestamp,1000000692,,position_lat,-105305355,,position_long,1373023056,,speed,1500,mm/s,heart_rate,135,bpm,cadence,35,rpm
Data,1,record,timestamp,1000000693,,position_lat,-105305546,,position_long,1373022813,,speed,1500,mm/s,heart_rate,135,bpm,cadence,35,rpm
Data,1,record,timestamp,1000000694,,position_lat,-105305749,,position_long,1373022571,,speed,1500,mm/s,heart_rate,135,bpm,cadence,35,rpm
Data,1,record,timestamp,1000000695,,position_lat,-105305966,,position_long,1373022328,,speed,1500,mm/s,heart_rate,135,bpm,cadence,35,rpm
Data,1,record,timestamp,1000000696,,position_lat,-105306195,,position_long,1373022086,,speed,1500,mm/s,heart_rate,135,bpm,cadence,35,rpm
Data,1,record,timestamp,1000000697,,position_lat,-105306435,,position_long,1373021843,,speed,1500,mm/s,heart_rate,135,bpm,cadence,35,rpm
Data,1,record,timestamp,1000000698,,position_lat,-105306686,,position_long,1373021601,,speed,1500,mm/s,heart_rate,135,bpm,cadence,35,rpm
Data,1,record,timestamp,1000000699,,position_lat,-105306946,,position_long,1373021359,,speed,1500,mm/s,heart_rate,135,bpm,cadence,35,rpm
Data,1,record,timestamp,1000000700,,position_lat,-105307215,,position_long,1373021116,,speed,1500,mm/s,heart_rate,135,bpm,cadence,35,rpm
Data,1,record,timestamp,1000000701,,position_lat,-105307492,,position_long,1373020874,,speed,1500,mm/s,heart_rate,135,bpm,cadence,35,rpm
Data,1,record,timestamp,1000000702,,position_lat,-105307775,,position_long,1373020631,,speed,1500,mm/s,heart_rate,135,bpm,cadence,35,rpm
Data,1,record,timestamp,1000000703,,position_lat,-105308064,,position_long,1373020389,,speed,1500,mm/s,heart_rate,135,bpm,cadence,35,rpm
Data,1,record,timestamp,1000000704,,position_lat,-105308357,,position_long,1373020146,,speed,1500,mm/s,heart_rate,135,bpm,cadence,35,rpm
Data,1,record,timestamp,1000000705,,position_lat,-105308653,,position_long,1373019904,,speed,1500,mm/s,heart_rate,135,bpm,cadence,35,rpm
Data,1,record,timestamp,1000000706,,position_lat,-105308951,,position_long,1373019662,,speed,1500,mm/s,heart_rate,135,bpm,cadence,35,rpm
Data,1,record,timestamp,1000000707,,position_lat,-105309249,,position_long,1373019419,,speed,1500,mm/s,heart_rate,135,bpm,cadence,35,rpm
Data,1,record,timestamp,1000000708,,position_lat,-105309546,,position_long,1373019177,,speed,1500,mm/s,heart_rate,135,bpm,cadence,35,rpm
Data,1,record,timestamp,1000000709,,position_lat,-105309842,,position_long,1373018934,,speed,1500,mm/s,heart_rate,135,bpm,cadence,35,rpm
Data,1,record,timestamp,1000000710,,position_lat,-105310135,,position_long,1373018692,,speed,1500,mm/s,heart_rate,135,bpm,cadence,35,rpm
Data,1,record,timestamp,1000000711,,position_lat,-105310423,,position_long,1373018449,,speed,1500,mm/s,heart_rate,135,bpm,cadence,35,rpm
Data,1,record,timestamp,1000000712,,position_lat,-105310705,,position_long,1373018207,,speed,1500,mm/s,heart_rate,135,bpm,cadence,35,rpm
Data,1,record,timestamp,1000000713,,position_lat,-105310981,,position_long,1373017964,,speed,1500,mm/s,heart_rate,135,bpm,cadence,35,rpm
Data,1,record,timestamp,1000000714,,position_lat,-105311250,,position_long,1373017722,,speed,1500,mm/s,heart_rate,135,bpm,cadence,35,rpm
Data,1,record,timestamp,1000000715,,position_lat,-105311509,,position_long,1373017480,,speed,1500,mm/s,heart_rate,135,bpm,cadence,35,rpm
Data,1,record,timestamp,1000000716,,position_lat,-105311759,,position_long,1373017237,,speed,1500,mm/s,heart_rate,135,bpm,cadence,35,rpm
Data,1,record,timestamp,1000000717,,position_lat,-105311998,,position_long,1373016995,,speed,1500,mm/s,heart_rate,135,bpm,cadence,35,rpm
Data,1,record,timestamp,1000000718,,position_lat,-105312225,,position_long,1373016752,,speed,1500,mm/s,heart_rate,135,bpm,cadence,35,rpm
Data,1,record,timestamp,1000000719,,position_lat,-105312441,,position_long,1373016510,,speed,1500,mm/s,heart_rate,135,bpm,cadence,35,rpm
Data,1,record,timestamp,1000000720,,position_lat,-105312643,,position_long,1373016267,,speed,1500,mm/s,heart_rate,135,bpm,cadence,35,rpm
Data,1,record,timestamp,1000000721,,position_lat,-105312832,,position_long,1373016025,,speed,1500,mm/s,heart_rate,135,bpm,cadence,35,rpm
Data,1,record,timestamp,1000000722,,position_lat,-105313007,,position_long,1373015783,,speed,1500,mm/s,heart_rate,135,bpm,cadence,35,rpm
Data,1,record,timestamp,1000000723,,position_lat,-105313168,,position_long,1373015540,,speed,1500,mm/s,heart_rate,135,bpm,cadence,35,rpm
Data,1,record,timestamp,1000000724,,position_lat,-105313314,,position_long,1373015298,,speed,1500,mm/s,heart_rate,135,bpm,cadence,35,rpm
Data,1,record,timestamp,1000000725,,position_lat,-105313445,,position_long,1373015055,,speed,1500,mm/s,heart_rate,135,bpm,cadence,35,rpm
Data,1,record,timestamp,1000000726,,position_lat,-105313561,,position_long,1373014813,,speed,1500,mm/s,heart_rate,135,bpm,cadence,35,rpm
Data,1,record,timestamp,1000000727,,position_lat,-105313662,,position_long,1373014570,,speed,1500,mm/s,heart_rate,135,bpm,cadence,35,rpm
Data,1,record,timestamp,1000000728,,position_lat,-105313749,,position_long,1373014328,,speed,1500,mm/s,heart_rate,135,bpm,cadence,35,rpm
Data,1,record,timestamp,1000000729,,position_lat,-105313821,,position_long,1373014086,,speed,1500,mm/s,heart_rate,135,bpm,cadence,35,rpm
Data,1,record,timestamp,1000000730,,position_lat,-105313879,,position_long,1373013843,,speed,1500,mm/s,heart_rate,135,bpm,cadence,35,rpm
Data,1,record,timestamp,1000000731,,position_lat,-105313923,,position_long,1373013601,,speed,1500,mm/s,heart_rate,135,bpm,cadence,35,rpm
Data,1,record,timestamp,1000000732,,position_lat,-105313954,,position_long,1373013358,,speed,1500,mm/s,heart_rate,135,bpm,cadence,35,rpm
Data,1,record,timestamp,1000000733,,position_lat,-105313972,,position_long,1373013116,,speed,1500,mm/s,heart_rate,135,bpm,cadence,35,rpm
Data,1,record,timestamp,1000000734,,position_lat,-105313979,,position_long,1373012873,,speed,1500,mm/s,heart_rate,135,bpm,cadence,35,rpm
Data,1,record,timestamp,1000000735,,position_lat,-105313974,,position_long,1373012631,,speed,1500,mm/s,heart_rate,135,bpm,cadence,35,rpm
Data,1,record,timestamp,1000000736,,position_lat,-105313958,,position_long,1373012388,,speed,1500,mm/s,heart_rate,135,bpm,cadence,35,rpm
Data,1,record,timestamp,1000000737,,position_lat,-105313934,,position_long,1373012146,,speed,1500,mm/s,heart_rate,135,bpm,cadence,35,rpm
Data,1,record,timestamp,1000000738,,position_lat,-105313901,,position_long,1373011904,,speed,1500,mm/s,heart_rate,135,bpm,cadence,35,rpm
Data,1,record,timestamp,1000000739,,position_lat,-105313861,,position_long,1373011661,,speed,1500,mm/s,heart_rate,135,bpm,cadence,35,rpm
Data,1,record,timestamp,1000000740,,position_lat,-105313814,,position_long,1373011419,,speed,1500,mm/s,heart_rate,135,bpm,cadence,35,rpm
Data,1,record,timestamp,1000000741,,position_lat,-105313763,,position_long,1373011176,,speed,1500,mm/s,heart_rate,135,bpm,cadence,35,rpm
Data,1,record,timestamp,1000000742,,position_lat,-105313708,,position_long,1373010934,,speed,1500,mm/s,heart_rate,135,bpm,cadence,35,rpm
Data,1,record,timestamp,1000000743,,position_lat,-105313650,,position_long,1373010691,,speed,1500,mm/s,heart_rate,135,bpm,cadence,35,rpm
Data,1,record,timestamp,1000000744,,position_lat,-105313590,,position_long,1373010449,,speed,1500,mm/s,heart_rate,135,bpm,cadence,35,rpm
Data,1,record,timestamp,1000000745,,position_lat,-105313531,,position_long,1373010207,,speed,1500,mm/s,heart_rate,135,bpm,cadence,35,rpm
Data,1,record,timestamp,1000000746,,position_lat,-105313472,,position_long,1373009964,,speed,1500,mm/s,heart_rate,135,bpm,cadence,35,rpm
Data,1,record,timestamp,1000000747,,position_lat,-105313416,,position_long,1373009722,,speed,1500,mm/s,heart_rate,135,bpm,cadence,35,rpm
Data,1,record,timestamp,1000000748,,position_lat,-105313363,,position_long,1373009479,,speed,1500,mm/s,heart_rate,135,bpm,cadence,35,rpm
Data,1,record,timestamp,1000000749,,position_lat,-105313315,,position_long,1373009237,,speed,1500,mm/s,heart_rate,135,bpm,cadence,35,rpm
Data,1,record,timestamp,1000000750,,position_lat,-105313273,,position_long,1373008994,,speed,1500,mm/s,heart_rate,135,bpm,cadence,35,rpm
Data,1,record,timestamp,1000000751,,position_lat,-105313238,,position_long,1373008752,,speed,1500,mm/s,heart_rate,135,bpm,cadence,35,rpm
Data,1,record,timestamp,1000000752,,position_lat,-105313211,,position_long,1373008510,,speed,1500,mm/s,heart_rate,135,bpm,cadence,35,rpm
Data,1,record,timestamp,1000000753,,position_lat,-105313193,,position_long,1373008267,,speed,1500,mm/s,heart_rate,135,bpm,cadence,35,rpm
Data,1,record,timestamp,1000000754,,position_lat,-105313185,,position_long,1373008025,,speed,1500,mm/s,heart_rate,135,bpm,cadence,35,rpm
Data,1,record,timestamp,1000000755,,position_lat,-105313188,,position_long,1373007782,,speed,1500,mm/s,heart_rate,135,bpm,cadence,35,rpm
Data,1,record,timestamp,1000000756,,position_lat,-105313203,,position_long,1373007540,,speed,1500,mm/s,heart_rate,135,bpm,cadence,35,rpm
Data,1,record,timestamp,1000000757,,position_lat,-105313230,,position_long,1373007297,,speed,1500,mm/s,heart_rate,135,bpm,cadence,35,rpm
Data,1,record,timestamp,1000000758,,position_lat,-105313270,,position_long,1373007055,,speed,1500,mm/s,heart_rate,135,bpm,cadence,35,rpm
Data,1,record,timestamp,1000000759,,position_lat,-105313324,,position_long,1373006812,,speed,1500,mm/s,heart_rate,135,bpm,cadence,35,rpm
Data,1,record,timestamp,1000000760,,position_lat,-105313392,,position_long,1373006570,,speed,1500,mm/s,heart_rate,135,bpm,cadence,35,rpm
Data,1,record,timestamp,1000000761,,position_lat,-105313474,,position_long,1373006328,,speed,1500,mm/s,heart_rate,135,bpm,cadence,35,rpm
Data,1,record,timestamp,1000000762,,position_lat,-105313571,,position_long,1373006085,,speed,1500,mm/s,heart_rate,135,bpm,cadence,35,rpm
Data,1,record,timestamp,1000000763,,position_lat,-105313683,,position_long,1373005843,,speed,1500,mm/s,heart_rate,135,bpm,cadence,35,rpm
Data,1,record,timestamp,1000000764,,position_lat,-105313810,,position_long,1373005600,,speed,1500,mm/s,heart_rate,135,bpm,cadence,35,rpm
Data,1,record,timestamp,1000000765,,position_lat,-105313810,,position_long,1373005624,,speed,100,mm/s,heart_rate,95,bpm,cadence,0,rpm
Data,1,record,timestamp,1000000766,,position_lat,-105313807,,position_long,1373005648,,speed,100,mm/s,heart_rate,95,bpm,cadence,0,rpm
Data,1,record,timestamp,1000000767,,position_lat,-105313803,,position_long,1373005671,,speed,100,mm/s,heart_rate,95,bpm,cadence,0,rpm
Data,1,record,timestamp,1000000768,,position_lat,-105313796,,position_long,1373005694,,speed,100,mm/s,heart_rate,95,bpm,cadence,0,rpm
Data,1,record,timestamp,1000000769,,position_lat,-105313786,,position_long,1373005716,,speed,100,mm/s,heart_rate,95,bpm,cadence,0,rpm
Data,1,record,timestamp,1000000770,,position_lat,-105313775,,position_long,1373005737,,speed,100,mm/s,heart_rate,95,bpm,cadence,0,rpm
Data,1,record,timestamp,1000000771,,position_lat,-105313761,,position_long,1373005757,,speed,100,mm/s,heart_rate,95,bpm,cadence,0,rpm
Data,1,record,timestamp,1000000772,,position_lat,-105313746,,position_long,1373005775,,speed,100,mm/s,heart_rate,95,bpm,cadence,0,rpm
Data,1,record,timestamp,1000000773,,position_lat,-105313729,,position_long,1373005792,,speed,100,mm/s,heart_rate,95,bpm,cadence,0,rpm
Data,1,record,timestamp,1000000774,,position_lat,-105313710,,position_long,1373005806,,speed,100,mm/s,heart_rate,95,bpm,cadence,0,rpm
Data,1,record,timestamp,1000000775,,position_lat,-105313690,,position_long,1373005819,,speed,100,mm/s,heart_rate,95,bpm,cadence,0,rpm
Data,1,record,timestamp,1000000776,,position_lat,-105313669,,position_long,1373005830,,speed,100,mm/s,heart_rate,95,bpm,cadence,0,rpm
Data,1,record,timestamp,1000000777,,position_lat,-105313647,,position_long,1373005839,,speed,100,mm/s,heart_rate,95,bpm,cadence,0,rpm
Data,1,record,timestamp,1000000778,,position_lat,-105313624,,position_long,1373005845,,speed,100,mm/s,heart_rate,95,bpm,cadence,0,rpm
Data,1,record,timestamp,1000000779,,position_lat,-105313600,,position_long,1373005849,,speed,100,mm/s,heart_rate,95,bpm,cadence,0,rpm
Data,1,record,timestamp,1000000780,,position_lat,-105313576,,position_long,1373005851,,speed,100,mm/s,heart_rate,95,bpm,cadence,0,rpm
Data,1,record,timestamp,1000000781,,position_lat,-105313552,,position_long,1373005850,,speed,100,mm/s,heart_rate,95,bpm,cadence,0,rpm
Data,1,record,timestamp,1000000782,,position_lat,-105313529,,position_long,1373005847,,speed,100,mm/s,heart_rate,95,bpm,cadence,0,rpm
Data,1,record,timestamp,1000000783,,position_lat,-105313505,,position_long,1373005842,,speed,100,mm/s,heart_rate,95,bpm,cadence,0,rpm
Data,1,record,timestamp,1000000784,,position_lat,-105313483,,position_long,1373005834,,speed,100,mm/s,heart_rate,95,bpm,cadence,0,rpm
Data,1,record,timestamp,1000000785,,position_lat,-105313461,,position_long,1373005824,,speed,100,mm/s,heart_rate,95,bpm,cadence,0,rpm
Data,1,record,timestamp,1000000786,,position_lat,-105313441,,position_long,1373005812,,speed,100,mm/s,heart_rate,95,bpm,cadence,0,rpm
Data,1,record,timestamp,1000000787,,position_lat,-105313421,,position_long,1373005798,,speed,100,mm/s,heart_rate,95,bpm,cadence,0,rpm
Data,1,record,timestamp,1000000788,,position_lat,-105313404,,position_long,1373005782,,speed,100,mm/s,heart_rate,95,bpm,cadence,0,rpm
Data,1,record,timestamp,1000000789,,position_lat,-105313387,,position_long,1373005764,,speed,100,mm/s,heart_rate,95,bpm,cadence,0,rpm
Data,1,record,timestamp,1000000790,,position_lat,-105313373,,position_long,1373005745,,speed,100,mm/s,heart_rate,95,bpm,cadence,0,rpm
Data,1,record,timestamp,1000000791,,position_lat,-105313361,,position_long,1373005725,,speed,100,mm/s,heart_rate,95,bpm,cadence,0,rpm
Data,1,record,timestamp,1000000792,,position_lat,-105313351,,position_long,1373005703,,speed,100,mm/s,heart_rate,95,bpm,cadence,0,rpm
Data,1,record,timestamp,1000000793,,position_lat,-105313343,,position_long,1373005681,,speed,100,mm/s,heart_rate,95,bpm,cadence,0,rpm
Data,1,record,timestamp,1000000794,,position_lat,-105313337,,position_long,1373005658,,speed,100,mm/s,heart_rate,95,bpm,cadence,0,rpm
Data,1,record,timestamp,1000000795,,position_lat,-105313334,,position_long,1373005634,,speed,100,mm/s,heart_rate,95,bpm,cadence,0,rpm
Data,1,record,timestamp,1000000796,,position_lat,-105313333,,position_long,1373005610,,speed,100,mm/s,heart_rate,95,bpm,cadence,0,rpm
Data,1,record,timestamp,1000000797,,position_lat,-105313334,,position_long,1373005586,,speed,100,mm/s,heart_rate,95,bpm,cadence,0,rpm
Data,1,record,timestamp,1000000798,,position_lat,-105313338,,position_long,1373005563,,speed,100,mm/s,heart_rate,95,bpm,cadence,0,rpm
Data,1,record,timestamp,1000000799,,position_lat,-105313344,,position_long,1373005540,,speed,100,mm/s,heart_rate,95,bpm,cadence,0,rpm
Data,1,record,timestamp,1000000800,,position_lat,-105313352,,position_long,1373005517,,speed,100,mm/s,heart_rate,95,bpm,cadence,0,rpm
Data,1,record,timestamp,1000000801,,position_lat,-105313363,,position_long,1373005496,,speed,100,mm/s,heart_rate,95,bpm,cadence,0,rpm
Data,1,record,timestamp,1000000802,,position_lat,-105313375,,position_long,1373005476,,speed,100,mm/s,heart_rate,95,bpm,cadence,0,rpm
Data,1,record,timestamp,1000000803,,position_lat,-105313390,,position_long,1373005457,,speed,100,mm/s,heart_rate,95,bpm,cadence,0,rpm
Data,1,record,timestamp,1000000804,,position_lat,-105313406,,position_long,1373005440,,speed,100,mm/s,heart_rate,95,bpm,cadence,0,rpm
Data,1,record,timestamp,1000000805,,position_lat,-105313424,,position_long,1373005424,,speed,100,mm/s,heart_rate,95,bpm,cadence,0,rpm
Data,1,record,timestamp,1000000806,,position_lat,-105313444,,position_long,1373005410,,speed,100,mm/s,heart_rate,95,bpm,cadence,0,rpm
Data,1,record,timestamp,1000000807,,position_lat,-105313465,,position_long,1373005399,,speed,100,mm/s,heart_rate,95,bpm,cadence,0,rpm
Data,1,record,timestamp,1000000808,,position_lat,-105313487,,position_long,1373005389,,speed,100,mm/s,heart_rate,95,bpm,cadence,0,rpm
Data,1,record,timestamp,1000000809,,position_lat,-105313509,,position_long,1373005382,,speed,100,mm/s,heart_rate,95,bpm,cadence,0,rpm
Data,1,record,timestamp,1000000810,,position_lat,-105313533,,position_long,1373005377,,speed,100,mm/s,heart_rate,95,bpm,cadence,0,rpm
Data,1,record,timestamp,1000000811,,position_lat,-105313556,,position_long,1373005374,,speed,100,mm/s,heart_rate,95,bpm,cadence,0,rpm
Data,1,record,timestamp,1000000812,,position_lat,-105313580,,position_long,1373005374,,speed,100,mm/s,heart_rate,95,bpm,cadence,0,rpm
Data,1,record,timestamp,1000000813,,position_lat,-105313604,,position_long,1373005376,,speed,100,mm/s,heart_rate,95,bpm,cadence,0,rpm
Data,1,record,timestamp,1000000814,,position_lat,-105313627,,position_long,1373005380,,speed,100,mm/s,heart_rate,95,bpm,cadence,0,rpm
Data,1,record,timestamp,1000000815,,position_lat,-105313650,,position_long,1373005387,,speed,100,mm/s,heart_rate,95,bpm,cadence,0,rpm
Data,1,record,timestamp,1000000816,,position_lat,-105313672,,position_long,1373005396,,speed,100,mm/s,heart_rate,95,bpm,cadence,0,rpm
Data,1,record,timestamp,1000000817,,position_lat,-105313694,,position_long,1373005407,,speed,100,mm/s,heart_rate,95,bpm,cadence,0,rpm
Data,1,record,timestamp,1000000818,,position_lat,-105313713,,position_long,1373005420,,speed,100,mm/s,heart_rate,95,bpm,cadence,0,rpm
Data,1,record,timestamp,1000000819,,position_lat,-105313732,,position_long,1373005436,,speed,100,mm/s,heart_rate,95,bpm,cadence,0,rpm
Data,1,record,timestamp,1000000820,,position_lat,-105313749,,position_long,1373005452,,speed,100,mm/s,heart_rate,95,bpm,cadence,0,rpm
Data,1,record,timestamp,1000000821,,position_lat,-105313764,,position_long,1373005471,,speed,100,mm/s,heart_rate,95,bpm,cadence,0,rpm
Data,1,record,timestamp,1000000822,,position_lat,-105313777,,position_long,1373005491,,speed,100,mm/s,heart_rate,95,bpm,cadence,0,rpm
Data,1,record,timestamp,1000000823,,position_lat,-105313788,,position_long,1373005512,,speed,100,mm/s,heart_rate,95,bpm,cadence,0,rpm
Data,1,record,timestamp,1000000824,,position_lat,-105313797,,position_long,1373005534,,speed,100,mm/s,heart_rate,95,bpm,cadence,0,rpm
Data,1,record,timestamp,1000000825,,position_lat,-105313804,,position_long,1373005557,,speed,100,mm/s,heart_rate,95,bpm,cadence,0,rpm
Data,1,record,timestamp,1000000826,,position_lat,-105313808,,position_long,1373005581,,speed,100,mm/s,heart_rate,95,bpm,cadence,0,rpm
Data,1,record,timestamp,1000000827,,position_lat,-105313810,,position_long,1373005604,,speed,100,mm/s,heart_rate,95,bpm,cadence,0,rpm
Data,1,record,timestamp,1000000828,,position_lat,-105313809,,position_long,1373005628,,speed,100,mm/s,heart_rate,95,bpm,cadence,0,rpm
Data,1,record,timestamp,1000000829,,position_lat,-105313807,,position_long,1373005652,,speed,100,mm/s,heart_rate,95,bpm,cadence,0,rpm
Data,1,record,timestamp,1000000830,,position_lat,-105313802,,position_long,1373005675,,speed,100,mm/s,heart_rate,95,bpm,cadence,0,rpm
Data,1,record,timestamp,1000000831,,position_lat,-105313794,,position_long,1373005698,,speed,100,mm/s,heart_rate,95,bpm,cadence,0,rpm
Data,1,record,timestamp,1000000832,,position_lat,-105313784,,position_long,1373005720,,speed,100,mm/s,heart_rate,95,bpm,cadence,0,rpm
Data,1,record,timestamp,1000000833,,position_lat,-105313773,,position_long,1373005740,,speed,100,mm/s,heart_rate,95,bpm,cadence,0,rpm
Data,1,record,timestamp,1000000834,,position_lat,-105313759,,position_long,1373005760,,speed,100,mm/s,heart_rate,95,bpm,cadence,0,rpm
Data,1,record,timestamp,1000000835,,position_lat,-105313743,,position_long,1373005778,,speed,100,mm/s,heart_rate,95,bpm,cadence,0,rpm
Data,1,record,timestamp,1000000836,,position_lat,-105313726,,position_long,1373005794,,speed,100,mm/s,heart_rate,95,bpm,cadence,0,rpm
Data,1,record,timestamp,1000000837,,position_lat,-105313707,,position_long,1373005809,,speed,100,mm/s,heart_rate,95,bpm,cadence,0,rpm
Data,1,record,timestamp,1000000838,,position_lat,-105313687,,position_long,1373005821,,speed,100,mm/s,heart_rate,95,bpm,cadence,0,rpm
Data,1,record,timestamp,1000000839,,position_lat,-105313665,,position_long,1373005832,,speed,100,mm/s,heart_rate,95,bpm,cadence,0,rpm
Data,1,record,timestamp,1000000840,,position_lat,-105313643,,position_long,1373005840,,speed,100,mm/s,heart_rate,95,bpm,cadence,0,rpm
Data,1,record,timestamp,1000000841,,position_lat,-105313620,,position_long,1373005846,,speed,100,mm/s,heart_rate,95,bpm,cadence,0,rpm
Data,1,record,timestamp,1000000842,,position_lat,-105313596,,position_long,1373005850,,speed,100,mm/s,heart_rate,95,bpm,cadence,0,rpm
Data,1,record,timestamp,1000000843,,position_lat,-105313572,,position_long,1373005851,,speed,100,mm/s,heart_rate,95,bpm,cadence,0,rpm
Data,1,record,timestamp,1000000844,,position_lat,-105313548,,position_long,1373005850,,speed,100,mm/s,heart_rate,95,bpm,cadence,0,rpm
Data,1,record,timestamp,1000000845,,position_lat,-105313525,,position_long,1373005846,,speed,100,mm/s,heart_rate,95,bpm,cadence,0,rpm
Data,1,record,timestamp,1000000846,,position_lat,-105313502,,position_long,1373005841,,speed,100,mm/s,heart_rate,95,bpm,cadence,0,rpm
Data,1,record,timestamp,1000000847,,position_lat,-105313479,,position_long,1373005832,,speed,100,mm/s,heart_rate,95,bpm,cadence,0,rpm
Data,1,record,timestamp,1000000848,,position_lat,-105313458,,position_long,1373005822,,speed,100,mm/s,heart_rate,95,bpm,cadence,0,rpm
Data,1,record,timestamp,1000000849,,position_lat,-105313437,,position_long,1373005810,,speed,100,mm/s,heart_rate,95,bpm,cadence,0,rpm
Data,1,record,timestamp,1000000850,,position_lat,-105313418,,position_long,1373005795,,speed,100,mm/s,heart_rate,95,bpm,cadence,0,rpm
Data,1,record,timestamp,1000000851,,position_lat,-105313401,,position_long,1373005779,,speed,100,mm/s,heart_rate,95,bpm,cadence,0,rpm
Data,1,record,timestamp,1000000852,,position_lat,-105313385,,position_long,1373005761,,speed,100,mm/s,heart_rate,95,bpm,cadence,0,rpm
Data,1,record,timestamp,1000000853,,position_lat,-105313371,,position_long,1373005742,,speed,100,mm/s,heart_rate,95,bpm,cadence,0,rpm
Data,1,record,timestamp,1000000854,,position_lat,-105313359,,position_long,1373005721,,speed,100,mm/s,heart_rate,95,bpm,cadence,0,rpm
Data,1,record,timestamp,1000000855,,position_lat,-105313049,,position_long,1373006962,,speed,11050,mm/s,heart_rate,155,bpm,cadence,0,rpm
Data,1,record,timestamp,1000000856,,position_lat,-105312739,,position_long,1373008203,,speed,11050,mm/s,heart_rate,155,bpm,cadence,0,rpm
Data,1,record,timestamp,1000000857,,position_lat,-105312428,,position_long,1373009444,,speed,11050,mm/s,heart_rate,155,bpm,cadence,0,rpm
Data,1,record,timestamp,1000000858,,position_lat,-105312118,,position_long,1373010684,,speed,11050,mm/s,heart_rate,155,bpm,cadence,0,rpm
Data,1,record,timestamp,1000000859,,position_lat,-105311808,,position_long,1373011925,,speed,11050,mm/s,heart_rate,155,bpm,cadence,0,rpm
Data,1,record,timestamp,1000000860,,position_lat,-105311498,,position_long,1373013166,,speed,11050,mm/s,heart_rate,155,bpm,cadence,0,rpm
Data,1,record,timestamp,1000000861,,position_lat,-105311188,,position_long,1373014407,,speed,11050,mm/s,heart_rate,155,bpm,cadence,0,rpm
Data,1,record,timestamp,1000000862,,position_lat,-105310877,,position_long,1373015648,,speed,11050,mm/s,heart_rate,155,bpm,cadence,0,rpm
Data,1,record,timestamp,1000000863,,position_lat,-105310567,,position_long,1373016888,,speed,11050,mm/s,heart_rate,155,bpm,cadence,0,rpm
Data,1,record,timestamp,1000000864,,position_lat,-105310257,,position_long,1373018129,,speed,11050,mm/s,heart_rate,155,bpm,cadence,0,rpm
Data,1,record,timestamp,1000000865,,position_lat,-105309947,,position_long,1373019370,,speed,11050,mm/s,heart_rate,155,bpm,cadence,0,rpm
Data,1,record,timestamp,1000000866,,position_lat,-105309637,,position_long,1373020611,,speed,11050,mm/s,heart_rate,155,bpm,cadence,0,rpm
Data,1,record,timestamp,1000000867,,position_lat,-105309326,,position_long,1373021851,,speed,11050,mm/s,heart_rate,155,bpm,cadence,0,rpm
Data,1,record,timestamp,1000000868,,position_lat,-105309016,,position_long,1373023092,,speed,11050,mm/s,heart_rate,155,bpm,cadence,0,rpm
Data,1,record,timestamp,1000000869,,position_lat,-105308706,,position_long,1373024333,,speed,11050,mm/s,heart_rate,155,bpm,cadence,0,rpm
Data,1,record,timestamp,1000000870,,position_lat,-105308396,,position_long,1373025574,,speed,11050,mm/s,heart_rate,155,bpm,cadence,0,rpm
Data,1,record,timestamp,1000000871,,position_lat,-105308086,,position_long,1373026814,,speed,11050,mm/s,heart_rate,155,bpm,cadence,0,rpm
Data,1,record,timestamp,1000000872,,position_lat,-105307776,,position_long,1373028055,,speed,11050,mm/s,heart_rate,155,bpm,cadence,0,rpm
Data,1,record,timestamp,1000000873,,position_lat,-105307465,,position_long,1373029296,,speed,11050,mm/s,heart_rate,155,bpm,cadence,0,rpm
Data,1,record,timestamp,1000000874,,position_lat,-105307155,,position_long,1373030537,,speed,11050,mm/s,heart_rate,155,bpm,cadence,0,rpm
Data,1,record,timestamp,1000000875,,position_lat,-105306845,,position_long,1373031778,,speed,11050,mm/s,heart_rate,155,bpm,cadence,0,rpm
Data,1,record,timestamp,1000000876,,position_lat,-105306535,,position_long,1373033018,,speed,11050,mm/s,heart_rate,155,bpm,cadence,0,rpm
Data,1,record,timestamp,1000000877,,position_lat,-105306225,,position_long,1373034259,,speed,11050,mm/s,heart_rate,155,bpm,cadence,0,rpm
Data,1,record,timestamp,1000000878,,position_lat,-105305914,,position_long,1373035500,,speed,11050,mm/s,heart_rate,155,bpm,cadence,0,rpm
Data,1,record,timestamp,1000000879,,position_lat,-105305604,,position_long,1373036741,,speed,11050,mm/s,heart_rate,155,bpm,cadence,0,rpm
Data,1,record,timestamp,1000000880,,position_lat,-105305294,,position_long,1373037981,,speed,11050,mm/s,heart_rate,155,bpm,cadence,0,rpm
Data,1,record,timestamp,1000000881,,position_lat,-105304984,,position_long,1373039222,,speed,11050,mm/s,heart_rate,155,bpm,cadence,0,rpm
Data,1,record,timestamp,1000000882,,position_lat,-105304674,,position_long,1373040463,,speed,11050,mm/s,heart_rate,155,bpm,cadence,0,rpm
Data,1,record,timestamp,1000000883,,position_lat,-105304363,,position_long,1373041704,,speed,11050,mm/s,heart_rate,155,bpm,cadence,0,rpm
Data,1,record,timestamp,1000000884,,position_lat,-105304053,,position_long,1373042944,,speed,11050,mm/s,heart_rate,155,bpm,cadence,0,rpm
Data,1,record,timestamp,1000000885,,position_lat,-105303743,,position_long,1373044185,,speed,11050,mm/s,heart_rate,155,bpm,cadence,0,rpm
Data,1,record,timestamp,1000000886,,position_lat,-105303433,,position_long,1373045426,,speed,11050,mm/s,heart_rate,155,bpm,cadence,0,rpm
Data,1,record,timestamp,1000000887,,position_lat,-105303123,,position_long,1373046667,,speed,11050,mm/s,heart_rate,155,bpm,cadence,0,rpm
Data,1,record,timestamp,1000000888,,position_lat,-105302812,,position_long,1373047907,,speed,11050,mm/s,heart_rate,155,bpm,cadence,0,rpm
Data,1,record,timestamp,1000000889,,position_lat,-105302502,,position_long,1373049148,,speed,11050,mm/s,heart_rate,155,bpm,cadence,0,rpm
Data,1,record,timestamp,1000000890,,position_lat,-105302192,,position_long,1373050389,,speed,11050,mm/s,heart_rate,155,bpm,cadence,0,rpm
Data,1,record,timestamp,1000000891,,position_lat,-105301882,,position_long,1373051630,,speed,11050,mm/s,heart_rate,155,bpm,cadence,0,rpm
Data,1,record,timestamp,1000000892,,position_lat,-105301572,,position_long,1373052871,,speed,11050,mm/s,heart_rate,155,bpm,cadence,0,rpm
Data,1,record,timestamp,1000000893,,position_lat,-105301261,,position_long,1373054111,,speed,11050,mm/s,heart_rate,155,bpm,cadence,0,rpm
Data,1,record,timestamp,1000000894,,position_lat,-105300951,,position_long,1373055352,,speed,11050,mm/s,heart_rate,155,bpm,cadence,0,rpm
Data,1,record,timestamp,1000000895,,position_lat,-105300641,,position_long,1373056593,,speed,11050,mm/s,heart_rate,155,bpm,cadence,0,rpm
Data,1,record,timestamp,1000000896,,position_lat,-105300331,,position_long,1373057834,,speed,11050,mm/s,heart_rate,155,bpm,cadence,0,rpm
Data,1,record,timestamp,1000000897,,position_lat,-105300021,,position_long,1373059074,,speed,11050,mm/s,heart_rate,155,bpm,cadence,0,rpm
Data,1,record,timestamp,1000000898,,position_lat,-105299711,,position_long,1373060315,,speed,11050,mm/s,heart_rate,155,bpm,cadence,0,rpm
Data,1,record,timestamp,1000000899,,position_lat,-105299400,,position_long,1373061556,,speed,11050,mm/s,heart_rate,155,bpm,cadence,0,rpm
Data,1,record,timestamp,1000000900,,position_lat,-105299520,,position_long,1373061289,,speed,1500,mm/s,heart_rate,135,bpm,cadence,35,rpm
Data,1,record,timestamp,1000000901,,position_lat,-105299624,,position_long,1373061023,,speed,1500,mm/s,heart_rate,135,bpm,cadence,35,rpm
Data,1,record,timestamp,1000000902,,position_lat,-105299714,,position_long,1373060757,,speed,1500,mm/s,heart_rate,135,bpm,cadence,35,rpm
Data,1,record,timestamp,1000000903,,position_lat,-105299789,,position_long,1373060490,,speed,1500,mm/s,heart_rate,135,bpm,cadence,35,rpm
Data,1,record,timestamp,1000000904,,position_lat,-105299849,,position_long,1373060224,,speed,1500,mm/s,heart_rate,135,bpm,cadence,35,rpm
Data,1,record,timestamp,1000000905,,position_lat,-105299896,,position_long,1373059957,,speed,1500,mm/s,heart_rate,135,bpm,cadence,35,rpm
Data,1,record,timestamp,1000000906,,position_lat,-105299930,,position_long,1373059691,,speed,1500,mm/s,heart_rate,135,bpm,cadence,35,rpm
Data,1,record,timestamp,1000000907,,position_lat,-105299951,,position_long,1373059424,,speed,1500,mm/s,heart_rate,135,bpm,cadence,35,rpm
Data,1,record,timestamp,1000000908,,position_lat,-105299959,,position_long,1373059158,,speed,1500,mm/s,heart_rate,135,bpm,cadence,35,rpm
Data,1,record,timestamp,1000000909,,position_lat,-105299957,,position_long,1373058891,,speed,1500,mm/s,heart_rate,135,bpm,cadence,35,rpm
Data,1,record,timestamp,1000000910,,position_lat,-105299943,,position_long,1373058625,,speed,1500,mm/s,heart_rate,135,bpm,cadence,35,rpm
Data,1,record,timestamp,1000000911,,position_lat,-105299921,,position_long,1373058358,,speed,1500,mm/s,heart_rate,135,bpm,cadence,35,rpm
Data,1,record,timestamp,1000000912,,position_lat,-105299889,,position_long,1373058092,,speed,1500,mm/s,heart_rate,135,bpm,cadence,35,rpm
Data,1,record,timestamp,1000000913,,position_lat,-105299851,,position_long,1373057826,,speed,1500,mm/s,heart_rate,135,bpm,cadence,35,rpm
Data,1,record,timestamp,1000000914,,position_lat,-105299805,,position_long,1373057559,,speed,1500,mm/s,heart_rate,135,bpm,cadence,35,rpm
Data,1,record,timestamp,1000000915,,position_lat,-105299755,,position_long,1373057293,,speed,1500,mm/s,heart_rate,135,bpm,cadence,35,rpm
Data,1,record,timestamp,1000000916,,position_lat,-105299700,,position_long,1373057026,,speed,1500,mm/s,heart_rate,135,bpm,cadence,35,rpm
Data,1,record,timestamp,1000000917,,position_lat,-105299643,,position_long,1373056760,,speed,1500,mm/s,heart_rate,135,bpm,cadence,35,rpm
Data,1,record,timestamp,1000000918,,position_lat,-105299583,,position_long,1373056493,,speed,1500,mm/s,heart_rate,135,bpm,cadence,35,rpm
Data,1,record,timestamp,1000000919,,position_lat,-105299524,,position_long,1373056227,,speed,1500,mm/s,heart_rate,135,bpm,cadence,35,rpm
Data,1,record,timestamp,1000000920,,position_lat,-105299465,,position_long,1373055960,,speed,1500,mm/s,heart_rate,135,bpm,cadence,35,rpm
Data,1,record,timestamp,1000000921,,position_lat,-105299408,,position_long,1373055694,,speed,1500,mm/s,heart_rate,135,bpm,cadence,35,rpm
Data,1,record,timestamp,1000000922,,position_lat,-105299355,,position_long,1373055427,,speed,1500,mm/s,heart_rate,135,bpm,cadence,35,rpm
Data,1,record,timestamp,1000000923,,position_lat,-105299306,,position_long,1373055161,,speed,1500,mm/s,heart_rate,135,bpm,cadence,35,rpm
Data,1,record,timestamp,1000000924,,position_lat,-105299262,,position_long,1373054895,,speed,1500,mm/s,heart_rate,135,bpm,cadence,35,rpm
Data,1,record,timestamp,1000000925,,position_lat,-105299226,,position_long,1373054628,,speed,1500,mm/s,heart_rate,135,bpm,cadence,35,rpm
Data,1,record,timestamp,1000000926,,position_lat,-105299197,,position_long,1373054362,,speed,1500,mm/s,heart_rate,135,bpm,cadence,35,rpm
Data,1,record,timestamp,1000000927,,position_lat,-105299177,,position_long,1373054095,,speed,1500,mm/s,heart_rate,135,bpm,cadence,35,rpm
Data,1,record,timestamp,1000000928,,position_lat,-105299167,,position_long,1373053829,,speed,1500,mm/s,heart_rate,135,bpm,cadence,35,rpm
Data,1,record,timestamp,1000000929,,position_lat,-105299167,,position_long,1373053562,,speed,1500,mm/s,heart_rate,135,bpm,cadence,35,rpm
Data,1,record,timestamp,1000000930,,position_lat,-105299180,,position_long,1373053296,,speed,1500,mm/s,heart_rate,135,bpm,cadence,35,rpm
Data,1,record,timestamp,1000000931,,position_lat,-105299204,,position_long,1373053029,,speed,1500,mm/s,heart_rate,135,bpm,cadence,35,rpm
Data,1,record,timestamp,1000000932,,position_lat,-105299242,,position_long,1373052763,,speed,1500,mm/s,heart_rate,135,bpm,cadence,35,rpm
Data,1,record,timestamp,1000000933,,position_lat,-105299293,,position_long,1373052496,,speed,1500,mm/s,heart_rate,135,bpm,cadence,35,rpm
Data,1,record,timestamp,1000000934,,position_lat,-105299358,,position_long,1373052230,,speed,1500,mm/s,heart_rate,135,bpm,cadence,35,rpm
Data,1,record,timestamp,1000000935,,position_lat,-105299437,,position_long,1373051964,,speed,1500,mm/s,heart_rate,135,bpm,cadence,35,rpm
Data,1,record,timestamp,1000000936,,position_lat,-105299531,,position_long,1373051697,,speed,1500,mm/s,heart_rate,135,bpm,cadence,35,rpm
Data,1,record,timestamp,1000000937,,position_lat,-105299640,,position_long,1373051431,,speed,1500,mm/s,heart_rate,135,bpm,cadence,35,rpm
Data,1,record,timestamp,1000000938,,position_lat,-105299764,,position_long,1373051164,,speed,1500,mm/s,heart_rate,135,bpm,cadence,35,rpm
Data,1,record,timestamp,1000000939,,position_lat,-105299902,,position_long,1373050898,,speed,1500,mm/s,heart_rate,135,bpm,cadence,35,rpm
Data,1,record,timestamp,1000000940,,position_lat,-105300056,,position_long,1373050631,,speed,1500,mm/s,heart_rate,135,bpm,cadence,35,rpm
Data,1,record,timestamp,1000000941,,position_lat,-105300224,,position_long,1373050365,,speed,1500,mm/s,heart_rate,135,bpm,cadence,35,rpm
Data,1,record,timestamp,1000000942,,position_lat,-105300406,,position_long,1373050098,,speed,1500,mm/s,heart_rate,135,bpm,cadence,35,rpm
Data,1,record,timestamp,1000000943,,position_lat,-105300602,,position_long,1373049832,,speed,1500,mm/s,heart_rate,135,bpm,cadence,35,rpm
Data,1,record,timestamp,1000000944,,position_lat,-105300811,,position_long,1373049565,,speed,1500,mm/s,heart_rate,135,bpm,cadence,35,rpm
Data,1,record,timestamp,1000000945,,position_lat,-105301032,,position_long,1373049299,,speed,1500,mm/s,heart_rate,135,bpm,cadence,35,rpm
Data,1,record,timestamp,1000000946,,position_lat,-105301266,,position_long,1373049033,,speed,1500,mm/s,heart_rate,135,bpm,cadence,35,rpm
Data,1,record,timestamp,1000000947,,position_lat,-105301510,,position_long,1373048766,,speed,1500,mm/s,heart_rate,135,bpm,cadence,35,rpm
Data,1,record,timestamp,1000000948,,position_lat,-105301765,,position_long,1373048500,,speed,1500,mm/s,heart_rate,135,bpm,cadence,35,rpm
Data,1,record,timestamp,1000000949,,position_lat,-105302029,,position_long,1373048233,,speed,1500,mm/s,heart_rate,135,bpm,cadence,35,rpm
Data,1,record,timestamp,1000000950,,position_lat,-105302301,,position_long,1373047967,,speed,1500,mm/s,heart_rate,135,bpm,cadence,35,rpm
Data,1,record,timestamp,1000000951,,position_lat,-105302581,,position_long,1373047700,,speed,1500,mm/s,heart_rate,135,bpm,cadence,35,rpm
Data,1,record,timestamp,1000000952,,position_lat,-105302866,,position_long,1373047434,,speed,1500,mm/s,heart_rate,135,bpm,cadence,35,rpm
Data,1,record,timestamp,1000000953,,position_lat,-105303157,,position_long,1373047167,,speed,1500,mm/s,heart_rate,135,bpm,cadence,35,rpm
Data,1,record,timestamp,1000000954,,position_lat,-105303451,,position_long,1373046901,,speed,1500,mm/s,heart_rate,135,bpm,cadence,35,rpm
Data,1,record,timestamp,1000000955,,position_lat,-105303748,,position_long,1373046634,,speed,1500,mm/s,heart_rate,135,bpm,cadence,35,rpm
Data,1,record,timestamp,1000000956,,position_lat,-105304046,,position_long,1373046368,,speed,1500,mm/s,heart_rate,135,bpm,cadence,35,rpm
Data,1,record,timestamp,1000000957,,position_lat,-105304344,,position_long,1373046102,,speed,1500,mm/s,heart_rate,135,bpm,cadence,35,rpm
Data,1,record,timestamp,1000000958,,position_lat,-105304641,,position_long,1373045835,,speed,1500,mm/s,heart_rate,135,bpm,cadence,35,rpm
Data,1,record,timestamp,1000000959,,position_lat,-105304935,,position_long,1373045569,,speed,1500,mm/s,heart_rate,135,bpm,cadence,35,rpm
Data,1,record,timestamp,1000000960,,position_lat,-105305226,,position_long,1373045302,,speed,1500,mm/s,heart_rate,135,bpm,cadence,35,rpm
Data,1,record,timestamp,1000000961,,position_lat,-105305512,,position_long,1373045036,,speed,1500,mm/s,heart_rate,135,bpm,cadence,35,rpm
Data,1,record,timestamp,1000000962,,position_lat,-105305792,,position_long,1373044769,,speed,1500,mm/s,heart_rate,135,bpm,cadence,35,rpm
Data,1,record,timestamp,1000000963,,position_lat,-105306065,,position_long,1373044503,,speed,1500,mm/s,heart_rate,135,bpm,cadence,35,rpm
Data,1,record,timestamp,1000000964,,position_lat,-105306330,,position_long,1373044236,,speed,1500,mm/s,heart_rate,135,bpm,cadence,35,rpm
Data,1,record,timestamp,1000000965,,position_lat,-105306586,,position_long,1373043970,,speed,1500,mm/s,heart_rate,135,bpm,cadence,35,rpm
Data,1,record,timestamp,1000000966,,position_lat,-105306832,,position_long,1373043703,,speed,1500,mm/s,heart_rate,135,bpm,cadence,35,rpm
Data,1,record,timestamp,1000000967,,position_lat,-105307066,,position_long,1373043437,,speed,1500,mm/s,heart_rate,135,bpm,cadence,35,rpm
Data,1,record,timestamp,1000000968,,position_lat,-105307289,,position_long,1373043171,,speed,1500,mm/s,heart_rate,135,bpm,cadence,35,rpm
Data,1,record,timestamp,1000000969,,position_lat,-105307499,,position_long,1373042904,,speed,1500,mm/s,heart_rate,135,bpm,cadence,35,rpm
Data,1,record,timestamp,1000000970,,position_lat,-105307696,,position_long,1373042638,,speed,1500,mm/s,heart_rate,135,bpm,cadence,35,rpm
Data,1,record,timestamp,1000000971,,position_lat,-105307880,,position_long,1373042371,,speed,1500,mm/s,heart_rate,135,bpm,cadence,35,rpm
Data,1,record,timestamp,1000000972,,position_lat,-105308049,,position_long,1373042105,,speed,1500,mm/s,heart_rate,135,bpm,cadence,35,rpm
Data,1,record,timestamp,1000000973,,position_lat,-105308204,,position_long,1373041838,,speed,1500,mm/s,heart_rate,135,bpm,cadence,35,rpm
Data,1,record,timestamp,1000000974,,position_lat,-105308344,,position_long,1373041572,,speed,1500,mm/s,heart_rate,135,bpm,cadence,35,rpm
Data,1,record,timestamp,1000000975,,position_lat,-105308469,,position_long,1373041305,,speed,1500,mm/s,heart_rate,135,bpm,cadence,35,rpm
Data,1,record,timestamp,1000000976,,position_lat,-105308580,,position_long,1373041039,,speed,1500,mm/s,heart_rate,135,bpm,cadence,35,rpm
Data,1,record,timestamp,1000000977,,position_lat,-105308675,,position_long,1373040772,,speed,1500,mm/s,heart_rate,135,bpm,cadence,35,rpm
Data,1,record,timestamp,1000000978,,position_lat,-105308756,,position_long,1373040506,,speed,1500,mm/s,heart_rate,135,bpm,cadence,35,rpm
Data,1,record,timestamp,1000000979,,position_lat,-105308822,,position_long,1373040240,,speed,1500,mm/s,heart_rate,135,bpm,cadence,35,rpm
Data,1,record,timestamp,1000000980,,position_lat,-105308875,,position_long,1373039973,,speed,1500,mm/s,heart_rate,135,bpm,cadence,35,rpm
Data,1,record,timestamp,1000000981,,position_lat,-105308913,,position_long,1373039707,,speed,1500,mm/s,heart_rate,135,bpm,cadence,35,rpm
Data,1,record,timestamp,1000000982,,position_lat,-105308939,,position_long,1373039440,,speed,1500,mm/s,heart_rate,135,bpm,cadence,35,rpm
Data,1,record,timestamp,1000000983,,position_lat,-105308953,,position_long,1373039174,,speed,1500,mm/s,heart_rate,135,bpm,cadence,35,rpm
Data,1,record,timestamp,1000000984,,position_lat,-105308954,,position_long,1373038907,,speed,1500,mm/s,heart_rate,135,bpm,cadence,35,rpm
Data,1,record,timestamp,1000000985,,position_lat,-105308945,,position_long,1373038641,,speed,1500,mm/s,heart_rate,135,bpm,cadence,35,rpm
Data,1,record,timestamp,1000000986,,position_lat,-105308926,,position_long,1373038374,,speed,1500,mm/s,heart_rate,135,bpm,cadence,35,rpm
Data,1,record,timestamp,1000000987,,position_lat,-105308898,,position_long,1373038108,,speed,1500,mm/s,heart_rate,135,bpm,cadence,35,rpm
Data,1,record,timestamp,1000000988,,position_lat,-105308862,,position_long,1373037841,,speed,1500,mm/s,heart_rate,135,bpm,cadence,35,rpm
Data,1,record,timestamp,1000000989,,position_lat,-105308819,,position_long,1373037575,,speed,1500,mm/s,heart_rate,135,bpm,cadence,35,rpm
Data,1,record,timestamp,1000000990,,position_lat,-105308771,,position_long,1373037309,,speed,1500,mm/s,heart_rate,135,bpm,cadence,35,rpm
Data,1,record,timestamp,1000000991,,position_lat,-105308718,,position_long,1373037042,,speed,1500,mm/s,heart_rate,135,bpm,cadence,35,rpm
Data,1,record,timestamp,1000000992,,position_lat,-105308661,,position_long,1373036776,,speed,1500,mm/s,heart_rate,135,bpm,cadence,35,rpm
Data,1,record,timestamp,1000000993,,position_lat,-105308602,,position_long,1373036509,,speed,1500,mm/s,heart_rate,135,bpm,cadence,35,rpm
Data,1,record,timestamp,1000000994,,position_lat,-105308543,,position_long,1373036243,,speed,1500,mm/s,heart_rate,135,bpm,cadence,35,rpm
Data,1,record,timestamp,1000000995,,position_lat,-105308484,,position_long,1373035976,,speed,1500,mm/s,heart_rate,135,bpm,cadence,35,rpm
Data,1,record,timestamp,1000000996,,position_lat,-105308426,,position_long,1373035710,,speed,1500,mm/s,heart_rate,135,bpm,cadence,35,rpm
Data,1,record,timestamp,1000000997,,position_lat,-105308371,,position_long,1373035443,,speed,1500,mm/s,heart_rate,135,bpm,cadence,35,rpm
Data,1,record,timestamp,1000000998,,position_lat,-105308320,,position_long,1373035177,,speed,1500,mm/s,heart_rate,135,bpm,cadence,35,rpm
Data,1,record,timestamp,1000000999,,position_lat,-105308274,,position_long,1373034910,,speed,1500,mm/s,heart_rate,135,bpm,cadence,35,rpm
Data,1,record,timestamp,1000001000,,position_lat,-105308235,,position_long,1373034644,,speed,1500,mm/s,heart_rate,135,bpm,cadence,35,rpm
Data,1,record,timestamp,1000001001,,position_lat,-105308203,,position_long,1373034377,,speed,1500,mm/s,heart_rate,135,bpm,cadence,35,rpm
Data,1,record,timestamp,1000001002,,position_lat,-105308179,,position_long,1373034111,,speed,1500,mm/s,heart_rate,135,bpm,cadence,35,rpm
Data,1,record,timestamp,1000001003,,position_lat,-105308165,,position_long,1373033845,,speed,1500,mm/s,heart_rate,135,bpm,cadence,35,rpm
Data,1,record,timestamp,1000001004,,position_lat,-105308161,,position_long,1373033578,,speed,1500,mm/s,heart_rate,135,bpm,cadence,35,rpm
Data,1,record,timestamp,1000001005,,position_lat,-105308169,,position_long,1373033312,,speed,1500,mm/s,heart_rate,135,bpm,cadence,35,rpm
Data,1,record,timestamp,1000001006,,position_lat,-105308188,,position_long,1373033045,,speed,1500,mm/s,heart_rate,135,bpm,cadence,35,rpm
Data,1,record,timestamp,1000001007,,position_lat,-105308220,,position_long,1373032779,,speed,1500,mm/s,heart_rate,135,bpm,cadence,35,rpm
Data,1,record,timestamp,1000001008,,position_lat,-105308266,,position_long,1373032512,,speed,1500,mm/s,heart_rate,135,bpm,cadence,35,rpm
Data,1,record,timestamp,1000001009,,position_lat,-105308325,,position_long,1373032246,,speed,1500,mm/s,heart_rate,135,bpm,cadence,35,rpm
Data,1,record,timestamp,1000001010,,position_lat,-105308399,,position_long,1373031979,,speed,1500,mm/s,heart_rate,135,bpm,cadence,35,rpm
Data,1,record,timestamp,1000001011,,position_lat,-105308487,,position_long,1373031713,,speed,1500,mm/s,heart_rate,135,bpm,cadence,35,rpm
Data,1,record,timestamp,1000001012,,position_lat,-105308590,,position_long,1373031446,,speed,1500,mm/s,heart_rate,135,bpm,cadence,35,rpm
Data,1,record,timestamp,1000001013,,position_lat,-105308708,,position_long,1373031180,,speed,1500,mm/s,heart_rate,135,bpm,cadence,35,rpm
Data,1,record,timestamp,1000001014,,position_lat,-105308841,,position_long,1373030914,,speed,1500,mm/s,heart_rate,135,bpm,cadence,35,rpm
Data,1,record,timestamp,1000001015,,position_lat,-105308988,,position_long,1373030647,,speed,1500,mm/s,heart_rate,135,bpm,cadence,35,rpm
Data,1,record,timestamp,1000001016,,position_lat,-105309150,,position_long,1373030381,,speed,1500,mm/s,heart_rate,135,bpm,cadence,35,rpm
Data,1,record,timestamp,1000001017,,position_lat,-105309327,,position_long,1373030114,,speed,1500,mm/s,heart_rate,135,bpm,cadence,35,rpm
Data,1,record,timestamp,1000001018,,position_lat,-105309517,,position_long,1373029848,,speed,1500,mm/s,heart_rate,135,bpm,cadence,35,rpm
Data,1,record,timestamp,1000001019,,position_lat,-105309721,,position_long,1373029581,,speed,1500,mm/s,heart_rate,135,bpm,cadence,35,rpm
Data,1,record,timestamp,1000001020,,position_lat,-105309938,,position_long,1373029315,,speed,1500,mm/s,heart_rate,135,bpm,cadence,35,rpm
Data,1,record,timestamp,1000001021,,position_lat,-105310167,,position_long,1373029048,,speed,1500,mm/s,heart_rate,135,bpm,cadence,35,rpm
Data,1,record,timestamp,1000001022,,position_lat,-105310407,,position_long,1373028782,,speed,1500,mm/s,heart_rate,135,bpm,cadence,35,rpm
Data,1,record,timestamp,1000001023,,position_lat,-105310658,,position_long,1373028515,,speed,1500,mm/s,heart_rate,135,bpm,cadence,35,rpm
Data,1,record,timestamp,1000001024,,position_lat,-105310918,,position_long,1373028249,,speed,1500,mm/s,heart_rate,135,bpm,cadence,35,rpm
Data,1,record,timestamp,1000001025,,position_lat,-105311187,,position_long,1373027983,,speed,1500,mm/s,heart_rate,135,bpm,cadence,35,rpm
Data,1,record,timestamp,1000001026,,position_lat,-105311464,,position_long,1373027716,,speed,1500,mm/s,heart_rate,135,bpm,cadence,35,rpm
Data,1,record,timestamp,1000001027,,position_lat,-105311747,,position_long,1373027450,,speed,1500,mm/s,heart_rate,135,bpm,cadence,35,rpm
Data,1,record,timestamp,1000001028,,position_lat,-105312036,,position_long,1373027183,,speed,1500,mm/s,heart_rate,135,bpm,cadence,35,rpm
Data,1,record,timestamp,1000001029,,position_lat,-105312329,,position_long,1373026917,,speed,1500,mm/s,heart_rate,135,bpm,cadence,35,rpm
Data,1,record,timestamp,1000001030,,position_lat,-105312625,,position_long,1373026650,,speed,1500,mm/s,heart_rate,135,bpm,cadence,35,rpm
Data,1,record,timestamp,1000001031,,position_lat,-105312922,,position_long,1373026384,,speed,1500,mm/s,heart_rate,135,bpm,cadence,35,rpm
Data,1,record,timestamp,1000001032,,position_lat,-105313221,,position_long,1373026117,,speed,1500,mm/s,heart_rate,135,bpm,cadence,35,rpm
Data,1,record,timestamp,1000001033,,position_lat,-105313518,,position_long,1373025851,,speed,1500,mm/s,heart_rate,135,bpm,cadence,35,rpm
Data,1,record,timestamp,1000001034,,position_lat,-105313814,,position_long,1373025584,,speed,1500,mm/s,heart_rate,135,bpm,cadence,35,rpm
Data,1,record,timestamp,1000001035,,position_lat,-105314106,,position_long,1373025318,,speed,1500,mm/s,heart_rate,135,bpm,cadence,35,rpm
Data,1,record,timestamp,1000001036,,position_lat,-105314394,,position_long,1373025052,,speed,1500,mm/s,heart_rate,135,bpm,cadence,35,rpm
Data,1,record,timestamp,1000001037,,position_lat,-105314677,,position_long,1373024785,,speed,1500,mm/s,heart_rate,135,bpm,cadence,35,rpm
Data,1,record,timestamp,1000001038,,position_lat,-105314953,,position_long,1373024519,,speed,1500,mm/s,heart_rate,135,bpm,cadence,35,rpm
Data,1,record,timestamp,1000001039,,position_lat,-105315221,,position_long,1373024252,,speed,1500,mm/s,heart_rate,135,bpm,cadence,35,rpm
Data,1,record,timestamp,1000001040,,position_lat,-105315481,,position_long,1373023986,,speed,1500,mm/s,heart_rate,135,bpm,cadence,35,rpm
Data,1,record,timestamp,1000001041,,position_lat,-105315730,,position_long,1373023719,,speed,1500,mm/s,heart_rate,135,bpm,cadence,35,rpm
Data,1,record,timestamp,1000001042,,position_lat,-105315969,,position_long,1373023453,,speed,1500,mm/s,heart_rate,135,bpm,cadence,35,rpm
Data,1,record,timestamp,1000001043,,position_lat,-105316197,,position_long,1373023186,,speed,1500,mm/s,heart_rate,135,bpm,cadence,35,rpm
Data,1,record,timestamp,1000001044,,position_lat,-105316412,,position_long,1373022920,,speed,1500,mm/s,heart_rate,135,bpm,cadence,35,rpm
Data,1,record,timestamp,1000001045,,position_lat,-105316615,,position_long,1373022653,,speed,1500,mm/s,heart_rate,135,bpm,cadence,35,rpm
Data,1,record,timestamp,1000001046,,position_lat,-105316804,,position_long,1373022387,,speed,1500,mm/s,heart_rate,135,bpm,cadence,35,rpm
Data,1,record,timestamp,1000001047,,position_lat,-105316979,,position_long,1373022121,,speed,1500,mm/s,heart_rate,135,bpm,cadence,35,rpm
Data,1,record,timestamp,1000001048,,position_lat,-105317139,,position_long,1373021854,,speed,1500,mm/s,heart_rate,135,bpm,cadence,35,rpm
Data,1,record,timestamp,1000001049,,position_lat,-105317285,,position_long,1373021588,,speed,1500,mm/s,heart_rate,135,bpm,cadence,35,rpm
Data,1,record,timestamp,1000001050,,position_lat,-105317417,,position_long,1373021321,,speed,1500,mm/s,heart_rate,135,bpm,cadence,35,rpm
Data,1,record,timestamp,1000001051,,position_lat,-105317533,,position_long,1373021055,,speed,1500,mm/s,heart_rate,135,bpm,cadence,35,rpm
Data,1,record,timestamp,1000001052,,position_lat,-105317634,,position_long,1373020788,,speed,1500,mm/s,heart_rate,135,bpm,cadence,35,rpm
Data,1,record,timestamp,1000001053,,position_lat,-105317721,,position_long,1373020522,,speed,1500,mm/s,heart_rate,135,bpm,cadence,35,rpm
Data,1,record,timestamp,1000001054,,position_lat,-105317793,,position_long,1373020255,,speed,1500,mm/s,heart_rate,135,bpm,cadence,35,rpm
Data,1,record,timestamp,1000001055,,position_lat,-105317851,,position_long,1373019989,,speed,1500,mm/s,heart_rate,135,bpm,cadence,35,rpm
Data,1,record,timestamp,1000001056,,position_lat,-105317895,,position_long,1373019722,,speed,1500,mm/s,heart_rate,135,bpm,cadence,35,rpm
Data,1,record,timestamp,1000001057,,position_lat,-105317926,,position_long,1373019456,,speed,1500,mm/s,heart_rate,135,bpm,cadence,35,rpm
Data,1,record,timestamp,1000001058,,position_lat,-105317944,,position_long,1373019190,,speed,1500,mm/s,heart_rate,135,bpm,cadence,35,rpm
Data,1,record,timestamp,1000001059,,position_lat,-105317950,,position_long,1373018923,,speed,1500,mm/s,heart_rate,135,bpm,cadence,35,rpm
Data,1,record,timestamp,1000001060,,position_lat,-105317945,,position_long,1373018657,,speed,1500,mm/s,heart_rate,135,bpm,cadence,35,rpm
Data,1,record,timestamp,1000001061,,position_lat,-105317930,,position_long,1373018390,,speed,1500,mm/s,heart_rate,135,bpm,cadence,35,rpm
Data,1,record,timestamp,1000001062,,position_lat,-105317906,,position_long,1373018124,,speed,1500,mm/s,heart_rate,135,bpm,cadence,35,rpm
Data,1,record,timestamp,1000001063,,position_lat,-105317873,,position_long,1373017857,,speed,1500,mm/s,heart_rate,135,bpm,cadence,35,rpm
Data,1,record,timestamp,1000001064,,position_lat,-105317833,,position_long,1373017591,,speed,1500,mm/s,heart_rate,135,bpm,cadence,35,rpm
Data,1,record,timestamp,1000001065,,position_lat,-105317786,,position_long,1373017324,,speed,1500,mm/s,heart_rate,135,bpm,cadence,35,rpm
Data,1,record,timestamp,1000001066,,position_lat,-105317735,,position_long,1373017058,,speed,1500,mm/s,heart_rate,135,bpm,cadence,35,rpm
Data,1,record,timestamp,1000001067,,position_lat,-105317679,,position_long,1373016791,,speed,1500,mm/s,heart_rate,135,bpm,cadence,35,rpm
Data,1,record,timestamp,1000001068,,position_lat,-105317621,,position_long,1373016525,,speed,1500,mm/s,heart_rate,135,bpm,cadence,35,rpm
Data,1,record,timestamp,1000001069,,position_lat,-105317562,,position_long,1373016259,,speed,1500,mm/s,heart_rate,135,bpm,cadence,35,rpm
Data,1,record,timestamp,1000001070,,position_lat,-105317502,,position_long,1373015992,,speed,1500,mm/s,heart_rate,135,bpm,cadence,35,rpm
Data,1,record,timestamp,1000001071,,position_lat,-105317444,,position_long,1373015726,,speed,1500,mm/s,heart_rate,135,bpm,cadence,35,rpm
Data,1,record,timestamp,1000001072,,position_lat,-105317388,,position_long,1373015459,,speed,1500,mm/s,heart_rate,135,bpm,cadence,35,rpm
Data,1,record,timestamp,1000001073,,position_lat,-105317335,,position_long,1373015193,,speed,1500,mm/s,heart_rate,135,bpm,cadence,35,rpm
Data,1,record,timestamp,1000001074,,position_lat,-105317287,,position_long,1373014926,,speed,1500,mm/s,heart_rate,135,bpm,cadence,35,rpm
Data,1,record,timestamp,1000001075,,position_lat,-105317245,,position_long,1373014660,,speed,1500,mm/s,heart_rate,135,bpm,cadence,35,rpm
Data,1,record,timestamp,1000001076,,position_lat,-105317210,,position_long,1373014393,,speed,1500,mm/s,heart_rate,135,bpm,cadence,35,rpm
Data,1,record,timestamp,1000001077,,position_lat,-105317183,,position_long,1373014127,,speed,1500,mm/s,heart_rate,135,bpm,cadence,35,rpm
Data,1,record,timestamp,1000001078,,position_lat,-105317165,,position_long,1373013860,,speed,1500,mm/s,heart_rate,135,bpm,cadence,35,rpm
Data,1,record,timestamp,1000001079,,position_lat,-105317157,,position_long,1373013594,,speed,1500,mm/s,heart_rate,135,bpm,cadence,35,rpm
Data,1,record,timestamp,1000001080,,position_lat,-105317160,,position_long,1373013328,,speed,1500,mm/s,heart_rate,135,bpm,cadence,35,rpm
Data,1,record,timestamp,1000001081,,position_lat,-105317174,,position_long,1373013061,,speed,1500,mm/s,heart_rate,135,bpm,cadence,35,rpm
Data,1,record,timestamp,1000001082,,position_lat,-105317201,,position_long,1373012795,,speed,1500,mm/s,heart_rate,135,bpm,cadence,35,rpm
Data,1,record,timestamp,1000001083,,position_lat,-105317241,,position_long,1373012528,,speed,1500,mm/s,heart_rate,135,bpm,cadence,35,rpm
Data,1,record,timestamp,1000001084,,position_lat,-105317295,,position_long,1373012262,,speed,1500,mm/s,heart_rate,135,bpm,cadence,35,rpm
Data,1,record,timestamp,1000001085,,position_lat,-105317363,,position_long,1373011995,,speed,1500,mm/s,heart_rate,135,bpm,cadence,35,rpm
Data,1,record,timestamp,1000001086,,position_lat,-105317446,,position_long,1373011729,,speed,1500,mm/s,heart_rate,135,bpm,cadence,35,rpm
Data,1,record,timestamp,1000001087,,position_lat,-105317543,,position_long,1373011462,,speed,1500,mm/s,heart_rate,135,bpm,cadence,35,rpm
Data,1,record,timestamp,1000001088,,position_lat,-105317655,,position_long,1373011196,,speed,1500,mm/s,heart_rate,135,bpm,cadence,35,rpm
Data,1,record,timestamp,1000001089,,position_lat,-105317781,,position_long,1373010929,,speed,1500,mm/s,heart_rate,135,bpm,cadence,35,rpm
Data,1,record,timestamp,1000001090,,position_lat,-105317923,,position_long,1373010663,,speed,1500,mm/s,heart_rate,135,bpm,cadence,35,rpm
Data,1,record,timestamp,1000001091,,position_lat,-105318079,,position_long,1373010397,,speed,1500,mm/s,heart_rate,135,bpm,cadence,35,rpm
Data,1,record,timestamp,1000001092,,position_lat,-105318250,,position_long,1373010130,,speed,1500,mm/s,heart_rate,135,bpm,cadence,35,rpm
Data,1,record,timestamp,1000001093,,position_lat,-105318435,,position_long,1373009864,,speed,1500,mm/s,heart_rate,135,bpm,cadence,35,rpm
Data,1,record,timestamp,1000001094,,position_lat,-105318634,,position_long,1373009597,,speed,1500,mm/s,heart_rate,135,bpm,cadence,35,rpm
Data,1,record,timestamp,1000001095,,position_lat,-105318845,,position_long,1373009331,,speed,1500,mm/s,heart_rate,135,bpm,cadence,35,rpm
Data,1,record,timestamp,1000001096,,position_lat,-105319069,,position_long,1373009064,,speed,1500,mm/s,heart_rate,135,bpm,cadence,35,rpm
Data,1,record,timestamp,1000001097,,position_lat,-105319305,,position_long,1373008798,,speed,1500,mm/s,heart_rate,135,bpm,cadence,35,rpm
Data,1,record,timestamp,1000001098,,position_lat,-105319552,,position_long,1373008531,,speed,1500,mm/s,heart_rate,135,bpm,cadence,35,rpm
Data,1,record,timestamp,1000001099,,position_lat,-105319809,,position_long,1373008265,,speed,1500,mm/s,heart_rate,135,bpm,cadence,35,rpm
Data,1,record,timestamp,1000001100,,position_lat,-105320074,,position_long,1373007998,,speed,1500,mm/s,heart_rate,135,bpm,cadence,35,rpm
Data,1,record,timestamp,1000001101,,position_lat,-105320348,,position_long,1373007732,,speed,1500,mm/s,heart_rate,135,bpm,cadence,35,rpm
Data,1,record,timestamp,1000001102,,position_lat,-105320629,,position_long,1373007466,,speed,1500,mm/s,heart_rate,135,bpm,cadence,35,rpm
Data,1,record,timestamp,1000001103,,position_lat,-105320916,,position_long,1373007199,,speed,1500,mm/s,heart_rate,135,bpm,cadence,35,rpm
Data,1,record,timestamp,1000001104,,position_lat,-105321207,,position_long,1373006933,,speed,1500,mm/s,heart_rate,135,bpm,cadence,35,rpm
Data,1,record,timestamp,1000001105,,position_lat,-105321502,,position_long,1373006666,,speed,1500,mm/s,heart_rate,135,bpm,cadence,35,rpm
Data,1,record,timestamp,1000001106,,position_lat,-105321799,,position_long,1373006400,,speed,1500,mm/s,heart_rate,135,bpm,cadence,35,rpm
Data,1,record,timestamp,1000001107,,position_lat,-105322097,,position_long,1373006133,,speed,1500,mm/s,heart_rate,135,bpm,cadence,35,rpm
Data,1,record,timestamp,1000001108,,position_lat,-105322395,,position_long,1373005867,,speed,1500,mm/s,heart_rate,135,bpm,cadence,35,rpm
Data,1,record,timestamp,1000001109,,position_lat,-105322692,,position_long,1373005600,,speed,1500,mm/s,heart_rate,135,bpm,cadence,35,rpm
Data,1,record,timestamp,1000001110,,position_lat,-105322692,,position_long,1373005624,,speed,100,mm/s,heart_rate,95,bpm,cadence,0,rpm
Data,1,record,timestamp,1000001111,,position_lat,-105322689,,position_long,1373005648,,speed,100,mm/s,heart_rate,95,bpm,cadence,0,rpm
Data,1,record,timestamp,1000001112,,position_lat,-105322685,,position_long,1373005671,,speed,100,mm/s,heart_rate,95,bpm,cadence,0,rpm
Data,1,record,timestamp,1000001113,,position_lat,-105322678,,position_long,1373005694,,speed,100,mm/s,heart_rate,95,bpm,cadence,0,rpm
Data,1,record,timestamp,1000001114,,position_lat,-105322668,,position_long,1373005716,,speed,100,mm/s,heart_rate,95,bpm,cadence,0,rpm
Data,1,record,timestamp,1000001115,,position_lat,-105322657,,position_long,1373005737,,speed,100,mm/s,heart_rate,95,bpm,cadence,0,rpm
Data,1,record,timestamp,1000001116,,position_lat,-105322643,,position_long,1373005757,,speed,100,mm/s,heart_rate,95,bpm,cadence,0,rpm
Data,1,record,timestamp,1000001117,,position_lat,-105322628,,position_long,1373005775,,speed,100,mm/s,heart_rate,95,bpm,cadence,0,rpm
Data,1,record,timestamp,1000001118,,position_lat,-105322611,,position_long,1373005792,,speed,100,mm/s,heart_rate,95,bpm,cadence,0,rpm
Data,1,record,timestamp,1000001119,,position_lat,-105322592,,position_long,1373005806,,speed,100,mm/s,heart_rate,95,bpm,cadence,0,rpm
Data,1,record,timestamp,1000001120,,position_lat,-105322572,,position_long,1373005819,,speed,100,mm/s,heart_rate,95,bpm,cadence,0,rpm
Data,1,record,timestamp,1000001121,,position_lat,-105322551,,position_long,1373005830,,speed,100,mm/s,heart_rate,95,bpm,cadence,0,rpm
Data,1,record,timestamp,1000001122,,position_lat,-105322529,,position_long,1373005839,,speed,100,mm/s,heart_rate,95,bpm,cadence,0,rpm
Data,1,record,timestamp,1000001123,,position_lat,-105322506,,position_long,1373005845,,speed,100,mm/s,heart_rate,95,bpm,cadence,0,rpm
Data,1,record,timestamp,1000001124,,position_lat,-105322482,,position_long,1373005849,,speed,100,mm/s,heart_rate,95,bpm,cadence,0,rpm
Data,1,record,timestamp,1000001125,,position_lat,-105322458,,position_long,1373005851,,speed,100,mm/s,heart_rate,95,bpm,cadence,0,rpm
Data,1,record,timestamp,1000001126,,position_lat,-105322434,,position_long,1373005850,,speed,100,mm/s,heart_rate,95,bpm,cadence,0,rpm
Data,1,record,timestamp,1000001127,,position_lat,-105322411,,position_long,1373005847,,speed,100,mm/s,heart_rate,95,bpm,cadence,0,rpm
Data,1,record,timestamp,1000001128,,position_lat,-105322388,,position_long,1373005842,,speed,100,mm/s,heart_rate,95,bpm,cadence,0,rpm
Data,1,record,timestamp,1000001129,,position_lat,-105322365,,position_long,1373005834,,speed,100,mm/s,heart_rate,95,bpm,cadence,0,rpm
Data,1,record,timestamp,1000001130,,position_lat,-105322343,,position_long,1373005824,,speed,100,mm/s,heart_rate,95,bpm,cadence,0,rpm
Data,1,record,timestamp,1000001131,,position_lat,-105322323,,position_long,1373005812,,speed,100,mm/s,heart_rate,95,bpm,cadence,0,rpm
Data,1,record,timestamp,1000001132,,position_lat,-105322303,,position_long,1373005798,,speed,100,mm/s,heart_rate,95,bpm,cadence,0,rpm
Data,1,record,timestamp,1000001133,,position_lat,-105322286,,position_long,1373005782,,speed,100,mm/s,heart_rate,95,bpm,cadence,0,rpm
Data,1,record,timestamp,1000001134,,position_lat,-105322269,,position_long,1373005764,,speed,100,mm/s,heart_rate,95,bpm,cadence,0,rpm
Data,1,record,timestamp,1000001135,,position_lat,-105322255,,position_long,1373005745,,speed,100,mm/s,heart_rate,95,bpm,cadence,0,rpm
Data,1,record,timestamp,1000001136,,position_lat,-105322243,,position_long,1373005725,,speed,100,mm/s,heart_rate,95,bpm,cadence,0,rpm
Data,1,record,timestamp,1000001137,,position_lat,-105322233,,position_long,1373005703,,speed,100,mm/s,heart_rate,95,bpm,cadence,0,rpm
Data,1,record,timestamp,1000001138,,position_lat,-105322225,,position_long,1373005681,,speed,100,mm/s,heart_rate,95,bpm,cadence,0,rpm
Data,1,record,timestamp,1000001139,,position_lat,-105322219,,position_long,1373005658,,speed,100,mm/s,heart_rate,95,bpm,cadence,0,rpm
Data,1,record,timestamp,1000001140,,position_lat,-105322216,,position_long,1373005634,,speed,100,mm/s,heart_rate,95,bpm,cadence,0,rpm
Data,1,record,timestamp,1000001141,,position_lat,-105322215,,position_long,1373005610,,speed,100,mm/s,heart_rate,95,bpm,cadence,0,rpm
Data,1,record,timestamp,1000001142,,position_lat,-105322216,,position_long,1373005586,,speed,100,mm/s,heart_rate,95,bpm,cadence,0,rpm
Data,1,record,timestamp,1000001143,,position_lat,-105322220,,position_long,1373005563,,speed,100,mm/s,heart_rate,95,bpm,cadence,0,rpm
Data,1,record,timestamp,1000001144,,position_lat,-105322226,,position_long,1373005540,,speed,100,mm/s,heart_rate,95,bpm,cadence,0,rpm
Data,1,record,timestamp,1000001145,,position_lat,-105322234,,position_long,1373005517,,speed,100,mm/s,heart_rate,95,bpm,cadence,0,rpm
Data,1,record,timestamp,1000001146,,position_lat,-105322245,,position_long,1373005496,,speed,100,mm/s,heart_rate,95,bpm,cadence,0,rpm
Data,1,record,timestamp,1000001147,,position_lat,-105322257,,position_long,1373005476,,speed,100,mm/s,heart_rate,95,bpm,cadence,0,rpm
Data,1,record,timestamp,1000001148,,position_lat,-105322272,,position_long,1373005457,,speed,100,mm/s,heart_rate,95,bpm,cadence,0,rpm
Data,1,record,timestamp,1000001149,,position_lat,-105322288,,position_long,1373005440,,speed,100,mm/s,heart_rate,95,bpm,cadence,0,rpm
Data,1,record,timestamp,1000001150,,position_lat,-105322307,,position_long,1373005424,,speed,100,mm/s,heart_rate,95,bpm,cadence,0,rpm
Data,1,record,timestamp,1000001151,,position_lat,-105322326,,position_long,1373005410,,speed,100,mm/s,heart_rate,95,bpm,cadence,0,rpm
Data,1,record,timestamp,1000001152,,position_lat,-105322347,,position_long,1373005399,,speed,100,mm/s,heart_rate,95,bpm,cadence,0,rpm
Data,1,record,timestamp,1000001153,,position_lat,-105322369,,position_long,1373005389,,speed,100,mm/s,heart_rate,95,bpm,cadence,0,rpm
Data,1,record,timestamp,1000001154,,position_lat,-105322391,,position_long,1373005382,,speed,100,mm/s,heart_rate,95,bpm,cadence,0,rpm
Data,1,record,timestamp,1000001155,,position_lat,-105322415,,position_long,1373005377,,speed,100,mm/s,heart_rate,95,bpm,cadence,0,rpm
Data,1,record,timestamp,1000001156,,position_lat,-105322438,,position_long,1373005374,,speed,100,mm/s,heart_rate,95,bpm,cadence,0,rpm
Data,1,record,timestamp,1000001157,,position_lat,-105322462,,position_long,1373005374,,speed,100,mm/s,heart_rate,95,bpm,cadence,0,rpm
Data,1,record,timestamp,1000001158,,position_lat,-105322486,,position_long,1373005376,,speed,100,mm/s,heart_rate,95,bpm,cadence,0,rpm
Data,1,record,timestamp,1000001159,,position_lat,-105322510,,position_long,1373005380,,speed,100,mm/s,heart_rate,95,bpm,cadence,0,rpm
Data,1,record,timestamp,1000001160,,position_lat,-105322532,,position_long,1373005387,,speed,100,mm/s,heart_rate,95,bpm,cadence,0,rpm
Data,1,record,timestamp,1000001161,,position_lat,-105322554,,position_long,1373005396,,speed,100,mm/s,heart_rate,95,bpm,cadence,0,rpm
Data,1,record,timestamp,1000001162,,position_lat,-105322576,,position_long,1373005407,,speed,100,mm/s,heart_rate,95,bpm,cadence,0,rpm
Data,1,record,timestamp,1000001163,,position_lat,-105322595,,position_long,1373005420,,speed,100,mm/s,heart_rate,95,bpm,cadence,0,rpm
Data,1,record,timestamp,1000001164,,position_lat,-105322614,,position_long,1373005436,,speed,100,mm/s,heart_rate,95,bpm,cadence,0,rpm
Data,1,record,timestamp,1000001165,,position_lat,-105322631,,position_long,1373005452,,speed,100,mm/s,heart_rate,95,bpm,cadence,0,rpm
Data,1,record,timestamp,1000001166,,position_lat,-105322646,,position_long,1373005471,,speed,100,mm/s,heart_rate,95,bpm,cadence,0,rpm
Data,1,record,timestamp,1000001167,,position_lat,-105322659,,position_long,1373005491,,speed,100,mm/s,heart_rate,95,bpm,cadence,0,rpm
Data,1,record,timestamp,1000001168,,position_lat,-105322670,,position_long,1373005512,,speed,100,mm/s,heart_rate,95,bpm,cadence,0,rpm
Data,1,record,timestamp,1000001169,,position_lat,-105322679,,position_long,1373005534,,speed,100,mm/s,heart_rate,95,bpm,cadence,0,rpm
Data,1,record,timestamp,1000001170,,position_lat,-105322686,,position_long,1373005557,,speed,100,mm/s,heart_rate,95,bpm,cadence,0,rpm
Data,1,record,timestamp,1000001171,,position_lat,-105322690,,position_long,1373005581,,speed,100,mm/s,heart_rate,95,bpm,cadence,0,rpm
Data,1,record,timestamp,1000001172,,position_lat,-105322692,,position_long,1373005604,,speed,100,mm/s,heart_rate,95,bpm,cadence,0,rpm
Data,1,record,timestamp,1000001173,,position_lat,-105322691,,position_long,1373005628,,speed,100,mm/s,heart_rate,95,bpm,cadence,0,rpm
Data,1,record,timestamp,1000001174,,position_lat,-105322689,,position_long,1373005652,,speed,100,mm/s,heart_rate,95,bpm,cadence,0,rpm
Data,1,record,timestamp,1000001175,,position_lat,-105322684,,position_long,1373005675,,speed,100,mm/s,heart_rate,95,bpm,cadence,0,rpm
Data,1,record,timestamp,1000001176,,position_lat,-105322676,,position_long,1373005698,,speed,100,mm/s,heart_rate,95,bpm,cadence,0,rpm
Data,1,record,timestamp,1000001177,,position_lat,-105322666,,position_long,1373005720,,speed,100,mm/s,heart_rate,95,bpm,cadence,0,rpm
Data,1,record,timestamp,1000001178,,position_lat,-105322655,,position_long,1373005740,,speed,100,mm/s,heart_rate,95,bpm,cadence,0,rpm
Data,1,record,timestamp,1000001179,,position_lat,-105322641,,position_long,1373005760,,speed,100,mm/s,heart_rate,95,bpm,cadence,0,rpm
Data,1,record,timestamp,1000001180,,position_lat,-105322625,,position_long,1373005778,,speed,100,mm/s,heart_rate,95,bpm,cadence,0,rpm
Data,1,record,timestamp,1000001181,,position_lat,-105322608,,position_long,1373005794,,speed,100,mm/s,heart_rate,95,bpm,cadence,0,rpm
Data,1,record,timestamp,1000001182,,position_lat,-105322589,,position_long,1373005809,,speed,100,mm/s,heart_rate,95,bpm,cadence,0,rpm
Data,1,record,timestamp,1000001183,,position_lat,-105322569,,position_long,1373005821,,speed,100,mm/s,heart_rate,95,bpm,cadence,0,rpm
Data,1,record,timestamp,1000001184,,position_lat,-105322547,,position_long,1373005832,,speed,100,mm/s,heart_rate,95,bpm,cadence,0,rpm
Data,1,record,timestamp,1000001185,,position_lat,-105322525,,position_long,1373005840,,speed,100,mm/s,heart_rate,95,bpm,cadence,0,rpm
Data,1,record,timestamp,1000001186,,position_lat,-105322502,,position_long,1373005846,,speed,100,mm/s,heart_rate,95,bpm,cadence,0,rpm
Data,1,record,timestamp,1000001187,,position_lat,-105322478,,position_long,1373005850,,speed,100,mm/s,heart_rate,95,bpm,cadence,0,rpm
Data,1,record,timestamp,1000001188,,position_lat,-105322454,,position_long,1373005851,,speed,100,mm/s,heart_rate,95,bpm,cadence,0,rpm
Data,1,record,timestamp,1000001189,,position_lat,-105322430,,position_long,1373005850,,speed,100,mm/s,heart_rate,95,bpm,cadence,0,rpm
Data,1,record,timestamp,1000001190,,position_lat,-105322407,,position_long,1373005846,,speed,100,mm/s,heart_rate,95,bpm,cadence,0,rpm
Data,1,record,timestamp,1000001191,,position_lat,-105322384,,position_long,1373005841,,speed,100,mm/s,heart_rate,95,bpm,cadence,0,rpm
Data,1,record,timestamp,1000001192,,position_lat,-105322361,,position_long,1373005832,,speed,100,mm/s,heart_rate,95,bpm,cadence,0,rpm
Data,1,record,timestamp,1000001193,,position_lat,-105322340,,position_long,1373005822,,speed,100,mm/s,heart_rate,95,bpm,cadence,0,rpm
Data,1,record,timestamp,1000001194,,position_lat,-105322319,,position_long,1373005810,,speed,100,mm/s,heart_rate,95,bpm,cadence,0,rpm
Data,1,record,timestamp,1000001195,,position_lat,-105322300,,position_long,1373005795,,speed,100,mm/s,heart_rate,95,bpm,cadence,0,rpm
Data,1,record,timestamp,1000001196,,position_lat,-105322283,,position_long,1373005779,,speed,100,mm/s,heart_rate,95,bpm,cadence,0,rpm
Data,1,record,timestamp,1000001197,,position_lat,-105322267,,position_long,1373005761,,speed,100,mm/s,heart_rate,95,bpm,cadence,0,rpm
Data,1,record,timestamp,1000001198,,position_lat,-105322253,,position_long,1373005742,,speed,100,mm/s,heart_rate,95,bpm,cadence,0,rpm
Data,1,record,timestamp,1000001199,,position_lat,-105322241,,position_long,1373005721,,speed,100,mm/s,heart_rate,95,bpm,cadence,0,rpm
Data,1,record,timestamp,1000001200,,position_lat,-105322231,,position_long,1373005700,,speed,100,mm/s,heart_rate,95,bpm,cadence,0,rpm
Data,1,record,timestamp,1000001201,,position_lat,-105322224,,position_long,1373005677,,speed,100,mm/s,heart_rate,95,bpm,cadence,0,rpm
Data,1,record,timestamp,1000001202,,position_lat,-105322218,,position_long,1373005654,,speed,100,mm/s,heart_rate,95,bpm,cadence,0,rpm
Data,1,record,timestamp,1000001203,,position_lat,-105322215,,position_long,1373005630,,speed,100,mm/s,heart_rate,95,bpm,cadence,0,rpm
Data,1,record,timestamp,1000001204,,position_lat,-105322215,,position_long,1373005606,,speed,100,mm/s,heart_rate,95,bpm,cadence,0,rpm
Data,1,record,timestamp,1000001205,,position_lat,-105322216,,position_long,1373005582,,speed,100,mm/s,heart_rate,95,bpm,cadence,0,rpm
Data,1,record,timestamp,1000001206,,position_lat,-105322221,,position_long,1373005559,,speed,100,mm/s,heart_rate,95,bpm,cadence,0,rpm
Data,1,record,timestamp,1000001207,,position_lat,-105322227,,position_long,1373005536,,speed,100,mm/s,heart_rate,95,bpm,cadence,0,rpm
Data,1,record,timestamp,1000001208,,position_lat,-105322236,,position_long,1373005514,,speed,100,mm/s,heart_rate,95,bpm,cadence,0,rpm
Data,1,record,timestamp,1000001209,,position_lat,-105322247,,position_long,1373005493,,speed,100,mm/s,heart_rate,95,bpm,cadence,0,rpm
Data,1,record,timestamp,1000001210,,position_lat,-105321913,,position_long,1373006829,,speed,11900,mm/s,heart_rate,155,bpm,cadence,0,rpm
Data,1,record,timestamp,1000001211,,position_lat,-105321579,,position_long,1373008165,,speed,11900,mm/s,heart_rate,155,bpm,cadence,0,rpm
Data,1,record,timestamp,1000001212,,position_lat,-105321245,,position_long,1373009501,,speed,11900,mm/s,heart_rate,155,bpm,cadence,0,rpm
Data,1,record,timestamp,1000001213,,position_lat,-105320911,,position_long,1373010837,,speed,11900,mm/s,heart_rate,155,bpm,cadence,0,rpm
Data,1,record,timestamp,1000001214,,position_lat,-105320577,,position_long,1373012174,,speed,11900,mm/s,heart_rate,155,bpm,cadence,0,rpm
Data,1,record,timestamp,1000001215,,position_lat,-105320242,,position_long,1373013510,,speed,11900,mm/s,heart_rate,155,bpm,cadence,0,rpm
Data,1,record,timestamp,1000001216,,position_lat,-105319908,,position_long,1373014846,,speed,11900,mm/s,heart_rate,155,bpm,cadence,0,rpm
Data,1,record,timestamp,1000001217,,position_lat,-105319574,,position_long,1373016182,,speed,11900,mm/s,heart_rate,155,bpm,cadence,0,rpm
Data,1,record,timestamp,1000001218,,position_lat,-105319240,,position_long,1373017518,,speed,11900,mm/s,heart_rate,155,bpm,cadence,0,rpm
Data,1,record,timestamp,1000001219,,position_lat,-105318906,,position_long,1373018855,,speed,11900,mm/s,heart_rate,155,bpm,cadence,0,rpm
Data,1,record,timestamp,1000001220,,position_lat,-105318572,,position_long,1373020191,,speed,11900,mm/s,heart_rate,155,bpm,cadence,0,rpm
Data,1,record,timestamp,1000001221,,position_lat,-105318238,,position_long,1373021527,,speed,11900,mm/s,heart_rate,155,bpm,cadence,0,rpm
Data,1,record,timestamp,1000001222,,position_lat,-105317904,,position_long,1373022863,,speed,11900,mm/s,heart_rate,155,bpm,cadence,0,rpm
Data,1,record,timestamp,1000001223,,position_lat,-105317570,,position_long,1373024200,,speed,11900,mm/s,heart_rate,155,bpm,cadence,0,rpm
Data,1,record,timestamp,1000001224,,position_lat,-105317236,,position_long,1373025536,,speed,11900,mm/s,heart_rate,155,bpm,cadence,0,rpm
Data,1,record,timestamp,1000001225,,position_lat,-105316902,,position_long,1373026872,,speed,11900,mm/s,heart_rate,155,bpm,cadence,0,rpm
Data,1,record,timestamp,1000001226,,position_lat,-105316568,,position_long,1373028208,,speed,11900,mm/s,heart_rate,155,bpm,cadence,0,rpm
Data,1,record,timestamp,1000001227,,position_lat,-105316234,,position_long,1373029544,,speed,11900,mm/s,heart_rate,155,bpm,cadence,0,rpm
Data,1,record,timestamp,1000001228,,position_lat,-105315900,,position_long,1373030881,,speed,11900,mm/s,heart_rate,155,bpm,cadence,0,rpm
Data,1,record,timestamp,1000001229,,position_lat,-105315566,,position_long,1373032217,,speed,11900,mm/s,heart_rate,155,bpm,cadence,0,rpm
Data,1,record,timestamp,1000001230,,position_lat,-105315232,,position_long,1373033553,,speed,11900,mm/s,heart_rate,155,bpm,cadence,0,rpm
Data,1,record,timestamp,1000001231,,position_lat,-105314898,,position_long,1373034889,,speed,11900,mm/s,heart_rate,155,bpm,cadence,0,rpm
Data,1,record,timestamp,1000001232,,position_lat,-105314564,,position_long,1373036225,,speed,11900,mm/s,heart_rate,155,bpm,cadence,0,rpm
Data,1,record,timestamp,1000001233,,position_lat,-105314230,,position_long,1373037562,,speed,11900,mm/s,heart_rate,155,bpm,cadence,0,rpm
Data,1,record,timestamp,1000001234,,position_lat,-105313895,,position_long,1373038898,,speed,11900,mm/s,heart_rate,155,bpm,cadence,0,rpm
Data,1,record,timestamp,1000001235,,position_lat,-105313561,,position_long,1373040234,,speed,11900,mm/s,heart_rate,155,bpm,cadence,0,rpm
Data,1,record,timestamp,1000001236,,position_lat,-105313227,,position_long,1373041570,,speed,11900,mm/s,heart_rate,155,bpm,cadence,0,rpm
Data,1,record,timestamp,1000001237,,position_lat,-105312893,,position_long,1373042906,,speed,11900,mm/s,heart_rate,155,bpm,cadence,0,rpm
Data,1,record,timestamp,1000001238,,position_lat,-105312559,,position_long,1373044243,,speed,11900,mm/s,heart_rate,155,bpm,cadence,0,rpm
Data,1,record,timestamp,1000001239,,position_lat,-105312225,,position_long,1373045579,,speed,11900,mm/s,heart_rate,155,bpm,cadence,0,rpm
Data,1,record,timestamp,1000001240,,position_lat,-105312344,,position_long,1373045405,,speed,1500,mm/s,heart_rate,135,bpm,cadence,35,rpm
Data,1,record,timestamp,1000001241,,position_lat,-105312449,,position_long,1373045231,,speed,1500,mm/s,heart_rate,135,bpm,cadence,35,rpm
Data,1,record,timestamp,1000001242,,position_lat,-105312539,,position_long,1373045057,,speed,1500,mm/s,heart_rate,135,bpm,cadence,35,rpm
Data,1,record,timestamp,1000001243,,position_lat,-105312614,,position_long,1373044884,,speed,1500,mm/s,heart_rate,135,bpm,cadence,35,rpm
Data,1,record,timestamp,1000001244,,position_lat,-105312674,,position_long,1373044710,,speed,1500,mm/s,heart_rate,135,bpm,cadence,35,rpm
Data,1,record,timestamp,1000001245,,position_lat,-105312721,,position_long,1373044536,,speed,1500,mm/s,heart_rate,135,bpm,cadence,35,rpm
Data,1,record,timestamp,1000001246,,position_lat,-105312755,,position_long,1373044362,,speed,1500,mm/s,heart_rate,135,bpm,cadence,35,rpm
Data,1,record,timestamp,1000001247,,position_lat,-105312775,,position_long,1373044188,,speed,1500,mm/s,heart_rate,135,bpm,cadence,35,rpm
Data,1,record,timestamp,1000001248,,position_lat,-105312784,,position_long,1373044015,,speed,1500,mm/s,heart_rate,135,bpm,cadence,35,rpm
Data,1,record,timestamp,1000001249,,position_lat,-105312781,,position_long,1373043841,,speed,1500,mm/s,heart_rate,135,bpm,cadence,35,rpm
Data,1,record,timestamp,1000001250,,position_lat,-105312768,,position_long,1373043667,,speed,1500,mm/s,heart_rate,135,bpm,cadence,35,rpm
Data,1,record,timestamp,1000001251,,position_lat,-105312746,,position_long,1373043493,,speed,1500,mm/s,heart_rate,135,bpm,cadence,35,rpm
Data,1,record,timestamp,1000001252,,position_lat,-105312714,,position_long,1373043319,,speed,1500,mm/s,heart_rate,135,bpm,cadence,35,rpm
Data,1,record,timestamp,1000001253,,position_lat,-105312675,,position_long,1373043145,,speed,1500,mm/s,heart_rate,135,bpm,cadence,35,rpm
Data,1,record,timestamp,1000001254,,position_lat,-105312630,,position_long,1373042972,,speed,1500,mm/s,heart_rate,135,bpm,cadence,35,rpm
Data,1,record,timestamp,1000001255,,position_lat,-105312580,,position_long,1373042798,,speed,1500,mm/s,heart_rate,135,bpm,cadence,35,rpm
Data,1,record,timestamp,1000001256,,position_lat,-105312525,,position_long,1373042624,,speed,1500,mm/s,heart_rate,135,bpm,cadence,35,rpm
Data,1,record,timestamp,1000001257,,position_lat,-105312468,,position_long,1373042450,,speed,1500,mm/s,heart_rate,135,bpm,cadence,35,rpm
Data,1,record,timestamp,1000001258,,position_lat,-105312408,,position_long,1373042276,,speed,1500,mm/s,heart_rate,135,bpm,cadence,35,rpm
Data,1,record,timestamp,1000001259,,position_lat,-105312349,,position_long,1373042103,,speed,1500,mm/s,heart_rate,135,bpm,cadence,35,rpm
Data,1,record,timestamp,1000001260,,position_lat,-105312290,,position_long,1373041929,,speed,1500,mm/s,heart_rate,135,bpm,cadence,35,rpm
Data,1,record,timestamp,1000001261,,position_lat,-105312233,,position_long,1373041755,,speed,1500,mm/s,heart_rate,135,bpm,cadence,35,rpm
Data,1,record,timestamp,1000001262,,position_lat,-105312180,,position_long,1373041581,,speed,1500,mm/s,heart_rate,135,bpm,cadence,35,rpm
Data,1,record,timestamp,1000001263,,position_lat,-105312130,,position_long,1373041407,,speed,1500,mm/s,heart_rate,135,bpm,cadence,35,rpm
Data,1,record,timestamp,1000001264,,position_lat,-105312087,,position_long,1373041233,,speed,1500,mm/s,heart_rate,135,bpm,cadence,35,rpm
Data,1,record,timestamp,1000001265,,position_lat,-105312050,,position_long,1373041060,,speed,1500,mm/s,heart_rate,135,bpm,cadence,35,rpm
Data,1,record,timestamp,1000001266,,position_lat,-105312022,,position_long,1373040886,,speed,1500,mm/s,heart_rate,135,bpm,cadence,35,rpm
Data,1,record,timestamp,1000001267,,position_lat,-105312002,,position_long,1373040712,,speed,1500,mm/s,heart_rate,135,bpm,cadence,35,rpm
Data,1,record,timestamp,1000001268,,position_lat,-105311992,,position_long,1373040538,,speed,1500,mm/s,heart_rate,135,bpm,cadence,35,rpm
Data,1,record,timestamp,1000001269,,position_lat,-105311992,,position_long,1373040364,,speed,1500,mm/s,heart_rate,135,bpm,cadence,35,rpm
Data,1,record,timestamp,1000001270,,position_lat,-105312004,,position_long,1373040190,,speed,1500,mm/s,heart_rate,135,bpm,cadence,35,rpm
Data,1,record,timestamp,1000001271,,position_lat,-105312029,,position_long,1373040017,,speed,1500,mm/s,heart_rate,135,bpm,cadence,35,rpm
Data,1,record,timestamp,1000001272,,position_lat,-105312066,,position_long,1373039843,,speed,1500,mm/s,heart_rate,135,bpm,cadence,35,rpm
Data,1,record,timestamp,1000001273,,position_lat,-105312117,,position_long,1373039669,,speed,1500,mm/s,heart_rate,135,bpm,cadence,35,rpm
Data,1,record,timestamp,1000001274,,position_lat,-105312182,,position_long,1373039495,,speed,1500,mm/s,heart_rate,135,bpm,cadence,35,rpm
Data,1,record,timestamp,1000001275,,position_lat,-105312262,,position_long,1373039321,,speed,1500,mm/s,heart_rate,135,bpm,cadence,35,rpm
Data,1,record,timestamp,1000001276,,position_lat,-105312356,,position_long,1373039148,,speed,1500,mm/s,heart_rate,135,bpm,cadence,35,rpm
Data,1,record,timestamp,1000001277,,position_lat,-105312465,,position_long,1373038974,,speed,1500,mm/s,heart_rate,135,bpm,cadence,35,rpm
Data,1,record,timestamp,1000001278,,position_lat,-105312589,,position_long,1373038800,,speed,1500,mm/s,heart_rate,135,bpm,cadence,35,rpm
Data,1,record,timestamp,1000001279,,position_lat,-105312727,,position_long,1373038626,,speed,1500,mm/s,heart_rate,135,bpm,cadence,35,rpm
Data,1,record,timestamp,1000001280,,position_lat,-105312881,,position_long,1373038452,,speed,1500,mm/s,heart_rate,135,bpm,cadence,35,rpm
Data,1,record,timestamp,1000001281,,position_lat,-105313049,,position_long,1373038278,,speed,1500,mm/s,heart_rate,135,bpm,cadence,35,rpm
Data,1,record,timestamp,1000001282,,position_lat,-105313231,,position_long,1373038105,,speed,1500,mm/s,heart_rate,135,bpm,cadence,35,rpm
Data,1,record,timestamp,1000001283,,position_lat,-105313426,,position_long,1373037931,,speed,1500,mm/s,heart_rate,135,bpm,cadence,35,rpm
Data,1,record,timestamp,1000001284,,position_lat,-105313635,,position_long,1373037757,,speed,1500,mm/s,heart_rate,135,bpm,cadence,35,rpm
Data,1,record,timestamp,1000001285,,position_lat,-105313857,,position_long,1373037583,,speed,1500,mm/s,heart_rate,135,bpm,cadence,35,rpm
Data,1,record,timestamp,1000001286,,position_lat,-105314090,,position_long,1373037409,,speed,1500,mm/s,heart_rate,135,bpm,cadence,35,rpm
Data,1,record,timestamp,1000001287,,position_lat,-105314335,,position_long,1373037236,,speed,1500,mm/s,heart_rate,135,bpm,cadence,35,rpm
Data,1,record,timestamp,1000001288,,position_lat,-105314590,,position_long,1373037062,,speed,1500,mm/s,heart_rate,135,bpm,cadence,35,rpm
Data,1,record,timestamp,1000001289,,position_lat,-105314854,,position_long,1373036888,,speed,1500,mm/s,heart_rate,135,bpm,cadence,35,rpm
Data,1,record,timestamp,1000001290,,position_lat,-105315126,,position_long,1373036714,,speed,1500,mm/s,heart_rate,135,bpm,cadence,35,rpm
Data,1,record,timestamp,1000001291,,position_lat,-105315405,,position_long,1373036540,,speed,1500,mm/s,heart_rate,135,bpm,cadence,35,rpm
Data,1,record,timestamp,1000001292,,position_lat,-105315691,,position_long,1373036366,,speed,1500,mm/s,heart_rate,135,bpm,cadence,35,rpm
Data,1,record,timestamp,1000001293,,position_lat,-105315982,,position_long,1373036193,,speed,1500,mm/s,heart_rate,135,bpm,cadence,35,rpm
Data,1,record,timestamp,1000001294,,position_lat,-105316276,,position_long,1373036019,,speed,1500,mm/s,heart_rate,135,bpm,cadence,35,rpm
Data,1,record,timestamp,1000001295,,position_lat,-105316573,,position_long,1373035845,,speed,1500,mm/s,heart_rate,135,bpm,cadence,35,rpm
Data,1,record,timestamp,1000001296,,position_lat,-105316871,,position_long,1373035671,,speed,1500,mm/s,heart_rate,135,bpm,cadence,35,rpm
Data,1,record,timestamp,1000001297,,position_lat,-105317169,,position_long,1373035497,,speed,1500,mm/s,heart_rate,135,bpm,cadence,35,rpm
Data,1,record,timestamp,1000001298,,position_lat,-105317466,,position_long,1373035324,,speed,1500,mm/s,heart_rate,135,bpm,cadence,35,rpm
Data,1,record,timestamp,1000001299,,position_lat,-105317760,,position_long,1373035150,,speed,1500,mm/s,heart_rate,135,bpm,cadence,35,rpm
Data,1,record,timestamp,1000001300,,position_lat,-105318051,,position_long,1373034976,,speed,1500,mm/s,heart_rate,135,bpm,cadence,35,rpm
Data,1,record,timestamp,1000001301,,position_lat,-105318337,,position_long,1373034802,,speed,1500,mm/s,heart_rate,135,bpm,cadence,35,rpm
Data,1,record,timestamp,1000001302,,position_lat,-105318617,,position_long,1373034628,,speed,1500,mm/s,heart_rate,135,bpm,cadence,35,rpm
Data,1,record,timestamp,1000001303,,position_lat,-105318890,,position_long,1373034454,,speed,1500,mm/s,heart_rate,135,bpm,cadence,35,rpm
Data,1,record,timestamp,1000001304,,position_lat,-105319155,,position_long,1373034281,,speed,1500,mm/s,heart_rate,135,bpm,cadence,35,rpm
Data,1,record,timestamp,1000001305,,position_lat,-105319411,,position_long,1373034107,,speed,1500,mm/s,heart_rate,135,bpm,cadence,35,rpm
Data,1,record,timestamp,1000001306,,position_lat,-105319656,,position_long,1373033933,,speed,1500,mm/s,heart_rate,135,bpm,cadence,35,rpm
Data,1,record,timestamp,1000001307,,position_lat,-105319891,,position_long,1373033759,,speed,1500,mm/s,heart_rate,135,bpm,cadence,35,rpm
Data,1,record,timestamp,1000001308,,position_lat,-105320114,,position_long,1373033585,,speed,1500,mm/s,heart_rate,135,bpm,cadence,35,rpm
Data,1,record,timestamp,1000001309,,position_lat,-105320324,,position_long,1373033412,,speed,1500,mm/s,heart_rate,135,bpm,cadence,35,rpm
Data,1,record,timestamp,1000001310,,position_lat,-105320521,,position_long,1373033238,,speed,1500,mm/s,heart_rate,135,bpm,cadence,35,rpm
Data,1,record,timestamp,1000001311,,position_lat,-105320705,,position_long,1373033064,,speed,1500,mm/s,heart_rate,135,bpm,cadence,35,rpm
Data,1,record,timestamp,1000001312,,position_lat,-105320874,,position_long,1373032890,,speed,1500,mm/s,heart_rate,135,bpm,cadence,35,rpm
Data,1,record,timestamp,1000001313,,position_lat,-105321029,,position_long,1373032716,,speed,1500,mm/s,heart_rate,135,bpm,cadence,35,rpm
Data,1,record,timestamp,1000001314,,position_lat,-105321169,,position_long,1373032542,,speed,1500,mm/s,heart_rate,135,bpm,cadence,35,rpm
Data,1,record,timestamp,1000001315,,position_lat,-105321294,,position_long,1373032369,,speed,1500,mm/s,heart_rate,135,bpm,cadence,35,rpm
Data,1,record,timestamp,1000001316,,position_lat,-105321404,,position_long,1373032195,,speed,1500,mm/s,heart_rate,135,bpm,cadence,35,rpm
Data,1,record,timestamp,1000001317,,position_lat,-105321500,,position_long,1373032021,,speed,1500,mm/s,heart_rate,135,bpm,cadence,35,rpm
Data,1,record,timestamp,1000001318,,position_lat,-105321581,,position_long,1373031847,,speed,1500,mm/s,heart_rate,135,bpm,cadence,35,rpm
Data,1,record,timestamp,1000001319,,position_lat,-105321647,,position_long,1373031673,,speed,1500,mm/s,heart_rate,135,bpm,cadence,35,rpm
Data,1,record,timestamp,1000001320,,position_lat,-105321700,,position_long,1373031499,,speed,1500,mm/s,heart_rate,135,bpm,cadence,35,rpm
Data,1,record,timestamp,1000001321,,position_lat,-105321738,,position_long,1373031326,,speed,1500,mm/s,heart_rate,135,bpm,cadence,35,rpm
Data,1,record,timestamp,1000001322,,position_lat,-105321764,,position_long,1373031152,,speed,1500,mm/s,heart_rate,135,bpm,cadence,35,rpm
Data,1,record,timestamp,1000001323,,position_lat,-105321777,,position_long,1373030978,,speed,1500,mm/s,heart_rate,135,bpm,cadence,35,rpm
Data,1,record,timestamp,1000001324,,position_lat,-105321779,,position_long,1373030804,,speed,1500,mm/s,heart_rate,135,bpm,cadence,35,rpm
Data,1,record,timestamp,1000001325,,position_lat,-105321770,,position_long,1373030630,,speed,1500,mm/s,heart_rate,135,bpm,cadence,35,rpm
Data,1,record,timestamp,1000001326,,position_lat,-105321751,,position_long,1373030457,,speed,1500,mm/s,heart_rate,135,bpm,cadence,35,rpm
Data,1,record,timestamp,1000001327,,position_lat,-105321723,,position_long,1373030283,,speed,1500,mm/s,heart_rate,135,bpm,cadence,35,rpm
Data,1,record,timestamp,1000001328,,position_lat,-105321687,,position_long,1373030109,,speed,1500,mm/s,heart_rate,135,bpm,cadence,35,rpm
Data,1,record,timestamp,1000001329,,position_lat,-105321644,,position_long,1373029935,,speed,1500,mm/s,heart_rate,135,bpm,cadence,35,rpm
Data,1,record,timestamp,1000001330,,position_lat,-105321596,,position_long,1373029761,,speed,1500,mm/s,heart_rate,135,bpm,cadence,35,rpm
Data,1,record,timestamp,1000001331,,position_lat,-105321543,,position_long,1373029587,,speed,1500,mm/s,heart_rate,135,bpm,cadence,35,rpm
Data,1,record,timestamp,1000001332,,position_lat,-105321486,,position_long,1373029414,,speed,1500,mm/s,heart_rate,135,bpm,cadence,35,rpm
Data,1,record,timestamp,1000001333,,position_lat,-105321427,,position_long,1373029240,,speed,1500,mm/s,heart_rate,135,bpm,cadence,35,rpm
Data,1,record,timestamp,1000001334,,position_lat,-105321368,,position_long,1373029066,,speed,1500,mm/s,heart_rate,135,bpm,cadence,35,rpm
Data,1,record,timestamp,1000001335,,position_lat,-105321308,,position_long,1373028892,,speed,1500,mm/s,heart_rate,135,bpm,cadence,35,rpm
Data,1,record,timestamp,1000001336,,position_lat,-105321251,,position_long,1373028718,,speed,1500,mm/s,heart_rate,135,bpm,cadence,35,rpm
Data,1,record,timestamp,1000001337,,position_lat,-105321196,,position_long,1373028545,,speed,1500,mm/s,heart_rate,135,bpm,cadence,35,rpm
Data,1,record,timestamp,1000001338,,position_lat,-105321145,,position_long,1373028371,,speed,1500,mm/s,heart_rate,135,bpm,cadence,35,rpm
Data,1,record,timestamp,1000001339,,position_lat,-105321099,,position_long,1373028197,,speed,1500,mm/s,heart_rate,135,bpm,cadence,35,rpm
Data,1,record,timestamp,1000001340,,position_lat,-105321059,,position_long,1373028023,,speed,1500,mm/s,heart_rate,135,bpm,cadence,35,rpm
Data,1,record,timestamp,1000001341,,position_lat,-105321027,,position_long,1373027849,,speed,1500,mm/s,heart_rate,135,bpm,cadence,35,rpm
Data,1,record,timestamp,1000001342,,position_lat,-105321004,,position_long,1373027675,,speed,1500,mm/s,heart_rate,135,bpm,cadence,35,rpm
Data,1,record,timestamp,1000001343,,position_lat,-105320990,,position_long,1373027502,,speed,1500,mm/s,heart_rate,135,bpm,cadence,35,rpm
Data,1,record,timestamp,1000001344,,position_lat,-105320986,,position_long,1373027328,,speed,1500,mm/s,heart_rate,135,bpm,cadence,35,rpm
Data,1,record,timestamp,1000001345,,position_lat,-105320993,,position_long,1373027154,,speed,1500,mm/s,heart_rate,135,bpm,cadence,35,rpm
Data,1,record,timestamp,1000001346,,position_lat,-105321013,,position_long,1373026980,,speed,1500,mm/s,heart_rate,135,bpm,cadence,35,rpm
Data,1,record,timestamp,1000001347,,position_lat,-105321045,,position_long,1373026806,,speed,1500,mm/s,heart_rate,135,bpm,cadence,35,rpm
Data,1,record,timestamp,1000001348,,position_lat,-105321091,,position_long,1373026633,,speed,1500,mm/s,heart_rate,135,bpm,cadence,35,rpm
Data,1,record,timestamp,1000001349,,position_lat,-105321150,,position_long,1373026459,,speed,1500,mm/s,heart_rate,135,bpm,cadence,35,rpm
Data,1,record,timestamp,1000001350,,position_lat,-105321224,,position_long,1373026285,,speed,1500,mm/s,heart_rate,135,bpm,cadence,35,rpm
Data,1,record,timestamp,1000001351,,position_lat,-105321312,,position_long,1373026111,,speed,1500,mm/s,heart_rate,135,bpm,cadence,35,rpm
Data,1,record,timestamp,1000001352,,position_lat,-105321415,,position_long,1373025937,,speed,1500,mm/s,heart_rate,135,bpm,cadence,35,rpm
Data,1,record,timestamp,1000001353,,position_lat,-105321533,,position_long,1373025763,,speed,1500,mm/s,heart_rate,135,bpm,cadence,35,rpm
Data,1,record,timestamp,1000001354,,position_lat,-105321666,,position_long,1373025590,,speed,1500,mm/s,heart_rate,135,bpm,cadence,35,rpm
Data,1,record,timestamp,1000001355,,position_lat,-105321813,,position_long,1373025416,,speed,1500,mm/s,heart_rate,135,bpm,cadence,35,rpm
Data,1,record,timestamp,1000001356,,position_lat,-105321975,,position_long,1373025242,,speed,1500,mm/s,heart_rate,135,bpm,cadence,35,rpm
Data,1,record,timestamp,1000001357,,position_lat,-105322152,,position_long,1373025068,,speed,1500,mm/s,heart_rate,135,bpm,cadence,35,rpm
Data,1,record,timestamp,1000001358,,position_lat,-105322342,,position_long,1373024894,,speed,1500,mm/s,heart_rate,135,bpm,cadence,35,rpm
Data,1,record,timestamp,1000001359,,position_lat,-105322546,,position_long,1373024721,,speed,1500,mm/s,heart_rate,135,bpm,cadence,35,rpm
Data,1,record,timestamp,1000001360,,position_lat,-105322763,,position_long,1373024547,,speed,1500,mm/s,heart_rate,135,bpm,cadence,35,rpm
Data,1,record,timestamp,1000001361,,position_lat,-105322991,,position_long,1373024373,,speed,1500,mm/s,heart_rate,135,bpm,cadence,35,rpm
Data,1,record,timestamp,1000001362,,position_lat,-105323232,,position_long,1373024199,,speed,1500,mm/s,heart_rate,135,bpm,cadence,35,rpm
Data,1,record,timestamp,1000001363,,position_lat,-105323482,,position_long,1373024025,,speed,1500,mm/s,heart_rate,135,bpm,cadence,35,rpm
Data,1,record,timestamp,1000001364,,position_lat,-105323743,,position_long,1373023851,,speed,1500,mm/s,heart_rate,135,bpm,cadence,35,rpm
Data,1,record,timestamp,1000001365,,position_lat,-105324012,,position_long,1373023678,,speed,1500,mm/s,heart_rate,135,bpm,cadence,35,rpm
Data,1,record,timestamp,1000001366,,position_lat,-105324289,,position_long,1373023504,,speed,1500,mm/s,heart_rate,135,bpm,cadence,35,rpm
Data,1,record,timestamp,1000001367,,position_lat,-105324572,,position_long,1373023330,,speed,1500,mm/s,heart_rate,135,bpm,cadence,35,rpm
Data,1,record,timestamp,1000001368,,position_lat,-105324861,,position_long,1373023156,,speed,1500,mm/s,heart_rate,135,bpm,cadence,35,rpm
Data,1,record,timestamp,1000001369,,position_lat,-105325154,,position_long,1373022982,,speed,1500,mm/s,heart_rate,135,bpm,cadence,35,rpm
Data,1,record,timestamp,1000001370,,position_lat,-105325449,,position_long,1373022808,,speed,1500,mm/s,heart_rate,135,bpm,cadence,35,rpm
Data,1,record,timestamp,1000001371,,position_lat,-105325747,,position_long,1373022635,,speed,1500,mm/s,heart_rate,135,bpm,cadence,35,rpm
Data,1,record,timestamp,1000001372,,position_lat,-105326045,,position_long,1373022461,,speed,1500,mm/s,heart_rate,135,bpm,cadence,35,rpm
Data,1,record,timestamp,1000001373,,position_lat,-105326343,,position_long,1373022287,,speed,1500,mm/s,heart_rate,135,bpm,cadence,35,rpm
Data,1,record,timestamp,1000001374,,position_lat,-105326639,,position_long,1373022113,,speed,1500,mm/s,heart_rate,135,bpm,cadence,35,rpm
Data,1,record,timestamp,1000001375,,position_lat,-105326931,,position_long,1373021939,,speed,1500,mm/s,heart_rate,135,bpm,cadence,35,rpm
Data,1,record,timestamp,1000001376,,position_lat,-105327219,,position_long,1373021766,,speed,1500,mm/s,heart_rate,135,bpm,cadence,35,rpm
Data,1,record,timestamp,1000001377,,position_lat,-105327502,,position_long,1373021592,,speed,1500,mm/s,heart_rate,135,bpm,cadence,35,rpm
Data,1,record,timestamp,1000001378,,position_lat,-105327778,,position_long,1373021418,,speed,1500,mm/s,heart_rate,135,bpm,cadence,35,rpm
Data,1,record,timestamp,1000001379,,position_lat,-105328046,,position_long,1373021244,,speed,1500,mm/s,heart_rate,135,bpm,cadence,35,rpm
Data,1,record,timestamp,1000001380,,position_lat,-105328306,,position_long,1373021070,,speed,1500,mm/s,heart_rate,135,bpm,cadence,35,rpm
Data,1,record,timestamp,1000001381,,position_lat,-105328555,,position_long,1373020896,,speed,1500,mm/s,heart_rate,135,bpm,cadence,35,rpm
Data,1,record,timestamp,1000001382,,position_lat,-105328794,,position_long,1373020723,,speed,1500,mm/s,heart_rate,135,bpm,cadence,35,rpm
Data,1,record,timestamp,1000001383,,position_lat,-105329022,,position_long,1373020549,,speed,1500,mm/s,heart_rate,135,bpm,cadence,35,rpm
Data,1,record,timestamp,1000001384,,position_lat,-105329237,,position_long,1373020375,,speed,1500,mm/s,heart_rate,135,bpm,cadence,35,rpm
Data,1,record,timestamp,1000001385,,position_lat,-105329440,,position_long,1373020201,,speed,1500,mm/s,heart_rate,135,bpm,cadence,35,rpm
Data,1,record,timestamp,1000001386,,position_lat,-105329629,,position_long,1373020027,,speed,1500,mm/s,heart_rate,135,bpm,cadence,35,rpm
Data,1,record,timestamp,1000001387,,position_lat,-105329804,,position_long,1373019854,,speed,1500,mm/s,heart_rate,135,bpm,cadence,35,rpm
Data,1,record,timestamp,1000001388,,position_lat,-105329964,,position_long,1373019680,,speed,1500,mm/s,heart_rate,135,bpm,cadence,35,rpm
Data,1,record,timestamp,1000001389,,position_lat,-105330110,,position_long,1373019506,,speed,1500,mm/s,heart_rate,135,bpm,cadence,35,rpm
Data,1,record,timestamp,1000001390,,position_lat,-105330241,,position_long,1373019332,,speed,1500,mm/s,heart_rate,135,bpm,cadence,35,rpm
Data,1,record,timestamp,1000001391,,position_lat,-105330358,,position_long,1373019158,,speed,1500,mm/s,heart_rate,135,bpm,cadence,35,rpm
Data,1,record,timestamp,1000001392,,position_lat,-105330459,,position_long,1373018984,,speed,1500,mm/s,heart_rate,135,bpm,cadence,35,rpm
Data,1,record,timestamp,1000001393,,position_lat,-105330546,,position_long,1373018811,,speed,1500,mm/s,heart_rate,135,bpm,cadence,35,rpm
Data,1,record,timestamp,1000001394,,position_lat,-105330618,,position_long,1373018637,,speed,1500,mm/s,heart_rate,135,bpm,cadence,35,rpm
Data,1,record,timestamp,1000001395,,position_lat,-105330676,,position_long,1373018463,,speed,1500,mm/s,heart_rate,135,bpm,cadence,35,rpm
Data,1,record,timestamp,1000001396,,position_lat,-105330720,,position_long,1373018289,,speed,1500,mm/s,heart_rate,135,bpm,cadence,35,rpm
Data,1,record,timestamp,1000001397,,position_lat,-105330751,,position_long,1373018115,,speed,1500,mm/s,heart_rate,135,bpm,cadence,35,rpm
Data,1,record,timestamp,1000001398,,position_lat,-105330769,,position_long,1373017942,,speed,1500,mm/s,heart_rate,135,bpm,cadence,35,rpm
Data,1,record,timestamp,1000001399,,position_lat,-105330775,,position_long,1373017768,,speed,1500,mm/s,heart_rate,135,bpm,cadence,35,rpm
Data,1,record,timestamp,1000001400,,position_lat,-105330770,,position_long,1373017594,,speed,1500,mm/s,heart_rate,135,bpm,cadence,35,rpm
Data,1,record,timestamp,1000001401,,position_lat,-105330755,,position_long,1373017420,,speed,1500,mm/s,heart_rate,135,bpm,cadence,35,rpm
Data,1,record,timestamp,1000001402,,position_lat,-105330731,,position_long,1373017246,,speed,1500,mm/s,heart_rate,135,bpm,cadence,35,rpm
Data,1,record,timestamp,1000001403,,position_lat,-105330698,,position_long,1373017072,,speed,1500,mm/s,heart_rate,135,bpm,cadence,35,rpm
Data,1,record,timestamp,1000001404,,position_lat,-105330657,,position_long,1373016899,,speed,1500,mm/s,heart_rate,135,bpm,cadence,35,rpm
Data,1,record,timestamp,1000001405,,position_lat,-105330611,,position_long,1373016725,,speed,1500,mm/s,heart_rate,135,bpm,cadence,35,rpm
Data,1,record,timestamp,1000001406,,position_lat,-105330560,,position_long,1373016551,,speed,1500,mm/s,heart_rate,135,bpm,cadence,35,rpm
Data,1,record,timestamp,1000001407,,position_lat,-105330504,,position_long,1373016377,,speed,1500,mm/s,heart_rate,135,bpm,cadence,35,rpm
Data,1,record,timestamp,1000001408,,position_lat,-105330446,,position_long,1373016203,,speed,1500,mm/s,heart_rate,135,bpm,cadence,35,rpm
Data,1,record,timestamp,1000001409,,position_lat,-105330387,,position_long,1373016030,,speed,1500,mm/s,heart_rate,135,bpm,cadence,35,rpm
Data,1,record,timestamp,1000001410,,position_lat,-105330327,,position_long,1373015856,,speed,1500,mm/s,heart_rate,135,bpm,cadence,35,rpm
Data,1,record,timestamp,1000001411,,position_lat,-105330269,,position_long,1373015682,,speed,1500,mm/s,heart_rate,135,bpm,cadence,35,rpm
Data,1,record,timestamp,1000001412,,position_lat,-105330213,,position_long,1373015508,,speed,1500,mm/s,heart_rate,135,bpm,cadence,35,rpm
Data,1,record,timestamp,1000001413,,position_lat,-105330160,,position_long,1373015334,,speed,1500,mm/s,heart_rate,135,bpm,cadence,35,rpm
Data,1,record,timestamp,1000001414,,position_lat,-105330112,,position_long,1373015160,,speed,1500,mm/s,heart_rate,135,bpm,cadence,35,rpm
Data,1,record,timestamp,1000001415,,position_lat,-105330070,,position_long,1373014987,,speed,1500,mm/s,heart_rate,135,bpm,cadence,35,rpm
Data,1,record,timestamp,1000001416,,position_lat,-105330035,,position_long,1373014813,,speed,1500,mm/s,heart_rate,135,bpm,cadence,35,rpm
Data,1,record,timestamp,1000001417,,position_lat,-105330007,,position_long,1373014639,,speed,1500,mm/s,heart_rate,135,bpm,cadence,35,rpm
Data,1,record,timestamp,1000001418,,position_lat,-105329989,,position_long,1373014465,,speed,1500,mm/s,heart_rate,135,bpm,cadence,35,rpm
Data,1,record,timestamp,1000001419,,position_lat,-105329982,,position_long,1373014291,,speed,1500,mm/s,heart_rate,135,bpm,cadence,35,rpm
Data,1,record,timestamp,1000001420,,position_lat,-105329984,,position_long,1373014117,,speed,1500,mm/s,heart_rate,135,bpm,cadence,35,rpm
Data,1,record,timestamp,1000001421,,position_lat,-105329999,,position_long,1373013944,,speed,1500,mm/s,heart_rate,135,bpm,cadence,35,rpm
Data,1,record,timestamp,1000001422,,position_lat,-105330026,,position_long,1373013770,,speed,1500,mm/s,heart_rate,135,bpm,cadence,35,rpm
Data,1,record,timestamp,1000001423,,position_lat,-105330066,,position_long,1373013596,,speed,1500,mm/s,heart_rate,135,bpm,cadence,35,rpm
Data,1,record,timestamp,1000001424,,position_lat,-105330120,,position_long,1373013422,,speed,1500,mm/s,heart_rate,135,bpm,cadence,35,rpm
Data,1,record,timestamp,1000001425,,position_lat,-105330188,,position_long,1373013248,,speed,1500,mm/s,heart_rate,135,bpm,cadence,35,rpm
Data,1,record,timestamp,1000001426,,position_lat,-105330270,,position_long,1373013075,,speed,1500,mm/s,heart_rate,135,bpm,cadence,35,rpm
Data,1,record,timestamp,1000001427,,position_lat,-105330368,,position_long,1373012901,,speed,1500,mm/s,heart_rate,135,bpm,cadence,35,rpm
Data,1,record,timestamp,1000001428,,position_lat,-105330479,,position_long,1373012727,,speed,1500,mm/s,heart_rate,135,bpm,cadence,35,rpm
Data,1,record,timestamp,1000001429,,position_lat,-105330606,,position_long,1373012553,,speed,1500,mm/s,heart_rate,135,bpm,cadence,35,rpm
Data,1,record,timestamp,1000001430,,position_lat,-105330748,,position_long,1373012379,,speed,1500,mm/s,heart_rate,135,bpm,cadence,35,rpm
Data,1,record,timestamp,1000001431,,position_lat,-105330904,,position_long,1373012205,,speed,1500,mm/s,heart_rate,135,bpm,cadence,35,rpm
Data,1,record,timestamp,1000001432,,position_lat,-105331075,,position_long,1373012032,,speed,1500,mm/s,heart_rate,135,bpm,cadence,35,rpm
Data,1,record,timestamp,1000001433,,position_lat,-105331260,,position_long,1373011858,,speed,1500,mm/s,heart_rate,135,bpm,cadence,35,rpm
Data,1,record,timestamp,1000001434,,position_lat,-105331459,,position_long,1373011684,,speed,1500,mm/s,heart_rate,135,bpm,cadence,35,rpm
Data,1,record,timestamp,1000001435,,position_lat,-105331670,,position_long,1373011510,,speed,1500,mm/s,heart_rate,135,bpm,cadence,35,rpm
Data,1,record,timestamp,1000001436,,position_lat,-105331894,,position_long,1373011336,,speed,1500,mm/s,heart_rate,135,bpm,cadence,35,rpm
Data,1,record,timestamp,1000001437,,position_lat,-105332130,,position_long,1373011163,,speed,1500,mm/s,heart_rate,135,bpm,cadence,35,rpm
Data,1,record,timestamp,1000001438,,position_lat,-105332377,,position_long,1373010989,,speed,1500,mm/s,heart_rate,135,bpm,cadence,35,rpm
Data,1,record,timestamp,1000001439,,position_lat,-105332633,,position_long,1373010815,,speed,1500,mm/s,heart_rate,135,bpm,cadence,35,rpm
Data,1,record,timestamp,1000001440,,position_lat,-105332899,,position_long,1373010641,,speed,1500,mm/s,heart_rate,135,bpm,cadence,35,rpm
Data,1,record,timestamp,1000001441,,position_lat,-105333173,,position_long,1373010467,,speed,1500,mm/s,heart_rate,135,bpm,cadence,35,rpm
Data,1,record,timestamp,1000001442,,position_lat,-105333454,,position_long,1373010293,,speed,1500,mm/s,heart_rate,135,bpm,cadence,35,rpm
Data,1,record,timestamp,1000001443,,position_lat,-105333741,,position_long,1373010120,,speed,1500,mm/s,heart_rate,135,bpm,cadence,35,rpm
Data,1,record,timestamp,1000001444,,position_lat,-105334032,,position_long,1373009946,,speed,1500,mm/s,heart_rate,135,bpm,cadence,35,rpm
Data,1,record,timestamp,1000001445,,position_lat,-105334327,,position_long,1373009772,,speed,1500,mm/s,heart_rate,135,bpm,cadence,35,rpm
Data,1,record,timestamp,1000001446,,position_lat,-105334624,,position_long,1373009598,,speed,1500,mm/s,heart_rate,135,bpm,cadence,35,rpm
Data,1,record,timestamp,1000001447,,position_lat,-105334922,,position_long,1373009424,,speed,1500,mm/s,heart_rate,135,bpm,cadence,35,rpm
Data,1,record,timestamp,1000001448,,position_lat,-105335220,,position_long,1373009251,,speed,1500,mm/s,heart_rate,135,bpm,cadence,35,rpm
Data,1,record,timestamp,1000001449,,position_lat,-105335517,,position_long,1373009077,,speed,1500,mm/s,heart_rate,135,bpm,cadence,35,rpm
Data,1,record,timestamp,1000001450,,position_lat,-105335811,,position_long,1373008903,,speed,1500,mm/s,heart_rate,135,bpm,cadence,35,rpm
Data,1,record,timestamp,1000001451,,position_lat,-105336101,,position_long,1373008729,,speed,1500,mm/s,heart_rate,135,bpm,cadence,35,rpm
Data,1,record,timestamp,1000001452,,position_lat,-105336385,,position_long,1373008555,,speed,1500,mm/s,heart_rate,135,bpm,cadence,35,rpm
Data,1,record,timestamp,1000001453,,position_lat,-105336664,,position_long,1373008381,,speed,1500,mm/s,heart_rate,135,bpm,cadence,35,rpm
Data,1,record,timestamp,1000001454,,position_lat,-105336936,,position_long,1373008208,,speed,1500,mm/s,heart_rate,135,bpm,cadence,35,rpm
Data,1,record,timestamp,1000001455,,position_lat,-105337199,,position_long,1373008034,,speed,1500,mm/s,heart_rate,135,bpm,cadence,35,rpm
Data,1,record,timestamp,1000001456,,position_lat,-105337452,,position_long,1373007860,,speed,1500,mm/s,heart_rate,135,bpm,cadence,35,rpm
Data,1,record,timestamp,1000001457,,position_lat,-105337696,,position_long,1373007686,,speed,1500,mm/s,heart_rate,135,bpm,cadence,35,rpm
Data,1,record,timestamp,1000001458,,position_lat,-105337928,,position_long,1373007512,,speed,1500,mm/s,heart_rate,135,bpm,cadence,35,rpm
Data,1,record,timestamp,1000001459,,position_lat,-105338148,,position_long,1373007339,,speed,1500,mm/s,heart_rate,135,bpm,cadence,35,rpm
Data,1,record,timestamp,1000001460,,position_lat,-105338356,,position_long,1373007165,,speed,1500,mm/s,heart_rate,135,bpm,cadence,35,rpm
Data,1,record,timestamp,1000001461,,position_lat,-105338550,,position_long,1373006991,,speed,1500,mm/s,heart_rate,135,bpm,cadence,35,rpm
Data,1,record,timestamp,1000001462,,position_lat,-105338731,,position_long,1373006817,,speed,1500,mm/s,heart_rate,135,bpm,cadence,35,rpm
Data,1,record,timestamp,1000001463,,position_lat,-105338897,,position_long,1373006643,,speed,1500,mm/s,heart_rate,135,bpm,cadence,35,rpm
Data,1,record,timestamp,1000001464,,position_lat,-105339049,,position_long,1373006469,,speed,1500,mm/s,heart_rate,135,bpm,cadence,35,rpm
Data,1,record,timestamp,1000001465,,position_lat,-105339186,,position_long,1373006296,,speed,1500,mm/s,heart_rate,135,bpm,cadence,35,rpm
Data,1,record,timestamp,1000001466,,position_lat,-105339309,,position_long,1373006122,,speed,1500,mm/s,heart_rate,135,bpm,cadence,35,rpm
Data,1,record,timestamp,1000001467,,position_lat,-105339416,,position_long,1373005948,,speed,1500,mm/s,heart_rate,135,bpm,cadence,35,rpm
Data,1,record,timestamp,1000001468,,position_lat,-105339508,,position_long,1373005774,,speed,1500,mm/s,heart_rate,135,bpm,cadence,35,rpm
Data,1,record,timestamp,1000001469,,position_lat,-105339586,,position_long,1373005600,,speed,1500,mm/s,heart_rate,135,bpm,cadence,35,rpm
Data,1,record,timestamp,1000001470,,position_lat,-105339586,,position_long,1373005624,,speed,100,mm/s,heart_rate,95,bpm,cadence,0,rpm
Data,1,record,timestamp,1000001471,,position_lat,-105339584,,position_long,1373005648,,speed,100,mm/s,heart_rate,95,bpm,cadence,0,rpm
Data,1,record,timestamp,1000001472,,position_lat,-105339579,,position_long,1373005671,,speed,100,mm/s,heart_rate,95,bpm,cadence,0,rpm
Data,1,record,timestamp,1000001473,,position_lat,-105339572,,position_long,1373005694,,speed,100,mm/s,heart_rate,95,bpm,cadence,0,rpm
Data,1,record,timestamp,1000001474,,position_lat,-105339563,,position_long,1373005716,,speed,100,mm/s,heart_rate,95,bpm,cadence,0,rpm
Data,1,record,timestamp,1000001475,,position_lat,-105339551,,position_long,1373005737,,speed,100,mm/s,heart_rate,95,bpm,cadence,0,rpm
Data,1,record,timestamp,1000001476,,position_lat,-105339538,,position_long,1373005757,,speed,100,mm/s,heart_rate,95,bpm,cadence,0,rpm
Data,1,record,timestamp,1000001477,,position_lat,-105339522,,position_long,1373005775,,speed,100,mm/s,heart_rate,95,bpm,cadence,0,rpm
Data,1,record,timestamp,1000001478,,position_lat,-105339505,,position_long,1373005792,,speed,100,mm/s,heart_rate,95,bpm,cadence,0,rpm
Data,1,record,timestamp,1000001479,,position_lat,-105339487,,position_long,1373005806,,speed,100,mm/s,heart_rate,95,bpm,cadence,0,rpm
Data,1,record,timestamp,1000001480,,position_lat,-105339467,,position_long,1373005819,,speed,100,mm/s,heart_rate,95,bpm,cadence,0,rpm
Data,1,record,timestamp,1000001481,,position_lat,-105339445,,position_long,1373005830,,speed,100,mm/s,heart_rate,95,bpm,cadence,0,rpm
Data,1,record,timestamp,1000001482,,position_lat,-105339423,,position_long,1373005839,,speed,100,mm/s,heart_rate,95,bpm,cadence,0,rpm
Data,1,record,timestamp,1000001483,,position_lat,-105339400,,position_long,1373005845,,speed,100,mm/s,heart_rate,95,bpm,cadence,0,rpm
Data,1,record,timestamp,1000001484,,position_lat,-105339377,,position_long,1373005849,,speed,100,mm/s,heart_rate,95,bpm,cadence,0,rpm
Data,1,record,timestamp,1000001485,,position_lat,-105339353,,position_long,1373005851,,speed,100,mm/s,heart_rate,95,bpm,cadence,0,rpm
Data,1,record,timestamp,1000001486,,position_lat,-105339329,,position_long,1373005850,,speed,100,mm/s,heart_rate,95,bpm,cadence,0,rpm
Data,1,record,timestamp,1000001487,,position_lat,-105339305,,position_long,1373005847,,speed,100,mm/s,heart_rate,95,bpm,cadence,0,rpm
Data,1,record,timestamp,1000001488,,position_lat,-105339282,,position_long,1373005842,,speed,100,mm/s,heart_rate,95,bpm,cadence,0,rpm
Data,1,record,timestamp,1000001489,,position_lat,-105339259,,position_long,1373005834,,speed,100,mm/s,heart_rate,95,bpm,cadence,0,rpm
Data,1,record,timestamp,1000001490,,position_lat,-105339238,,position_long,1373005824,,speed,100,mm/s,heart_rate,95,bpm,cadence,0,rpm
Data,1,record,timestamp,1000001491,,position_lat,-105339217,,position_long,1373005812,,speed,100,mm/s,heart_rate,95,bpm,cadence,0,rpm
Data,1,record,timestamp,1000001492,,position_lat,-105339198,,position_long,1373005798,,speed,100,mm/s,heart_rate,95,bpm,cadence,0,rpm
Data,1,record,timestamp,1000001493,,position_lat,-105339180,,position_long,1373005782,,speed,100,mm/s,heart_rate,95,bpm,cadence,0,rpm
Data,1,record,timestamp,1000001494,,position_lat,-105339164,,position_long,1373005764,,speed,100,mm/s,heart_rate,95,bpm,cadence,0,rpm
Data,1,record,timestamp,1000001495,,position_lat,-105339150,,position_long,1373005745,,speed,100,mm/s,heart_rate,95,bpm,cadence,0,rpm
Data,1,record,timestamp,1000001496,,position_lat,-105339137,,position_long,1373005725,,speed,100,mm/s,heart_rate,95,bpm,cadence,0,rpm
Data,1,record,timestamp,1000001497,,position_lat,-105339127,,position_long,1373005703,,speed,100,mm/s,heart_rate,95,bpm,cadence,0,rpm
Data,1,record,timestamp,1000001498,,position_lat,-105339119,,position_long,1373005681,,speed,100,mm/s,heart_rate,95,bpm,cadence,0,rpm
Data,1,record,timestamp,1000001499,,position_lat,-105339113,,position_long,1373005658,,speed,100,mm/s,heart_rate,95,bpm,cadence,0,rpm
Data,1,record,timestamp,1000001500,,position_lat,-105339110,,position_long,1373005634,,speed,100,mm/s,heart_rate,95,bpm,cadence,0,rpm
Data,1,record,timestamp,1000001501,,position_lat,-105339109,,position_long,1373005610,,speed,100,mm/s,heart_rate,95,bpm,cadence,0,rpm
Data,1,record,timestamp,1000001502,,position_lat,-105339110,,position_long,1373005586,,speed,100,mm/s,heart_rate,95,bpm,cadence,0,rpm
Data,1,record,timestamp,1000001503,,position_lat,-105339114,,position_long,1373005563,,speed,100,mm/s,heart_rate,95,bpm,cadence,0,rpm
Data,1,record,timestamp,1000001504,,position_lat,-105339120,,position_long,1373005540,,speed,100,mm/s,heart_rate,95,bpm,cadence,0,rpm
Data,1,record,timestamp,1000001505,,position_lat,-105339129,,position_long,1373005517,,speed,100,mm/s,heart_rate,95,bpm,cadence,0,rpm
Data,1,record,timestamp,1000001506,,position_lat,-105339139,,position_long,1373005496,,speed,100,mm/s,heart_rate,95,bpm,cadence,0,rpm
Data,1,record,timestamp,1000001507,,position_lat,-105339152,,position_long,1373005476,,speed,100,mm/s,heart_rate,95,bpm,cadence,0,rpm
Data,1,record,timestamp,1000001508,,position_lat,-105339166,,position_long,1373005457,,speed,100,mm/s,heart_rate,95,bpm,cadence,0,rpm
Data,1,record,timestamp,1000001509,,position_lat,-105339183,,position_long,1373005440,,speed,100,mm/s,heart_rate,95,bpm,cadence,0,rpm
Data,1,record,timestamp,1000001510,,position_lat,-105339201,,position_long,1373005424,,speed,100,mm/s,heart_rate,95,bpm,cadence,0,rpm
Data,1,record,timestamp,1000001511,,position_lat,-105339220,,position_long,1373005410,,speed,100,mm/s,heart_rate,95,bpm,cadence,0,rpm
Data,1,record,timestamp,1000001512,,position_lat,-105339241,,position_long,1373005399,,speed,100,mm/s,heart_rate,95,bpm,cadence,0,rpm
Data,1,record,timestamp,1000001513,,position_lat,-105339263,,position_long,1373005389,,speed,100,mm/s,heart_rate,95,bpm,cadence,0,rpm
Data,1,record,timestamp,1000001514,,position_lat,-105339286,,position_long,1373005382,,speed,100,mm/s,heart_rate,95,bpm,cadence,0,rpm
Data,1,record,timestamp,1000001515,,position_lat,-105339309,,position_long,1373005377,,speed,100,mm/s,heart_rate,95,bpm,cadence,0,rpm
Data,1,record,timestamp,1000001516,,position_lat,-105339333,,position_long,1373005374,,speed,100,mm/s,heart_rate,95,bpm,cadence,0,rpm
Data,1,record,timestamp,1000001517,,position_lat,-105339357,,position_long,1373005374,,speed,100,mm/s,heart_rate,95,bpm,cadence,0,rpm
Data,1,record,timestamp,1000001518,,position_lat,-105339380,,position_long,1373005376,,speed,100,mm/s,heart_rate,95,bpm,cadence,0,rpm
Data,1,record,timestamp,1000001519,,position_lat,-105339404,,position_long,1373005380,,speed,100,mm/s,heart_rate,95,bpm,cadence,0,rpm
Data,1,record,timestamp,1000001520,,position_lat,-105339427,,position_long,1373005387,,speed,100,mm/s,heart_rate,95,bpm,cadence,0,rpm
Data,1,record,timestamp,1000001521,,position_lat,-105339449,,position_long,1373005396,,speed,100,mm/s,heart_rate,95,bpm,cadence,0,rpm
Data,1,record,timestamp,1000001522,,position_lat,-105339470,,position_long,1373005407,,speed,100,mm/s,heart_rate,95,bpm,cadence,0,rpm
Data,1,record,timestamp,1000001523,,position_lat,-105339490,,position_long,1373005420,,speed,100,mm/s,heart_rate,95,bpm,cadence,0,rpm
Data,1,record,timestamp,1000001524,,position_lat,-105339508,,position_long,1373005436,,speed,100,mm/s,heart_rate,95,bpm,cadence,0,rpm
Data,1,record,timestamp,1000001525,,position_lat,-105339525,,position_long,1373005452,,speed,100,mm/s,heart_rate,95,bpm,cadence,0,rpm
Data,1,record,timestamp,1000001526,,position_lat,-105339540,,position_long,1373005471,,speed,100,mm/s,heart_rate,95,bpm,cadence,0,rpm
Data,1,record,timestamp,1000001527,,position_lat,-105339553,,position_long,1373005491,,speed,100,mm/s,heart_rate,95,bpm,cadence,0,rpm
Data,1,record,timestamp,1000001528,,position_lat,-105339564,,position_long,1373005512,,speed,100,mm/s,heart_rate,95,bpm,cadence,0,rpm
Data,1,record,timestamp,1000001529,,position_lat,-105339573,,position_long,1373005534,,speed,100,mm/s,heart_rate,95,bpm,cadence,0,rpm
Data,1,record,timestamp,1000001530,,position_lat,-105339580,,position_long,1373005557,,speed,100,mm/s,heart_rate,95,bpm,cadence,0,rpm
Data,1,record,timestamp,1000001531,,position_lat,-105339584,,position_long,1373005581,,speed,100,mm/s,heart_rate,95,bpm,cadence,0,rpm
Data,1,record,timestamp,1000001532,,position_lat,-105339586,,position_long,1373005604,,speed,100,mm/s,heart_rate,95,bpm,cadence,0,rpm
Data,1,record,timestamp,1000001533,,position_lat,-105339586,,position_long,1373005628,,speed,100,mm/s,heart_rate,95,bpm,cadence,0,rpm
Data,1,record,timestamp,1000001534,,position_lat,-105339583,,position_long,1373005652,,speed,100,mm/s,heart_rate,95,bpm,cadence,0,rpm
Data,1,record,timestamp,1000001535,,position_lat,-105339578,,position_long,1373005675,,speed,100,mm/s,heart_rate,95,bpm,cadence,0,rpm
Data,1,record,timestamp,1000001536,,position_lat,-105339571,,position_long,1373005698,,speed,100,mm/s,heart_rate,95,bpm,cadence,0,rpm
Data,1,record,timestamp,1000001537,,position_lat,-105339561,,position_long,1373005720,,speed,100,mm/s,heart_rate,95,bpm,cadence,0,rpm
Data,1,record,timestamp,1000001538,,position_lat,-105339549,,position_long,1373005740,,speed,100,mm/s,heart_rate,95,bpm,cadence,0,rpm
Data,1,record,timestamp,1000001539,,position_lat,-105339535,,position_long,1373005760,,speed,100,mm/s,heart_rate,95,bpm,cadence,0,rpm
Data,1,record,timestamp,1000001540,,position_lat,-105339520,,position_long,1373005778,,speed,100,mm/s,heart_rate,95,bpm,cadence,0,rpm
Data,1,record,timestamp,1000001541,,position_lat,-105339502,,position_long,1373005794,,speed,100,mm/s,heart_rate,95,bpm,cadence,0,rpm
Data,1,record,timestamp,1000001542,,position_lat,-105339483,,position_long,1373005809,,speed,100,mm/s,heart_rate,95,bpm,cadence,0,rpm
Data,1,record,timestamp,1000001543,,position_lat,-105339463,,position_long,1373005821,,speed,100,mm/s,heart_rate,95,bpm,cadence,0,rpm
Data,1,record,timestamp,1000001544,,position_lat,-105339442,,position_long,1373005832,,speed,100,mm/s,heart_rate,95,bpm,cadence,0,rpm
Data,1,record,timestamp,1000001545,,position_lat,-105339419,,position_long,1373005840,,speed,100,mm/s,heart_rate,95,bpm,cadence,0,rpm
Data,1,record,timestamp,1000001546,,position_lat,-105339396,,position_long,1373005846,,speed,100,mm/s,heart_rate,95,bpm,cadence,0,rpm
Data,1,record,timestamp,1000001547,,position_lat,-105339373,,position_long,1373005850,,speed,100,mm/s,heart_rate,95,bpm,cadence,0,rpm
Data,1,record,timestamp,1000001548,,position_lat,-105339349,,position_long,1373005851,,speed,100,mm/s,heart_rate,95,bpm,cadence,0,rpm
Data,1,record,timestamp,1000001549,,position_lat,-105339325,,position_long,1373005850,,speed,100,mm/s,heart_rate,95,bpm,cadence,0,rpm
Data,1,record,timestamp,1000001550,,position_lat,-105339301,,position_long,1373005846,,speed,100,mm/s,heart_rate,95,bpm,cadence,0,rpm
Data,1,record,timestamp,1000001551,,position_lat,-105339278,,position_long,1373005841,,speed,100,mm/s,heart_rate,95,bpm,cadence,0,rpm
Data,1,record,timestamp,1000001552,,position_lat,-105339256,,position_long,1373005832,,speed,100,mm/s,heart_rate,95,bpm,cadence,0,rpm
Data,1,record,timestamp,1000001553,,position_lat,-105339234,,position_long,1373005822,,speed,100,mm/s,heart_rate,95,bpm,cadence,0,rpm
Data,1,record,timestamp,1000001554,,position_lat,-105339214,,position_long,1373005810,,speed,100,mm/s,heart_rate,95,bpm,cadence,0,rpm
Data,1,record,timestamp,1000001555,,position_lat,-105339195,,position_long,1373005795,,speed,100,mm/s,heart_rate,95,bpm,cadence,0,rpm
Data,1,record,timestamp,1000001556,,position_lat,-105339177,,position_long,1373005779,,speed,100,mm/s,heart_rate,95,bpm,cadence,0,rpm
Data,1,record,timestamp,1000001557,,position_lat,-105339161,,position_long,1373005761,,speed,100,mm/s,heart_rate,95,bpm,cadence,0,rpm
Data,1,record,timestamp,1000001558,,position_lat,-105339147,,position_long,1373005742,,speed,100,mm/s,heart_rate,95,bpm,cadence,0,rpm
Data,1,record,timestamp,1000001559,,position_lat,-105339135,,position_long,1373005721,,speed,100,mm/s,heart_rate,95,bpm,cadence,0,rpm
Data,1,record,timestamp,1000001560,,position_lat,-105339126,,position_long,1373005700,,speed,100,mm/s,heart_rate,95,bpm,cadence,0,rpm
Data,1,record,timestamp,1000001561,,position_lat,-105339118,,position_long,1373005677,,speed,100,mm/s,heart_rate,95,bpm,cadence,0,rpm
Data,1,record,timestamp,1000001562,,position_lat,-105339113,,position_long,1373005654,,speed,100,mm/s,heart_rate,95,bpm,cadence,0,rpm
Data,1,record,timestamp,1000001563,,position_lat,-105339110,,position_long,1373005630,,speed,100,mm/s,heart_rate,95,bpm,cadence,0,rpm
Data,1,record,timestamp,1000001564,,position_lat,-105339109,,position_long,1373005606,,speed,100,mm/s,heart_rate,95,bpm,cadence,0,rpm
Data,1,record,timestamp,1000001565,,position_lat,-105339111,,position_long,1373005582,,speed,100,mm/s,heart_rate,95,bpm,cadence,0,rpm
Data,1,record,timestamp,1000001566,,position_lat,-105339115,,position_long,1373005559,,speed,100,mm/s,heart_rate,95,bpm,cadence,0,rpm
Data,1,record,timestamp,1000001567,,position_lat,-105339122,,position_long,1373005536,,speed,100,mm/s,heart_rate,95,bpm,cadence,0,rpm
Data,1,record,timestamp,1000001568,,position_lat,-105339130,,position_long,1373005514,,speed,100,mm/s,heart_rate,95,bpm,cadence,0,rpm
Data,1,record,timestamp,1000001569,,position_lat,-105339141,,position_long,1373005493,,speed,100,mm/s,heart_rate,95,bpm,cadence,0,rpm
Data,1,record,timestamp,1000001570,,position_lat,-105339154,,position_long,1373005473,,speed,100,mm/s,heart_rate,95,bpm,cadence,0,rpm
Data,1,record,timestamp,1000001571,,position_lat,-105339169,,position_long,1373005454,,speed,100,mm/s,heart_rate,95,bpm,cadence,0,rpm
Data,1,record,timestamp,1000001572,,position_lat,-105339186,,position_long,1373005437,,speed,100,mm/s,heart_rate,95,bpm,cadence,0,rpm
Data,1,record,timestamp,1000001573,,position_lat,-105339204,,position_long,1373005422,,speed,100,mm/s,heart_rate,95,bpm,cadence,0,rpm
Data,1,record,timestamp,1000001574,,position_lat,-105339224,,position_long,1373005408,,speed,100,mm/s,heart_rate,95,bpm,cadence,0,rpm
Data,1,record,timestamp,1000001575,,position_lat,-105339245,,position_long,1373005397,,speed,100,mm/s,heart_rate,95,bpm,cadence,0,rpm
Data,1,record,timestamp,1000001576,,position_lat,-105339267,,position_long,1373005388,,speed,100,mm/s,heart_rate,95,bpm,cadence,0,rpm
Data,1,record,timestamp,1000001577,,position_lat,-105339290,,position_long,1373005381,,speed,100,mm/s,heart_rate,95,bpm,cadence,0,rpm
Data,1,record,timestamp,1000001578,,position_lat,-105339313,,position_long,1373005376,,speed,100,mm/s,heart_rate,95,bpm,cadence,0,rpm
Data,1,record,timestamp,1000001579,,position_lat,-105339337,,position_long,1373005374,,speed,100,mm/s,heart_rate,95,bpm,cadence,0,rpm
Data,1,record,timestamp,1000001580,,position_lat,-105338979,,position_long,1373006805,,speed,12750,mm/s,heart_rate,155,bpm,cadence,0,rpm
Data,1,record,timestamp,1000001581,,position_lat,-105338621,,position_long,1373008237,,speed,12750,mm/s,heart_rate,155,bpm,cadence,0,rpm
Data,1,record,timestamp,1000001582,,position_lat,-105338263,,position_long,1373009669,,speed,12750,mm/s,heart_rate,155,bpm,cadence,0,rpm
Data,1,record,timestamp,1000001583,,position_lat,-105337905,,position_long,1373011100,,speed,12750,mm/s,heart_rate,155,bpm,cadence,0,rpm
Data,1,record,timestamp,1000001584,,position_lat,-105337547,,position_long,1373012532,,speed,12750,mm/s,heart_rate,155,bpm,cadence,0,rpm
Data,1,record,timestamp,1000001585,,position_lat,-105337189,,position_long,1373013964,,speed,12750,mm/s,heart_rate,155,bpm,cadence,0,rpm
Data,1,record,timestamp,1000001586,,position_lat,-105336831,,position_long,1373015395,,speed,12750,mm/s,heart_rate,155,bpm,cadence,0,rpm
Data,1,record,timestamp,1000001587,,position_lat,-105336474,,position_long,1373016827,,speed,12750,mm/s,heart_rate,155,bpm,cadence,0,rpm
Data,1,record,timestamp,1000001588,,position_lat,-105336116,,position_long,1373018259,,speed,12750,mm/s,heart_rate,155,bpm,cadence,0,rpm
Data,1,record,timestamp,1000001589,,position_lat,-105335758,,position_long,1373019690,,speed,12750,mm/s,heart_rate,155,bpm,cadence,0,rpm
Data,1,record,timestamp,1000001590,,position_lat,-105335400,,position_long,1373021122,,speed,12750,mm/s,heart_rate,155,bpm,cadence,0,rpm
Data,1,record,timestamp,1000001591,,position_lat,-105335042,,position_long,1373022554,,speed,12750,mm/s,heart_rate,155,bpm,cadence,0,rpm
Data,1,record,timestamp,1000001592,,position_lat,-105334684,,position_long,1373023985,,speed,12750,mm/s,heart_rate,155,bpm,cadence,0,rpm
Data,1,record,timestamp,1000001593,,position_lat,-105334326,,position_long,1373025417,,speed,12750,mm/s,heart_rate,155,bpm,cadence,0,rpm
Data,1,record,timestamp,1000001594,,position_lat,-105333968,,position_long,1373026849,,speed,12750,mm/s,heart_rate,155,bpm,cadence,0,rpm
Data,1,record,timestamp,1000001595,,position_lat,-105333610,,position_long,1373028280,,speed,12750,mm/s,heart_rate,155,bpm,cadence,0,rpm
Data,1,record,timestamp,1000001596,,position_lat,-105333252,,position_long,1373029712,,speed,12750,mm/s,heart_rate,155,bpm,cadence,0,rpm
Data,1,record,timestamp,1000001597,,position_lat,-105332894,,position_long,1373031144,,speed,12750,mm/s,heart_rate,155,bpm,cadence,0,rpm
Data,1,record,timestamp,1000001598,,position_lat,-105332537,,position_long,1373032575,,speed,12750,mm/s,heart_rate,155,bpm,cadence,0,rpm
Data,1,record,timestamp,1000001599,,position_lat,-105332179,,position_long,1373034007,,speed,12750,mm/s,heart_rate,155,bpm,cadence,0,rpm
Data,1,record,timestamp,1000001600,,position_lat,-105331821,,position_long,1373035439,,speed,12750,mm/s,heart_rate,155,bpm,cadence,0,rpm
Data,1,record,timestamp,1000001601,,position_lat,-105331463,,position_long,1373036870,,speed,12750,mm/s,heart_rate,155,bpm,cadence,0,rpm
Data,1,record,timestamp,1000001602,,position_lat,-105331105,,position_long,1373038302,,speed,12750,mm/s,heart_rate,155,bpm,cadence,0,rpm
Data,1,record,timestamp,1000001603,,position_lat,-105330747,,position_long,1373039734,,speed,12750,mm/s,heart_rate,155,bpm,cadence,0,rpm
Data,1,record,timestamp,1000001604,,position_lat,-105330389,,position_long,1373041165,,speed,12750,mm/s,heart_rate,155,bpm,cadence,0,rpm
Data,1,record,timestamp,1000001605,,position_lat,-105330031,,position_long,1373042597,,speed,12750,mm/s,heart_rate,155,bpm,cadence,0,rpm
Data,1,record,timestamp,1000001606,,position_lat,-105329673,,position_long,1373044028,,speed,12750,mm/s,heart_rate,155,bpm,cadence,0,rpm
Data,1,record,timestamp,1000001607,,position_lat,-105329315,,position_long,1373045460,,speed,12750,mm/s,heart_rate,155,bpm,cadence,0,rpm
Data,1,record,timestamp,1000001608,,position_lat,-105328957,,position_long,1373046892,,speed,12750,mm/s,heart_rate,155,bpm,cadence,0,rpm
Data,1,record,timestamp,1000001609,,position_lat,-105328599,,position_long,1373048323,,speed,12750,mm/s,heart_rate,155,bpm,cadence,0,rpm
Data,1,record,timestamp,1000001610,,position_lat,-105328242,,position_long,1373049755,,speed,12750,mm/s,heart_rate,155,bpm,cadence,0,rpm
Data,1,record,timestamp,1000001611,,position_lat,-105327884,,position_long,1373051187,,speed,12750,mm/s,heart_rate,155,bpm,cadence,0,rpm
Data,1,record,timestamp,1000001612,,position_lat,-105327526,,position_long,1373052618,,speed,12750,mm/s,heart_rate,155,bpm,cadence,0,rpm
Data,1,record,timestamp,1000001613,,position_lat,-105327168,,position_long,1373054050,,speed,12750,mm/s,heart_rate,155,bpm,cadence,0,rpm
Data,1,record,timestamp,1000001614,,position_lat,-105326810,,position_long,1373055482,,speed,12750,mm/s,heart_rate,155,bpm,cadence,0,rpm
Data,1,record,timestamp,1000001615,,position_lat,-105326929,,position_long,1373055149,,speed,1500,mm/s,heart_rate,135,bpm,cadence,35,rpm
Data,1,record,timestamp,1000001616,,position_lat,-105327034,,position_long,1373054817,,speed,1500,mm/s,heart_rate,135,bpm,cadence,35,rpm
Data,1,record,timestamp,1000001617,,position_lat,-105327123,,position_long,1373054484,,speed,1500,mm/s,heart_rate,135,bpm,cadence,35,rpm
Data,1,record,timestamp,1000001618,,position_lat,-105327198,,position_long,1373054152,,speed,1500,mm/s,heart_rate,135,bpm,cadence,35,rpm
Data,1,record,timestamp,1000001619,,position_lat,-105327259,,position_long,1373053819,,speed,1500,mm/s,heart_rate,135,bpm,cadence,35,rpm
Data,1,record,timestamp,1000001620,,position_lat,-105327306,,position_long,1373053486,,speed,1500,mm/s,heart_rate,135,bpm,cadence,35,rpm
Data,1,record,timestamp,1000001621,,position_lat,-105327339,,position_long,1373053154,,speed,1500,mm/s,heart_rate,135,bpm,cadence,35,rpm
Data,1,record,timestamp,1000001622,,position_lat,-105327360,,position_long,1373052821,,speed,1500,mm/s,heart_rate,135,bpm,cadence,35,rpm
Data,1,record,timestamp,1000001623,,position_lat,-105327369,,position_long,1373052489,,speed,1500,mm/s,heart_rate,135,bpm,cadence,35,rpm
Data,1,record,timestamp,1000001624,,position_lat,-105327366,,position_long,1373052156,,speed,1500,mm/s,heart_rate,135,bpm,cadence,35,rpm
Data,1,record,timestamp,1000001625,,position_lat,-105327353,,position_long,1373051824,,speed,1500,mm/s,heart_rate,135,bpm,cadence,35,rpm
Data,1,record,timestamp,1000001626,,position_lat,-105327330,,position_long,1373051491,,speed,1500,mm/s,heart_rate,135,bpm,cadence,35,rpm
Data,1,record,timestamp,1000001627,,position_lat,-105327299,,position_long,1373051159,,speed,1500,mm/s,heart_rate,135,bpm,cadence,35,rpm
Data,1,record,timestamp,1000001628,,position_lat,-105327260,,position_long,1373050826,,speed,1500,mm/s,heart_rate,135,bpm,cadence,35,rpm
Data,1,record,timestamp,1000001629,,position_lat,-105327215,,position_long,1373050494,,speed,1500,mm/s,heart_rate,135,bpm,cadence,35,rpm
Data,1,record,timestamp,1000001630,,position_lat,-105327164,,position_long,1373050161,,speed,1500,mm/s,heart_rate,135,bpm,cadence,35,rpm
Data,1,record,timestamp,1000001631,,position_lat,-105327110,,position_long,1373049829,,speed,1500,mm/s,heart_rate,135,bpm,cadence,35,rpm
Data,1,record,timestamp,1000001632,,position_lat,-105327052,,position_long,1373049496,,speed,1500,mm/s,heart_rate,135,bpm,cadence,35,rpm
Data,1,record,timestamp,1000001633,,position_lat,-105326993,,position_long,1373049163,,speed,1500,mm/s,heart_rate,135,bpm,cadence,35,rpm
Data,1,record,timestamp,1000001634,,position_lat,-105326933,,position_long,1373048831,,speed,1500,mm/s,heart_rate,135,bpm,cadence,35,rpm
Data,1,record,timestamp,1000001635,,position_lat,-105326875,,position_long,1373048498,,speed,1500,mm/s,heart_rate,135,bpm,cadence,35,rpm
Data,1,record,timestamp,1000001636,,position_lat,-105326818,,position_long,1373048166,,speed,1500,mm/s,heart_rate,135,bpm,cadence,35,rpm
Data,1,record,timestamp,1000001637,,position_lat,-105326764,,position_long,1373047833,,speed,1500,mm/s,heart_rate,135,bpm,cadence,35,rpm
Data,1,record,timestamp,1000001638,,position_lat,-105326715,,position_long,1373047501,,speed,1500,mm/s,heart_rate,135,bpm,cadence,35,rpm
Data,1,record,timestamp,1000001639,,position_lat,-105326672,,position_long,1373047168,,speed,1500,mm/s,heart_rate,135,bpm,cadence,35,rpm
Data,1,record,timestamp,1000001640,,position_lat,-105326635,,position_long,1373046836,,speed,1500,mm/s,heart_rate,135,bpm,cadence,35,rpm
Data,1,record,timestamp,1000001641,,position_lat,-105326606,,position_long,1373046503,,speed,1500,mm/s,heart_rate,135,bpm,cadence,35,rpm
Data,1,record,timestamp,1000001642,,position_lat,-105326586,,position_long,1373046171,,speed,1500,mm/s,heart_rate,135,bpm,cadence,35,rpm
Data,1,record,timestamp,1000001643,,position_lat,-105326576,,position_long,1373045838,,speed,1500,mm/s,heart_rate,135,bpm,cadence,35,rpm
Data,1,record,timestamp,1000001644,,position_lat,-105326577,,position_long,1373045505,,speed,1500,mm/s,heart_rate,135,bpm,cadence,35,rpm
Data,1,record,timestamp,1000001645,,position_lat,-105326589,,position_long,1373045173,,speed,1500,mm/s,heart_rate,135,bpm,cadence,35,rpm
Data,1,record,timestamp,1000001646,,position_lat,-105326614,,position_long,1373044840,,speed,1500,mm/s,heart_rate,135,bpm,cadence,35,rpm
Data,1,record,timestamp,1000001647,,position_lat,-105326651,,position_long,1373044508,,speed,1500,mm/s,heart_rate,135,bpm,cadence,35,rpm
Data,1,record,timestamp,1000001648,,position_lat,-105326702,,position_long,1373044175,,speed,1500,mm/s,heart_rate,135,bpm,cadence,35,rpm
Data,1,record,timestamp,1000001649,,position_lat,-105326767,,position_long,1373043843,,speed,1500,mm/s,heart_rate,135,bpm,cadence,35,rpm
Data,1,record,timestamp,1000001650,,position_lat,-105326846,,position_long,1373043510,,speed,1500,mm/s,heart_rate,135,bpm,cadence,35,rpm
Data,1,record,timestamp,1000001651,,position_lat,-105326941,,position_long,1373043178,,speed,1500,mm/s,heart_rate,135,bpm,cadence,35,rpm
Data,1,record,timestamp,1000001652,,position_lat,-105327049,,position_long,1373042845,,speed,1500,mm/s,heart_rate,135,bpm,cadence,35,rpm
Data,1,record,timestamp,1000001653,,position_lat,-105327173,,position_long,1373042513,,speed,1500,mm/s,heart_rate,135,bpm,cadence,35,rpm
Data,1,record,timestamp,1000001654,,position_lat,-105327312,,position_long,1373042180,,speed,1500,mm/s,heart_rate,135,bpm,cadence,35,rpm
Data,1,record,timestamp,1000001655,,position_lat,-105327465,,position_long,1373041847,,speed,1500,mm/s,heart_rate,135,bpm,cadence,35,rpm
Data,1,record,timestamp,1000001656,,position_lat,-105327633,,position_long,1373041515,,speed,1500,mm/s,heart_rate,135,bpm,cadence,35,rpm
Data,1,record,timestamp,1000001657,,position_lat,-105327815,,position_long,1373041182,,speed,1500,mm/s,heart_rate,135,bpm,cadence,35,rpm
Data,1,record,timestamp,1000001658,,position_lat,-105328011,,position_long,1373040850,,speed,1500,mm/s,heart_rate,135,bpm,cadence,35,rpm
Data,1,record,timestamp,1000001659,,position_lat,-105328220,,position_long,1373040517,,speed,1500,mm/s,heart_rate,135,bpm,cadence,35,rpm
Data,1,record,timestamp,1000001660,,position_lat,-105328442,,position_long,1373040185,,speed,1500,mm/s,heart_rate,135,bpm,cadence,35,rpm
Data,1,record,timestamp,1000001661,,position_lat,-105328675,,position_long,1373039852,,speed,1500,mm/s,heart_rate,135,bpm,cadence,35,rpm
Data,1,record,timestamp,1000001662,,position_lat,-105328920,,position_long,1373039520,,speed,1500,mm/s,heart_rate,135,bpm,cadence,35,rpm
Data,1,record,timestamp,1000001663,,position_lat,-105329174,,position_long,1373039187,,speed,1500,mm/s,heart_rate,135,bpm,cadence,35,rpm
Data,1,record,timestamp,1000001664,,position_lat,-105329438,,position_long,1373038855,,speed,1500,mm/s,heart_rate,135,bpm,cadence,35,rpm
Data,1,record,timestamp,1000001665,,position_lat,-105329711,,position_long,1373038522,,speed,1500,mm/s,heart_rate,135,bpm,cadence,35,rpm
Data,1,record,timestamp,1000001666,,position_lat,-105329990,,position_long,1373038190,,speed,1500,mm/s,heart_rate,135,bpm,cadence,35,rpm
Data,1,record,timestamp,1000001667,,position_lat,-105330276,,position_long,1373037857,,speed,1500,mm/s,heart_rate,135,bpm,cadence,35,rpm
Data,1,record,timestamp,1000001668,,position_lat,-105330566,,position_long,1373037524,,speed,1500,mm/s,heart_rate,135,bpm,cadence,35,rpm
Data,1,record,timestamp,1000001669,,position_lat,-105330860,,position_long,1373037192,,speed,1500,mm/s,heart_rate,135,bpm,cadence,35,rpm
Data,1,record,timestamp,1000001670,,position_lat,-105331157,,position_long,1373036859,,speed,1500,mm/s,heart_rate,135,bpm,cadence,35,rpm
Data,1,record,timestamp,1000001671,,position_lat,-105331455,,position_long,1373036527,,speed,1500,mm/s,heart_rate,135,bpm,cadence,35,rpm
Data,1,record,timestamp,1000001672,,position_lat,-105331753,,position_long,1373036194,,speed,1500,mm/s,heart_rate,135,bpm,cadence,35,rpm
Data,1,record,timestamp,1000001673,,position_lat,-105332050,,position_long,1373035862,,speed,1500,mm/s,heart_rate,135,bpm,cadence,35,rpm
Data,1,record,timestamp,1000001674,,position_lat,-105332345,,position_long,1373035529,,speed,1500,mm/s,heart_rate,135,bpm,cadence,35,rpm
Data,1,record,timestamp,1000001675,,position_lat,-105332636,,position_long,1373035197,,speed,1500,mm/s,heart_rate,135,bpm,cadence,35,rpm
Data,1,record,timestamp,1000001676,,position_lat,-105332922,,position_long,1373034864,,speed,1500,mm/s,heart_rate,135,bpm,cadence,35,rpm
Data,1,record,timestamp,1000001677,,position_lat,-105333202,,position_long,1373034532,,speed,1500,mm/s,heart_rate,135,bpm,cadence,35,rpm
Data,1,record,timestamp,1000001678,,position_lat,-105333475,,position_long,1373034199,,speed,1500,mm/s,heart_rate,135,bpm,cadence,35,rpm
Data,1,record,timestamp,1000001679,,position_lat,-105333740,,position_long,1373033866,,speed,1500,mm/s,heart_rate,135,bpm,cadence,35,rpm
Data,1,record,timestamp,1000001680,,position_lat,-105333996,,position_long,1373033534,,speed,1500,mm/s,heart_rate,135,bpm,cadence,35,rpm
Data,1,record,timestamp,1000001681,,position_lat,-105334241,,position_long,1373033201,,speed,1500,mm/s,heart_rate,135,bpm,cadence,35,rpm
Data,1,record,timestamp,1000001682,,position_lat,-105334476,,position_long,1373032869,,speed,1500,mm/s,heart_rate,135,bpm,cadence,35,rpm
Data,1,record,timestamp,1000001683,,position_lat,-105334699,,position_long,1373032536,,speed,1500,mm/s,heart_rate,135,bpm,cadence,35,rpm
Data,1,record,timestamp,1000001684,,position_lat,-105334909,,position_long,1373032204,,speed,1500,mm/s,heart_rate,135,bpm,cadence,35,rpm
Data,1,record,timestamp,1000001685,,position_lat,-105335106,,position_long,1373031871,,speed,1500,mm/s,heart_rate,135,bpm,cadence,35,rpm
Data,1,record,timestamp,1000001686,,position_lat,-105335289,,position_long,1373031539,,speed,1500,mm/s,heart_rate,135,bpm,cadence,35,rpm
Data,1,record,timestamp,1000001687,,position_lat,-105335459,,position_long,1373031206,,speed,1500,mm/s,heart_rate,135,bpm,cadence,35,rpm
Data,1,record,timestamp,1000001688,,position_lat,-105335613,,position_long,1373030874,,speed,1500,mm/s,heart_rate,135,bpm,cadence,35,rpm
Data,1,record,timestamp,1000001689,,position_lat,-105335754,,position_long,1373030541,,speed,1500,mm/s,heart_rate,135,bpm,cadence,35,rpm
Data,1,record,timestamp,1000001690,,position_lat,-105335879,,position_long,1373030208,,speed,1500,mm/s,heart_rate,135,bpm,cadence,35,rpm
Data,1,record,timestamp,1000001691,,position_lat,-105335989,,position_long,1373029876,,speed,1500,mm/s,heart_rate,135,bpm,cadence,35,rpm
Data,1,record,timestamp,1000001692,,position_lat,-105336085,,position_long,1373029543,,speed,1500,mm/s,heart_rate,135,bpm,cadence,35,rpm
Data,1,record,timestamp,1000001693,,position_lat,-105336165,,position_long,1373029211,,speed,1500,mm/s,heart_rate,135,bpm,cadence,35,rpm
Data,1,record,timestamp,1000001694,,position_lat,-105336232,,position_long,1373028878,,speed,1500,mm/s,heart_rate,135,bpm,cadence,35,rpm
Data,1,record,timestamp,1000001695,,position_lat,-105336284,,position_long,1373028546,,speed,1500,mm/s,heart_rate,135,bpm,cadence,35,rpm
Data,1,record,timestamp,1000001696,,position_lat,-105336323,,position_long,1373028213,,speed,1500,mm/s,heart_rate,135,bpm,cadence,35,rpm
Data,1,record,timestamp,1000001697,,position_lat,-105336349,,position_long,1373027881,,speed,1500,mm/s,heart_rate,135,bpm,cadence,35,rpm
Data,1,record,timestamp,1000001698,,position_lat,-105336362,,position_long,1373027548,,speed,1500,mm/s,heart_rate,135,bpm,cadence,35,rpm
Data,1,record,timestamp,1000001699,,position_lat,-105336364,,position_long,1373027216,,speed,1500,mm/s,heart_rate,135,bpm,cadence,35,rpm
Data,1,record,timestamp,1000001700,,position_lat,-105336355,,position_long,1373026883,,speed,1500,mm/s,heart_rate,135,bpm,cadence,35,rpm
Data,1,record,timestamp,1000001701,,position_lat,-105336336,,position_long,1373026551,,speed,1500,mm/s,heart_rate,135,bpm,cadence,35,rpm
Data,1,record,timestamp,1000001702,,position_lat,-105336308,,position_long,1373026218,,speed,1500,mm/s,heart_rate,135,bpm,cadence,35,rpm
Data,1,record,timestamp,1000001703,,position_lat,-105336272,,position_long,1373025885,,speed,1500,mm/s,heart_rate,135,bpm,cadence,35,rpm
Data,1,record,timestamp,1000001704,,position_lat,-105336229,,position_long,1373025553,,speed,1500,mm/s,heart_rate,135,bpm,cadence,35,rpm
Data,1,record,timestamp,1000001705,,position_lat,-105336180,,position_long,1373025220,,speed,1500,mm/s,heart_rate,135,bpm,cadence,35,rpm
Data,1,record,timestamp,1000001706,,position_lat,-105336127,,position_long,1373024888,,speed,1500,mm/s,heart_rate,135,bpm,cadence,35,rpm
Data,1,record,timestamp,1000001707,,position_lat,-105336071,,position_long,1373024555,,speed,1500,mm/s,heart_rate,135,bpm,cadence,35,rpm
Data,1,record,timestamp,1000001708,,position_lat,-105336012,,position_long,1373024223,,speed,1500,mm/s,heart_rate,135,bpm,cadence,35,rpm
Data,1,record,timestamp,1000001709,,position_lat,-105335952,,position_long,1373023890,,speed,1500,mm/s,heart_rate,135,bpm,cadence,35,rpm
Data,1,record,timestamp,1000001710,,position_lat,-105335893,,position_long,1373023558,,speed,1500,mm/s,heart_rate,135,bpm,cadence,35,rpm
Data,1,record,timestamp,1000001711,,position_lat,-105335835,,position_long,1373023225,,speed,1500,mm/s,heart_rate,135,bpm,cadence,35,rpm
Data,1,record,timestamp,1000001712,,position_lat,-105335780,,position_long,1373022893,,speed,1500,mm/s,heart_rate,135,bpm,cadence,35,rpm
Data,1,record,timestamp,1000001713,,position_lat,-105335729,,position_long,1373022560,,speed,1500,mm/s,heart_rate,135,bpm,cadence,35,rpm
Data,1,record,timestamp,1000001714,,position_lat,-105335684,,position_long,1373022227,,speed,1500,mm/s,heart_rate,135,bpm,cadence,35,rpm
Data,1,record,timestamp,1000001715,,position_lat,-105335644,,position_long,1373021895,,speed,1500,mm/s,heart_rate,135,bpm,cadence,35,rpm
Data,1,record,timestamp,1000001716,,position_lat,-105335612,,position_long,1373021562,,speed,1500,mm/s,heart_rate,135,bpm,cadence,35,rpm
Data,1,record,timestamp,1000001717,,position_lat,-105335589,,position_long,1373021230,,speed,1500,mm/s,heart_rate,135,bpm,cadence,35,rpm
Data,1,record,timestamp,1000001718,,position_lat,-105335574,,position_long,1373020897,,speed,1500,mm/s,heart_rate,135,bpm,cadence,35,rpm
Data,1,record,timestamp,1000001719,,position_lat,-105335571,,position_long,1373020565,,speed,1500,mm/s,heart_rate,135,bpm,cadence,35,rpm
Data,1,record,timestamp,1000001720,,position_lat,-105335578,,position_long,1373020232,,speed,1500,mm/s,heart_rate,135,bpm,cadence,35,rpm
Data,1,record,timestamp,1000001721,,position_lat,-105335598,,position_long,1373019900,,speed,1500,mm/s,heart_rate,135,bpm,cadence,35,rpm
Data,1,record,timestamp,1000001722,,position_lat,-105335630,,position_long,1373019567,,speed,1500,mm/s,heart_rate,135,bpm,cadence,35,rpm
Data,1,record,timestamp,1000001723,,position_lat,-105335675,,position_long,1373019235,,speed,1500,mm/s,heart_rate,135,bpm,cadence,35,rpm
Data,1,record,timestamp,1000001724,,position_lat,-105335735,,position_long,1373018902,,speed,1500,mm/s,heart_rate,135,bpm,cadence,35,rpm
Data,1,record,timestamp,1000001725,,position_lat,-105335808,,position_long,1373018569,,speed,1500,mm/s,heart_rate,135,bpm,cadence,35,rpm
Data,1,record,timestamp,1000001726,,position_lat,-105335897,,position_long,1373018237,,speed,1500,mm/s,heart_rate,135,bpm,cadence,35,rpm
Data,1,record,timestamp,1000001727,,position_lat,-105336000,,position_long,1373017904,,speed,1500,mm/s,heart_rate,135,bpm,cadence,35,rpm
Data,1,record,timestamp,1000001728,,position_lat,-105336117,,position_long,1373017572,,speed,1500,mm/s,heart_rate,135,bpm,cadence,35,rpm
Data,1,record,timestamp,1000001729,,position_lat,-105336250,,position_long,1373017239,,speed,1500,mm/s,heart_rate,135,bpm,cadence,35,rpm
Data,1,record,timestamp,1000001730,,position_lat,-105336398,,position_long,1373016907,,speed,1500,mm/s,heart_rate,135,bpm,cadence,35,rpm
Data,1,record,timestamp,1000001731,,position_lat,-105336560,,position_long,1373016574,,speed,1500,mm/s,heart_rate,135,bpm,cadence,35,rpm
Data,1,record,timestamp,1000001732,,position_lat,-105336736,,position_long,1373016242,,speed,1500,mm/s,heart_rate,135,bpm,cadence,35,rpm
Data,1,record,timestamp,1000001733,,position_lat,-105336927,,position_long,1373015909,,speed,1500,mm/s,heart_rate,135,bpm,cadence,35,rpm
Data,1,record,timestamp,1000001734,,position_lat,-105337131,,position_long,1373015577,,speed,1500,mm/s,heart_rate,135,bpm,cadence,35,rpm
Data,1,record,timestamp,1000001735,,position_lat,-105337347,,position_long,1373015244,,speed,1500,mm/s,heart_rate,135,bpm,cadence,35,rpm
Data,1,record,timestamp,1000001736,,position_lat,-105337576,,position_long,1373014912,,speed,1500,mm/s,heart_rate,135,bpm,cadence,35,rpm
Data,1,record,timestamp,1000001737,,position_lat,-105337816,,position_long,1373014579,,speed,1500,mm/s,heart_rate,135,bpm,cadence,35,rpm
Data,1,record,timestamp,1000001738,,position_lat,-105338067,,position_long,1373014246,,speed,1500,mm/s,heart_rate,135,bpm,cadence,35,rpm
Data,1,record,timestamp,1000001739,,position_lat,-105338328,,position_long,1373013914,,speed,1500,mm/s,heart_rate,135,bpm,cadence,35,rpm
Data,1,record,timestamp,1000001740,,position_lat,-105338597,,position_long,1373013581,,speed,1500,mm/s,heart_rate,135,bpm,cadence,35,rpm
Data,1,record,timestamp,1000001741,,position_lat,-105338873,,position_long,1373013249,,speed,1500,mm/s,heart_rate,135,bpm,cadence,35,rpm
Data,1,record,timestamp,1000001742,,position_lat,-105339157,,position_long,1373012916,,speed,1500,mm/s,heart_rate,135,bpm,cadence,35,rpm
Data,1,record,timestamp,1000001743,,position_lat,-105339445,,position_long,1373012584,,speed,1500,mm/s,heart_rate,135,bpm,cadence,35,rpm
Data,1,record,timestamp,1000001744,,position_lat,-105339738,,position_long,1373012251,,speed,1500,mm/s,heart_rate,135,bpm,cadence,35,rpm
Data,1,record,timestamp,1000001745,,position_lat,-105340034,,position_long,1373011919,,speed,1500,mm/s,heart_rate,135,bpm,cadence,35,rpm
Data,1,record,timestamp,1000001746,,position_lat,-105340332,,position_long,1373011586,,speed,1500,mm/s,heart_rate,135,bpm,cadence,35,rpm
Data,1,record,timestamp,1000001747,,position_lat,-105340630,,position_long,1373011254,,speed,1500,mm/s,heart_rate,135,bpm,cadence,35,rpm
Data,1,record,timestamp,1000001748,,position_lat,-105340928,,position_long,1373010921,,speed,1500,mm/s,heart_rate,135,bpm,cadence,35,rpm
Data,1,record,timestamp,1000001749,,position_lat,-105341223,,position_long,1373010588,,speed,1500,mm/s,heart_rate,135,bpm,cadence,35,rpm
Data,1,record,timestamp,1000001750,,position_lat,-105341516,,position_long,1373010256,,speed,1500,mm/s,heart_rate,135,bpm,cadence,35,rpm
Data,1,record,timestamp,1000001751,,position_lat,-105341804,,position_long,1373009923,,speed,1500,mm/s,heart_rate,135,bpm,cadence,35,rpm
Data,1,record,timestamp,1000001752,,position_lat,-105342087,,position_long,1373009591,,speed,1500,mm/s,heart_rate,135,bpm,cadence,35,rpm
Data,1,record,timestamp,1000001753,,position_lat,-105342363,,position_long,1373009258,,speed,1500,mm/s,heart_rate,135,bpm,cadence,35,rpm
Data,1,record,timestamp,1000001754,,position_lat,-105342631,,position_long,1373008926,,speed,1500,mm/s,heart_rate,135,bpm,cadence,35,rpm
Data,1,record,timestamp,1000001755,,position_lat,-105342890,,position_long,1373008593,,speed,1500,mm/s,heart_rate,135,bpm,cadence,35,rpm
Data,1,record,timestamp,1000001756,,position_lat,-105343140,,position_long,1373008261,,speed,1500,mm/s,heart_rate,135,bpm,cadence,35,rpm
Data,1,record,timestamp,1000001757,,position_lat,-105343379,,position_long,1373007928,,speed,1500,mm/s,heart_rate,135,bpm,cadence,35,rpm
Data,1,record,timestamp,1000001758,,position_lat,-105343607,,position_long,1373007596,,speed,1500,mm/s,heart_rate,135,bpm,cadence,35,rpm
Data,1,record,timestamp,1000001759,,position_lat,-105343822,,position_long,1373007263,,speed,1500,mm/s,heart_rate,135,bpm,cadence,35,rpm
Data,1,record,timestamp,1000001760,,position_lat,-105344024,,position_long,1373006930,,speed,1500,mm/s,heart_rate,135,bpm,cadence,35,rpm
Data,1,record,timestamp,1000001761,,position_lat,-105344213,,position_long,1373006598,,speed,1500,mm/s,heart_rate,135,bpm,cadence,35,rpm
Data,1,record,timestamp,1000001762,,position_lat,-105344388,,position_long,1373006265,,speed,1500,mm/s,heart_rate,135,bpm,cadence,35,rpm
Data,1,record,timestamp,1000001763,,position_lat,-105344549,,position_long,1373005933,,speed,1500,mm/s,heart_rate,135,bpm,cadence,35,rpm
Data,1,record,timestamp,1000001764,,position_lat,-105344695,,position_long,1373005600,,speed,1500,mm/s,heart_rate,135,bpm,cadence,35,rpm
